-- phpMyAdmin SQL Dump
-- version 5.1.1
-- https://www.phpmyadmin.net/
--
-- Host: 127.0.0.1
-- Generation Time: Jun 10, 2022 at 11:55 AM
-- Server version: 10.4.20-MariaDB
-- PHP Version: 8.0.8

SET SQL_MODE = "NO_AUTO_VALUE_ON_ZERO";
START TRANSACTION;
SET time_zone = "+00:00";


/*!40101 SET @OLD_CHARACTER_SET_CLIENT=@@CHARACTER_SET_CLIENT */;
/*!40101 SET @OLD_CHARACTER_SET_RESULTS=@@CHARACTER_SET_RESULTS */;
/*!40101 SET @OLD_COLLATION_CONNECTION=@@COLLATION_CONNECTION */;
/*!40101 SET NAMES utf8mb4 */;

--
-- Database: `inta_hrm`
--

-- --------------------------------------------------------

--
-- Table structure for table `activity_log`
--

CREATE TABLE `activity_log` (
  `id` bigint(20) UNSIGNED NOT NULL,
  `com_id` bigint(20) UNSIGNED DEFAULT NULL,
  `branch_id` bigint(20) UNSIGNED DEFAULT NULL,
  `user_id` bigint(20) UNSIGNED DEFAULT NULL,
  `table` varchar(150) COLLATE utf8mb4_unicode_ci DEFAULT NULL,
  `row_id` int(11) DEFAULT NULL,
  `action_id` int(11) DEFAULT NULL,
  `title` text COLLATE utf8mb4_unicode_ci NOT NULL,
  `created_at` timestamp NULL DEFAULT NULL,
  `updated_at` timestamp NULL DEFAULT NULL
) ENGINE=InnoDB DEFAULT CHARSET=utf8mb4 COLLATE=utf8mb4_unicode_ci;

-- --------------------------------------------------------

--
-- Table structure for table `addresses`
--

CREATE TABLE `addresses` (
  `id` bigint(20) UNSIGNED NOT NULL,
  `type` enum('primary','present','permanent') COLLATE utf8mb4_unicode_ci NOT NULL DEFAULT 'primary',
  `address` longtext COLLATE utf8mb4_unicode_ci DEFAULT NULL,
  `city` varchar(150) COLLATE utf8mb4_unicode_ci DEFAULT NULL,
  `state` varchar(150) COLLATE utf8mb4_unicode_ci DEFAULT NULL,
  `country_id` varchar(150) COLLATE utf8mb4_unicode_ci DEFAULT NULL,
  `addressable_id` int(10) UNSIGNED NOT NULL,
  `addressable_type` varchar(150) COLLATE utf8mb4_unicode_ci NOT NULL,
  `status` tinyint(4) DEFAULT 0,
  `created_at` timestamp NULL DEFAULT NULL,
  `updated_at` timestamp NULL DEFAULT NULL
) ENGINE=InnoDB DEFAULT CHARSET=utf8mb4 COLLATE=utf8mb4_unicode_ci;

-- --------------------------------------------------------

--
-- Table structure for table `attendances`
--

CREATE TABLE `attendances` (
  `id` bigint(20) UNSIGNED NOT NULL,
  `com_id` bigint(20) UNSIGNED DEFAULT NULL,
  `branch_id` bigint(20) UNSIGNED DEFAULT NULL,
  `employee_id` bigint(20) UNSIGNED DEFAULT NULL,
  `device_ip` varchar(150) COLLATE utf8mb4_unicode_ci DEFAULT NULL,
  `checkin_time` datetime DEFAULT NULL,
  `checkout_time` datetime DEFAULT NULL,
  `attendance_date` date DEFAULT NULL,
  `overtime` decimal(6,2) DEFAULT NULL,
  `working_hour` decimal(6,2) DEFAULT NULL,
  `late` decimal(6,2) DEFAULT 0.00,
  `status` tinyint(4) DEFAULT 0,
  `created_at` timestamp NULL DEFAULT NULL,
  `updated_at` timestamp NULL DEFAULT NULL
) ENGINE=InnoDB DEFAULT CHARSET=utf8mb4 COLLATE=utf8mb4_unicode_ci;

--
-- Dumping data for table `attendances`
--

INSERT INTO `attendances` (`id`, `com_id`, `branch_id`, `employee_id`, `device_ip`, `checkin_time`, `checkout_time`, `attendance_date`, `overtime`, `working_hour`, `late`, `status`, `created_at`, `updated_at`) VALUES
(1, 1, 1, 1, NULL, '2022-01-01 08:00:00', '2022-01-01 16:00:00', '2022-01-01', '0.00', '8.00', '0.00', 1, '2021-12-31 18:00:00', '2021-12-31 18:00:00'),
(2, 1, 1, 1, NULL, '2022-01-02 08:00:00', '2022-01-02 16:00:00', '2022-01-02', '0.00', '8.00', '0.00', 1, '2022-01-01 18:00:00', '2022-01-01 18:00:00'),
(3, 1, 1, 1, NULL, '2022-01-03 08:00:00', '2022-01-03 16:00:00', '2022-01-03', '0.00', '8.00', '0.00', 1, '2022-01-02 18:00:00', '2022-01-02 18:00:00'),
(4, 1, 1, 1, NULL, '2022-01-04 08:00:00', '2022-01-04 16:00:00', '2022-01-04', '0.00', '8.00', '0.00', 1, '2022-01-03 18:00:00', '2022-01-03 18:00:00'),
(5, 1, 1, 1, NULL, '2022-01-05 08:00:00', '2022-01-05 16:00:00', '2022-01-05', '0.00', '8.00', '0.00', 1, '2022-01-04 18:00:00', '2022-01-04 18:00:00'),
(6, 1, 1, 1, NULL, '2022-01-06 08:00:00', '2022-01-06 16:00:00', '2022-01-06', '0.00', '8.00', '0.00', 1, '2022-01-05 18:00:00', '2022-01-05 18:00:00'),
(7, 1, 1, 1, NULL, '2022-01-08 08:00:00', '2022-01-08 16:00:00', '2022-01-08', '0.00', '8.00', '0.00', 1, '2022-01-07 18:00:00', '2022-01-07 18:00:00'),
(8, 1, 1, 1, NULL, '2022-01-09 08:00:00', '2022-01-09 16:00:00', '2022-01-09', '0.00', '8.00', '0.00', 1, '2022-01-08 18:00:00', '2022-01-08 18:00:00'),
(9, 1, 1, 1, NULL, '2022-01-10 08:00:00', '2022-01-10 16:00:00', '2022-01-10', '0.00', '8.00', '0.00', 1, '2022-01-09 18:00:00', '2022-01-09 18:00:00'),
(10, 1, 1, 1, NULL, '2022-01-11 08:00:00', '2022-01-11 16:00:00', '2022-01-11', '0.00', '8.00', '0.00', 1, '2022-01-10 18:00:00', '2022-01-10 18:00:00'),
(11, 1, 1, 1, NULL, '2022-01-12 08:00:00', '2022-01-12 16:00:00', '2022-01-12', '0.00', '8.00', '0.00', 1, '2022-01-11 18:00:00', '2022-01-11 18:00:00'),
(12, 1, 1, 1, NULL, '2022-01-13 08:00:00', '2022-01-13 16:00:00', '2022-01-13', '0.00', '8.00', '0.00', 1, '2022-01-12 18:00:00', '2022-01-12 18:00:00'),
(13, 1, 1, 1, NULL, '2022-01-15 08:00:00', '2022-01-15 16:00:00', '2022-01-15', '0.00', '8.00', '0.00', 1, '2022-01-14 18:00:00', '2022-01-14 18:00:00'),
(14, 1, 1, 1, NULL, '2022-01-16 08:00:00', '2022-01-16 16:00:00', '2022-01-16', '0.00', '8.00', '0.00', 1, '2022-01-15 18:00:00', '2022-01-15 18:00:00'),
(15, 1, 1, 1, NULL, '2022-01-17 08:00:00', '2022-01-17 16:00:00', '2022-01-17', '0.00', '8.00', '0.00', 1, '2022-01-16 18:00:00', '2022-01-16 18:00:00'),
(16, 1, 1, 1, NULL, '2022-01-18 08:00:00', '2022-01-18 16:00:00', '2022-01-18', '0.00', '8.00', '0.00', 1, '2022-01-17 18:00:00', '2022-01-17 18:00:00'),
(17, 1, 1, 1, NULL, '2022-01-19 08:00:00', '2022-01-19 16:00:00', '2022-01-19', '0.00', '8.00', '0.00', 1, '2022-01-18 18:00:00', '2022-01-18 18:00:00'),
(18, 1, 1, 1, NULL, '2022-01-20 08:00:00', '2022-01-20 16:00:00', '2022-01-20', '0.00', '8.00', '0.00', 1, '2022-01-19 18:00:00', '2022-01-19 18:00:00'),
(19, 1, 1, 1, NULL, '2022-01-22 08:00:00', '2022-01-22 16:00:00', '2022-01-22', '0.00', '8.00', '0.00', 1, '2022-01-21 18:00:00', '2022-01-21 18:00:00'),
(20, 1, 1, 1, NULL, '2022-01-23 08:00:00', '2022-01-23 16:00:00', '2022-01-23', '0.00', '8.00', '0.00', 1, '2022-01-22 18:00:00', '2022-01-22 18:00:00'),
(21, 1, 1, 1, NULL, '2022-01-24 08:00:00', '2022-01-24 16:00:00', '2022-01-24', '0.00', '8.00', '0.00', 1, '2022-01-23 18:00:00', '2022-01-23 18:00:00'),
(22, 1, 1, 1, NULL, '2022-01-25 08:00:00', '2022-01-25 16:00:00', '2022-01-25', '0.00', '8.00', '0.00', 1, '2022-01-24 18:00:00', '2022-01-24 18:00:00'),
(23, 1, 1, 1, NULL, '2022-01-26 08:00:00', '2022-01-26 16:00:00', '2022-01-26', '0.00', '8.00', '0.00', 1, '2022-01-25 18:00:00', '2022-01-25 18:00:00'),
(24, 1, 1, 1, NULL, '2022-01-27 08:00:00', '2022-01-27 16:00:00', '2022-01-27', '0.00', '8.00', '0.00', 1, '2022-01-26 18:00:00', '2022-01-26 18:00:00'),
(25, 1, NULL, 2, NULL, '2022-01-01 08:00:00', '2022-01-01 16:00:00', '2022-01-01', '0.00', '8.00', '0.00', 1, '2021-12-31 18:00:00', '2021-12-31 18:00:00'),
(26, 1, NULL, 2, NULL, '2022-01-02 08:00:00', '2022-01-02 16:00:00', '2022-01-02', '0.00', '8.00', '0.00', 1, '2022-01-01 18:00:00', '2022-01-01 18:00:00'),
(27, 1, NULL, 2, NULL, '2022-01-03 08:00:00', '2022-01-03 16:00:00', '2022-01-03', '0.00', '8.00', '0.00', 1, '2022-01-02 18:00:00', '2022-01-02 18:00:00'),
(28, 1, NULL, 2, NULL, '2022-01-04 08:00:00', '2022-01-04 16:00:00', '2022-01-04', '0.00', '8.00', '0.00', 1, '2022-01-03 18:00:00', '2022-01-03 18:00:00'),
(29, 1, NULL, 2, NULL, '2022-01-05 08:00:00', '2022-01-05 16:00:00', '2022-01-05', '0.00', '8.00', '0.00', 1, '2022-01-04 18:00:00', '2022-01-04 18:00:00'),
(30, 1, NULL, 2, NULL, '2022-01-06 08:00:00', '2022-01-06 16:00:00', '2022-01-06', '0.00', '8.00', '0.00', 1, '2022-01-05 18:00:00', '2022-01-05 18:00:00'),
(31, 1, NULL, 2, NULL, '2022-01-08 08:00:00', '2022-01-08 16:00:00', '2022-01-08', '0.00', '8.00', '0.00', 1, '2022-01-07 18:00:00', '2022-01-07 18:00:00'),
(32, 1, NULL, 2, NULL, '2022-01-09 08:00:00', '2022-01-09 16:00:00', '2022-01-09', '0.00', '8.00', '0.00', 1, '2022-01-08 18:00:00', '2022-01-08 18:00:00'),
(33, 1, NULL, 2, NULL, '2022-01-10 08:00:00', '2022-01-10 16:00:00', '2022-01-10', '0.00', '8.00', '0.00', 1, '2022-01-09 18:00:00', '2022-01-09 18:00:00'),
(34, 1, NULL, 2, NULL, '2022-01-11 08:00:00', '2022-01-11 16:00:00', '2022-01-11', '0.00', '8.00', '0.00', 1, '2022-01-10 18:00:00', '2022-01-10 18:00:00'),
(35, 1, NULL, 2, NULL, '2022-01-12 08:00:00', '2022-01-12 16:00:00', '2022-01-12', '0.00', '8.00', '0.00', 1, '2022-01-11 18:00:00', '2022-01-11 18:00:00'),
(36, 1, NULL, 2, NULL, '2022-01-13 08:00:00', '2022-01-13 16:00:00', '2022-01-13', '0.00', '8.00', '0.00', 1, '2022-01-12 18:00:00', '2022-01-12 18:00:00'),
(37, 1, NULL, 2, NULL, '2022-01-15 08:00:00', '2022-01-15 16:00:00', '2022-01-15', '0.00', '8.00', '0.00', 1, '2022-01-14 18:00:00', '2022-01-14 18:00:00'),
(38, 1, NULL, 2, NULL, '2022-01-16 08:00:00', '2022-01-16 16:00:00', '2022-01-16', '0.00', '8.00', '0.00', 1, '2022-01-15 18:00:00', '2022-01-15 18:00:00'),
(39, 1, NULL, 2, NULL, '2022-01-17 08:00:00', '2022-01-17 16:00:00', '2022-01-17', '0.00', '8.00', '0.00', 1, '2022-01-16 18:00:00', '2022-01-16 18:00:00'),
(40, 1, NULL, 2, NULL, '2022-01-18 08:00:00', '2022-01-18 16:00:00', '2022-01-18', '0.00', '8.00', '0.00', 1, '2022-01-17 18:00:00', '2022-01-17 18:00:00'),
(41, 1, NULL, 2, NULL, '2022-01-19 08:00:00', '2022-01-19 16:00:00', '2022-01-19', '0.00', '8.00', '0.00', 1, '2022-01-18 18:00:00', '2022-01-18 18:00:00'),
(42, 1, NULL, 2, NULL, '2022-01-20 08:00:00', '2022-01-20 16:00:00', '2022-01-20', '0.00', '8.00', '0.00', 1, '2022-01-19 18:00:00', '2022-01-19 18:00:00'),
(43, 1, NULL, 2, NULL, '2022-01-22 08:00:00', '2022-01-22 16:00:00', '2022-01-22', '0.00', '8.00', '0.00', 1, '2022-01-21 18:00:00', '2022-01-21 18:00:00'),
(44, 1, NULL, 2, NULL, '2022-01-23 08:00:00', '2022-01-23 16:00:00', '2022-01-23', '0.00', '8.00', '0.00', 1, '2022-01-22 18:00:00', '2022-01-22 18:00:00'),
(45, 1, NULL, 2, NULL, '2022-01-24 08:00:00', '2022-01-24 16:00:00', '2022-01-24', '0.00', '8.00', '0.00', 1, '2022-01-23 18:00:00', '2022-01-23 18:00:00'),
(46, 1, NULL, 2, NULL, '2022-01-25 08:00:00', '2022-01-25 16:00:00', '2022-01-25', '0.00', '8.00', '0.00', 1, '2022-01-24 18:00:00', '2022-01-24 18:00:00'),
(47, 1, NULL, 2, NULL, '2022-01-26 08:00:00', '2022-01-26 16:00:00', '2022-01-26', '0.00', '8.00', '0.00', 1, '2022-01-25 18:00:00', '2022-01-25 18:00:00'),
(48, 1, NULL, 2, NULL, '2022-01-27 08:00:00', '2022-01-27 16:00:00', '2022-01-27', '0.00', '8.00', '0.00', 1, '2022-01-26 18:00:00', '2022-01-26 18:00:00'),
(49, 1, NULL, 2, NULL, '2022-01-29 08:00:00', '2022-01-29 16:00:00', '2022-01-29', '0.00', '8.00', '0.00', 1, '2022-01-28 18:00:00', '2022-01-28 18:00:00'),
(50, 1, NULL, 2, NULL, '2022-01-30 08:00:00', '2022-01-30 16:00:00', '2022-01-30', '0.00', '8.00', '0.00', 1, '2022-01-29 18:00:00', '2022-01-29 18:00:00'),
(51, 1, NULL, 2, NULL, '2022-01-31 08:00:00', '2022-01-31 16:00:00', '2022-01-31', '0.00', '8.00', '0.00', 1, '2022-01-30 18:00:00', '2022-01-30 18:00:00'),
(52, 1, 1, 3, NULL, '2022-01-01 08:00:00', '2022-01-01 16:00:00', '2022-01-01', '0.00', '8.00', '0.00', 1, '2021-12-31 18:00:00', '2021-12-31 18:00:00'),
(53, 1, 1, 3, NULL, '2022-01-02 08:00:00', '2022-01-02 16:00:00', '2022-01-02', '0.00', '8.00', '0.00', 1, '2022-01-01 18:00:00', '2022-01-01 18:00:00'),
(54, 1, 1, 3, NULL, '2022-01-03 08:00:00', '2022-01-03 16:00:00', '2022-01-03', '0.00', '8.00', '0.00', 1, '2022-01-02 18:00:00', '2022-01-02 18:00:00'),
(55, 1, 1, 3, NULL, '2022-01-04 08:00:00', '2022-01-04 16:00:00', '2022-01-04', '0.00', '8.00', '0.00', 1, '2022-01-03 18:00:00', '2022-01-03 18:00:00'),
(56, 1, 1, 3, NULL, '2022-01-05 08:00:00', '2022-01-05 16:00:00', '2022-01-05', '0.00', '8.00', '0.00', 1, '2022-01-04 18:00:00', '2022-01-04 18:00:00'),
(57, 1, 1, 3, NULL, '2022-01-06 08:00:00', '2022-01-06 16:00:00', '2022-01-06', '0.00', '8.00', '0.00', 1, '2022-01-05 18:00:00', '2022-01-05 18:00:00'),
(58, 1, 1, 3, NULL, '2022-01-08 08:00:00', '2022-01-08 16:00:00', '2022-01-08', '0.00', '8.00', '0.00', 1, '2022-01-07 18:00:00', '2022-01-07 18:00:00'),
(59, 1, 1, 3, NULL, '2022-01-09 08:00:00', '2022-01-09 16:00:00', '2022-01-09', '0.00', '8.00', '0.00', 1, '2022-01-08 18:00:00', '2022-01-08 18:00:00'),
(60, 1, 1, 3, NULL, '2022-01-10 08:00:00', '2022-01-10 16:00:00', '2022-01-10', '0.00', '8.00', '0.00', 1, '2022-01-09 18:00:00', '2022-01-09 18:00:00'),
(61, 1, 1, 3, NULL, '2022-01-11 08:00:00', '2022-01-11 16:00:00', '2022-01-11', '0.00', '8.00', '0.00', 1, '2022-01-10 18:00:00', '2022-01-10 18:00:00'),
(62, 1, 1, 3, NULL, '2022-01-12 08:00:00', '2022-01-12 16:00:00', '2022-01-12', '0.00', '8.00', '0.00', 1, '2022-01-11 18:00:00', '2022-01-11 18:00:00'),
(63, 1, 1, 3, NULL, '2022-01-13 08:00:00', '2022-01-13 16:00:00', '2022-01-13', '0.00', '8.00', '0.00', 1, '2022-01-12 18:00:00', '2022-01-12 18:00:00'),
(64, 1, 1, 3, NULL, '2022-01-15 08:00:00', '2022-01-15 16:00:00', '2022-01-15', '0.00', '8.00', '0.00', 1, '2022-01-14 18:00:00', '2022-01-14 18:00:00'),
(65, 1, 1, 3, NULL, '2022-01-16 08:00:00', '2022-01-16 16:00:00', '2022-01-16', '0.00', '8.00', '0.00', 1, '2022-01-15 18:00:00', '2022-01-15 18:00:00'),
(66, 1, 1, 3, NULL, '2022-01-17 08:00:00', '2022-01-17 16:00:00', '2022-01-17', '0.00', '8.00', '0.00', 1, '2022-01-16 18:00:00', '2022-01-16 18:00:00'),
(67, 1, 1, 3, NULL, '2022-01-18 08:00:00', '2022-01-18 16:00:00', '2022-01-18', '0.00', '8.00', '0.00', 1, '2022-01-17 18:00:00', '2022-01-17 18:00:00'),
(68, 1, 1, 3, NULL, '2022-01-19 08:00:00', '2022-01-19 16:00:00', '2022-01-19', '0.00', '8.00', '0.00', 1, '2022-01-18 18:00:00', '2022-01-18 18:00:00'),
(69, 1, 1, 3, NULL, '2022-01-20 08:00:00', '2022-01-20 16:00:00', '2022-01-20', '0.00', '8.00', '0.00', 1, '2022-01-19 18:00:00', '2022-01-19 18:00:00'),
(70, 1, 1, 3, NULL, '2022-01-22 08:00:00', '2022-01-22 16:00:00', '2022-01-22', '0.00', '8.00', '0.00', 1, '2022-01-21 18:00:00', '2022-01-21 18:00:00'),
(71, 1, 1, 3, NULL, '2022-01-23 08:00:00', '2022-01-23 16:00:00', '2022-01-23', '0.00', '8.00', '0.00', 1, '2022-01-22 18:00:00', '2022-01-22 18:00:00'),
(72, 1, 1, 3, NULL, '2022-01-24 08:00:00', '2022-01-24 16:00:00', '2022-01-24', '0.00', '8.00', '0.00', 1, '2022-01-23 18:00:00', '2022-01-23 18:00:00'),
(73, 1, 1, 3, NULL, '2022-01-25 08:00:00', '2022-01-25 16:00:00', '2022-01-25', '0.00', '8.00', '0.00', 1, '2022-01-24 18:00:00', '2022-01-24 18:00:00'),
(74, 1, 1, 3, NULL, '2022-01-26 08:00:00', '2022-01-26 16:00:00', '2022-01-26', '0.00', '8.00', '0.00', 1, '2022-01-25 18:00:00', '2022-01-25 18:00:00'),
(75, 1, 1, 3, NULL, '2022-01-27 08:00:00', '2022-01-27 16:00:00', '2022-01-27', '0.00', '8.00', '0.00', 1, '2022-01-26 18:00:00', '2022-01-26 18:00:00'),
(76, 1, NULL, 4, NULL, '2022-01-01 08:00:00', '2022-01-01 16:00:00', '2022-01-01', '0.00', '8.00', '0.00', 1, '2021-12-31 18:00:00', '2021-12-31 18:00:00'),
(77, 1, NULL, 4, NULL, '2022-01-02 08:00:00', '2022-01-02 16:00:00', '2022-01-02', '0.00', '8.00', '0.00', 1, '2022-01-01 18:00:00', '2022-01-01 18:00:00'),
(78, 1, NULL, 4, NULL, '2022-01-03 08:00:00', '2022-01-03 16:00:00', '2022-01-03', '0.00', '8.00', '0.00', 1, '2022-01-02 18:00:00', '2022-01-02 18:00:00'),
(79, 1, NULL, 4, NULL, '2022-01-04 08:00:00', '2022-01-04 16:00:00', '2022-01-04', '0.00', '8.00', '0.00', 1, '2022-01-03 18:00:00', '2022-01-03 18:00:00'),
(80, 1, NULL, 4, NULL, '2022-01-05 08:00:00', '2022-01-05 16:00:00', '2022-01-05', '0.00', '8.00', '0.00', 1, '2022-01-04 18:00:00', '2022-01-04 18:00:00'),
(81, 1, NULL, 4, NULL, '2022-01-06 08:00:00', '2022-01-06 16:00:00', '2022-01-06', '0.00', '8.00', '0.00', 1, '2022-01-05 18:00:00', '2022-01-05 18:00:00'),
(82, 1, NULL, 4, NULL, '2022-01-08 08:00:00', '2022-01-08 16:00:00', '2022-01-08', '0.00', '8.00', '0.00', 1, '2022-01-07 18:00:00', '2022-01-07 18:00:00'),
(83, 1, NULL, 4, NULL, '2022-01-09 08:00:00', '2022-01-09 16:00:00', '2022-01-09', '0.00', '8.00', '0.00', 1, '2022-01-08 18:00:00', '2022-01-08 18:00:00'),
(84, 1, NULL, 4, NULL, '2022-01-10 08:00:00', '2022-01-10 16:00:00', '2022-01-10', '0.00', '8.00', '0.00', 1, '2022-01-09 18:00:00', '2022-01-09 18:00:00'),
(85, 1, NULL, 4, NULL, '2022-01-11 08:00:00', '2022-01-11 16:00:00', '2022-01-11', '0.00', '8.00', '0.00', 1, '2022-01-10 18:00:00', '2022-01-10 18:00:00'),
(86, 1, NULL, 4, NULL, '2022-01-12 08:00:00', '2022-01-12 16:00:00', '2022-01-12', '0.00', '8.00', '0.00', 1, '2022-01-11 18:00:00', '2022-01-11 18:00:00'),
(87, 1, NULL, 4, NULL, '2022-01-13 08:00:00', '2022-01-13 16:00:00', '2022-01-13', '0.00', '8.00', '0.00', 1, '2022-01-12 18:00:00', '2022-01-12 18:00:00'),
(88, 1, NULL, 4, NULL, '2022-01-15 08:00:00', '2022-01-15 16:00:00', '2022-01-15', '0.00', '8.00', '0.00', 1, '2022-01-14 18:00:00', '2022-01-14 18:00:00'),
(89, 1, NULL, 4, NULL, '2022-01-16 08:00:00', '2022-01-16 16:00:00', '2022-01-16', '0.00', '8.00', '0.00', 1, '2022-01-15 18:00:00', '2022-01-15 18:00:00'),
(90, 1, NULL, 4, NULL, '2022-01-17 08:00:00', '2022-01-17 16:00:00', '2022-01-17', '0.00', '8.00', '0.00', 1, '2022-01-16 18:00:00', '2022-01-16 18:00:00'),
(91, 1, NULL, 4, NULL, '2022-01-18 08:00:00', '2022-01-18 16:00:00', '2022-01-18', '0.00', '8.00', '0.00', 1, '2022-01-17 18:00:00', '2022-01-17 18:00:00'),
(92, 1, NULL, 4, NULL, '2022-01-19 08:00:00', '2022-01-19 16:00:00', '2022-01-19', '0.00', '8.00', '0.00', 1, '2022-01-18 18:00:00', '2022-01-18 18:00:00'),
(93, 1, NULL, 4, NULL, '2022-01-20 08:00:00', '2022-01-20 16:00:00', '2022-01-20', '0.00', '8.00', '0.00', 1, '2022-01-19 18:00:00', '2022-01-19 18:00:00'),
(94, 1, NULL, 4, NULL, '2022-01-22 08:00:00', '2022-01-22 16:00:00', '2022-01-22', '0.00', '8.00', '0.00', 1, '2022-01-21 18:00:00', '2022-01-21 18:00:00'),
(95, 1, NULL, 4, NULL, '2022-01-23 08:00:00', '2022-01-23 16:00:00', '2022-01-23', '0.00', '8.00', '0.00', 1, '2022-01-22 18:00:00', '2022-01-22 18:00:00'),
(96, 1, NULL, 4, NULL, '2022-01-24 08:00:00', '2022-01-24 16:00:00', '2022-01-24', '0.00', '8.00', '0.00', 1, '2022-01-23 18:00:00', '2022-01-23 18:00:00'),
(97, 1, NULL, 4, NULL, '2022-01-25 08:00:00', '2022-01-25 16:00:00', '2022-01-25', '0.00', '8.00', '0.00', 1, '2022-01-24 18:00:00', '2022-01-24 18:00:00'),
(98, 1, NULL, 4, NULL, '2022-01-26 08:00:00', '2022-01-26 16:00:00', '2022-01-26', '0.00', '8.00', '0.00', 1, '2022-01-25 18:00:00', '2022-01-25 18:00:00'),
(99, 1, NULL, 4, NULL, '2022-01-27 08:00:00', '2022-01-27 16:00:00', '2022-01-27', '0.00', '8.00', '0.00', 1, '2022-01-26 18:00:00', '2022-01-26 18:00:00'),
(100, 1, NULL, 4, NULL, '2022-01-29 08:00:00', '2022-01-29 16:00:00', '2022-01-29', '0.00', '8.00', '0.00', 1, '2022-01-28 18:00:00', '2022-01-28 18:00:00'),
(101, 1, NULL, 4, NULL, '2022-01-30 08:00:00', '2022-01-30 16:00:00', '2022-01-30', '0.00', '8.00', '0.00', 1, '2022-01-29 18:00:00', '2022-01-29 18:00:00'),
(102, 1, NULL, 4, NULL, '2022-01-31 08:00:00', '2022-01-31 16:00:00', '2022-01-31', '0.00', '8.00', '0.00', 1, '2022-01-30 18:00:00', '2022-01-30 18:00:00'),
(103, 1, 1, 5, NULL, '2022-01-01 08:00:00', '2022-01-01 16:00:00', '2022-01-01', '0.00', '8.00', '0.00', 1, '2021-12-31 18:00:00', '2021-12-31 18:00:00'),
(104, 1, 1, 5, NULL, '2022-01-02 08:00:00', '2022-01-02 16:00:00', '2022-01-02', '0.00', '8.00', '0.00', 1, '2022-01-01 18:00:00', '2022-01-01 18:00:00'),
(105, 1, 1, 5, NULL, '2022-01-03 08:00:00', '2022-01-03 16:00:00', '2022-01-03', '0.00', '8.00', '0.00', 1, '2022-01-02 18:00:00', '2022-01-02 18:00:00'),
(106, 1, 1, 5, NULL, '2022-01-04 08:00:00', '2022-01-04 16:00:00', '2022-01-04', '0.00', '8.00', '0.00', 1, '2022-01-03 18:00:00', '2022-01-03 18:00:00'),
(107, 1, 1, 5, NULL, '2022-01-05 08:00:00', '2022-01-05 16:00:00', '2022-01-05', '0.00', '8.00', '0.00', 1, '2022-01-04 18:00:00', '2022-01-04 18:00:00'),
(108, 1, 1, 5, NULL, '2022-01-06 08:00:00', '2022-01-06 16:00:00', '2022-01-06', '0.00', '8.00', '0.00', 1, '2022-01-05 18:00:00', '2022-01-05 18:00:00'),
(109, 1, 1, 5, NULL, '2022-01-08 08:00:00', '2022-01-08 16:00:00', '2022-01-08', '0.00', '8.00', '0.00', 1, '2022-01-07 18:00:00', '2022-01-07 18:00:00'),
(110, 1, 1, 5, NULL, '2022-01-09 08:00:00', '2022-01-09 16:00:00', '2022-01-09', '0.00', '8.00', '0.00', 1, '2022-01-08 18:00:00', '2022-01-08 18:00:00'),
(111, 1, 1, 5, NULL, '2022-01-10 08:00:00', '2022-01-10 16:00:00', '2022-01-10', '0.00', '8.00', '0.00', 1, '2022-01-09 18:00:00', '2022-01-09 18:00:00'),
(112, 1, 1, 5, NULL, '2022-01-11 08:00:00', '2022-01-11 16:00:00', '2022-01-11', '0.00', '8.00', '0.00', 1, '2022-01-10 18:00:00', '2022-01-10 18:00:00'),
(113, 1, 1, 5, NULL, '2022-01-12 08:00:00', '2022-01-12 16:00:00', '2022-01-12', '0.00', '8.00', '0.00', 1, '2022-01-11 18:00:00', '2022-01-11 18:00:00'),
(114, 1, 1, 5, NULL, '2022-01-13 08:00:00', '2022-01-13 16:00:00', '2022-01-13', '0.00', '8.00', '0.00', 1, '2022-01-12 18:00:00', '2022-01-12 18:00:00'),
(115, 1, 1, 5, NULL, '2022-01-15 08:00:00', '2022-01-15 16:00:00', '2022-01-15', '0.00', '8.00', '0.00', 1, '2022-01-14 18:00:00', '2022-01-14 18:00:00'),
(116, 1, 1, 5, NULL, '2022-01-16 08:00:00', '2022-01-16 16:00:00', '2022-01-16', '0.00', '8.00', '0.00', 1, '2022-01-15 18:00:00', '2022-01-15 18:00:00'),
(117, 1, 1, 5, NULL, '2022-01-17 08:00:00', '2022-01-17 16:00:00', '2022-01-17', '0.00', '8.00', '0.00', 1, '2022-01-16 18:00:00', '2022-01-16 18:00:00'),
(118, 1, 1, 5, NULL, '2022-01-18 08:00:00', '2022-01-18 16:00:00', '2022-01-18', '0.00', '8.00', '0.00', 1, '2022-01-17 18:00:00', '2022-01-17 18:00:00'),
(119, 1, 1, 5, NULL, '2022-01-19 08:00:00', '2022-01-19 16:00:00', '2022-01-19', '0.00', '8.00', '0.00', 1, '2022-01-18 18:00:00', '2022-01-18 18:00:00'),
(120, 1, 1, 5, NULL, '2022-01-20 08:00:00', '2022-01-20 16:00:00', '2022-01-20', '0.00', '8.00', '0.00', 1, '2022-01-19 18:00:00', '2022-01-19 18:00:00'),
(121, 1, 1, 5, NULL, '2022-01-22 08:00:00', '2022-01-22 16:00:00', '2022-01-22', '0.00', '8.00', '0.00', 1, '2022-01-21 18:00:00', '2022-01-21 18:00:00'),
(122, 1, 1, 5, NULL, '2022-01-23 08:00:00', '2022-01-23 16:00:00', '2022-01-23', '0.00', '8.00', '0.00', 1, '2022-01-22 18:00:00', '2022-01-22 18:00:00'),
(123, 1, 1, 5, NULL, '2022-01-24 08:00:00', '2022-01-24 16:00:00', '2022-01-24', '0.00', '8.00', '0.00', 1, '2022-01-23 18:00:00', '2022-01-23 18:00:00'),
(124, 1, 1, 5, NULL, '2022-01-25 08:00:00', '2022-01-25 16:00:00', '2022-01-25', '0.00', '8.00', '0.00', 1, '2022-01-24 18:00:00', '2022-01-24 18:00:00'),
(125, 1, 1, 5, NULL, '2022-01-26 08:00:00', '2022-01-26 16:00:00', '2022-01-26', '0.00', '8.00', '0.00', 1, '2022-01-25 18:00:00', '2022-01-25 18:00:00'),
(126, 1, 1, 5, NULL, '2022-01-27 08:00:00', '2022-01-27 16:00:00', '2022-01-27', '0.00', '8.00', '0.00', 1, '2022-01-26 18:00:00', '2022-01-26 18:00:00'),
(127, 1, NULL, 6, NULL, '2022-01-01 08:00:00', '2022-01-01 16:00:00', '2022-01-01', '0.00', '8.00', '0.00', 1, '2021-12-31 18:00:00', '2021-12-31 18:00:00'),
(128, 1, NULL, 6, NULL, '2022-01-02 08:00:00', '2022-01-02 16:00:00', '2022-01-02', '0.00', '8.00', '0.00', 1, '2022-01-01 18:00:00', '2022-01-01 18:00:00'),
(129, 1, NULL, 6, NULL, '2022-01-03 08:00:00', '2022-01-03 16:00:00', '2022-01-03', '0.00', '8.00', '0.00', 1, '2022-01-02 18:00:00', '2022-01-02 18:00:00'),
(130, 1, NULL, 6, NULL, '2022-01-04 08:00:00', '2022-01-04 16:00:00', '2022-01-04', '0.00', '8.00', '0.00', 1, '2022-01-03 18:00:00', '2022-01-03 18:00:00'),
(131, 1, NULL, 6, NULL, '2022-01-05 08:00:00', '2022-01-05 16:00:00', '2022-01-05', '0.00', '8.00', '0.00', 1, '2022-01-04 18:00:00', '2022-01-04 18:00:00'),
(132, 1, NULL, 6, NULL, '2022-01-06 08:00:00', '2022-01-06 16:00:00', '2022-01-06', '0.00', '8.00', '0.00', 1, '2022-01-05 18:00:00', '2022-01-05 18:00:00'),
(133, 1, NULL, 6, NULL, '2022-01-08 08:00:00', '2022-01-08 16:00:00', '2022-01-08', '0.00', '8.00', '0.00', 1, '2022-01-07 18:00:00', '2022-01-07 18:00:00'),
(134, 1, NULL, 6, NULL, '2022-01-09 08:00:00', '2022-01-09 16:00:00', '2022-01-09', '0.00', '8.00', '0.00', 1, '2022-01-08 18:00:00', '2022-01-08 18:00:00'),
(135, 1, NULL, 6, NULL, '2022-01-10 08:00:00', '2022-01-10 16:00:00', '2022-01-10', '0.00', '8.00', '0.00', 1, '2022-01-09 18:00:00', '2022-01-09 18:00:00'),
(136, 1, NULL, 6, NULL, '2022-01-11 08:00:00', '2022-01-11 16:00:00', '2022-01-11', '0.00', '8.00', '0.00', 1, '2022-01-10 18:00:00', '2022-01-10 18:00:00'),
(137, 1, NULL, 6, NULL, '2022-01-12 08:00:00', '2022-01-12 16:00:00', '2022-01-12', '0.00', '8.00', '0.00', 1, '2022-01-11 18:00:00', '2022-01-11 18:00:00'),
(138, 1, NULL, 6, NULL, '2022-01-13 08:00:00', '2022-01-13 16:00:00', '2022-01-13', '0.00', '8.00', '0.00', 1, '2022-01-12 18:00:00', '2022-01-12 18:00:00'),
(139, 1, NULL, 6, NULL, '2022-01-15 08:00:00', '2022-01-15 16:00:00', '2022-01-15', '0.00', '8.00', '0.00', 1, '2022-01-14 18:00:00', '2022-01-14 18:00:00'),
(140, 1, NULL, 6, NULL, '2022-01-16 08:00:00', '2022-01-16 16:00:00', '2022-01-16', '0.00', '8.00', '0.00', 1, '2022-01-15 18:00:00', '2022-01-15 18:00:00'),
(141, 1, NULL, 6, NULL, '2022-01-17 08:00:00', '2022-01-17 16:00:00', '2022-01-17', '0.00', '8.00', '0.00', 1, '2022-01-16 18:00:00', '2022-01-16 18:00:00'),
(142, 1, NULL, 6, NULL, '2022-01-18 08:00:00', '2022-01-18 16:00:00', '2022-01-18', '0.00', '8.00', '0.00', 1, '2022-01-17 18:00:00', '2022-01-17 18:00:00'),
(143, 1, NULL, 6, NULL, '2022-01-19 08:00:00', '2022-01-19 16:00:00', '2022-01-19', '0.00', '8.00', '0.00', 1, '2022-01-18 18:00:00', '2022-01-18 18:00:00'),
(144, 1, NULL, 6, NULL, '2022-01-20 08:00:00', '2022-01-20 16:00:00', '2022-01-20', '0.00', '8.00', '0.00', 1, '2022-01-19 18:00:00', '2022-01-19 18:00:00'),
(145, 1, NULL, 6, NULL, '2022-01-22 08:00:00', '2022-01-22 16:00:00', '2022-01-22', '0.00', '8.00', '0.00', 1, '2022-01-21 18:00:00', '2022-01-21 18:00:00'),
(146, 1, NULL, 6, NULL, '2022-01-23 08:00:00', '2022-01-23 16:00:00', '2022-01-23', '0.00', '8.00', '0.00', 1, '2022-01-22 18:00:00', '2022-01-22 18:00:00'),
(147, 1, NULL, 6, NULL, '2022-01-24 08:00:00', '2022-01-24 16:00:00', '2022-01-24', '0.00', '8.00', '0.00', 1, '2022-01-23 18:00:00', '2022-01-23 18:00:00'),
(148, 1, NULL, 6, NULL, '2022-01-25 08:00:00', '2022-01-25 16:00:00', '2022-01-25', '0.00', '8.00', '0.00', 1, '2022-01-24 18:00:00', '2022-01-24 18:00:00'),
(149, 1, NULL, 6, NULL, '2022-01-26 08:00:00', '2022-01-26 16:00:00', '2022-01-26', '0.00', '8.00', '0.00', 1, '2022-01-25 18:00:00', '2022-01-25 18:00:00'),
(150, 1, NULL, 6, NULL, '2022-01-27 08:00:00', '2022-01-27 16:00:00', '2022-01-27', '0.00', '8.00', '0.00', 1, '2022-01-26 18:00:00', '2022-01-26 18:00:00'),
(151, 1, NULL, 6, NULL, '2022-01-29 08:00:00', '2022-01-29 16:00:00', '2022-01-29', '0.00', '8.00', '0.00', 1, '2022-01-28 18:00:00', '2022-01-28 18:00:00'),
(152, 1, NULL, 6, NULL, '2022-01-30 08:00:00', '2022-01-30 16:00:00', '2022-01-30', '0.00', '8.00', '0.00', 1, '2022-01-29 18:00:00', '2022-01-29 18:00:00'),
(153, 1, NULL, 6, NULL, '2022-01-31 08:00:00', '2022-01-31 16:00:00', '2022-01-31', '0.00', '8.00', '0.00', 1, '2022-01-30 18:00:00', '2022-01-30 18:00:00'),
(154, 1, 1, 7, NULL, '2022-01-01 08:00:00', '2022-01-01 16:00:00', '2022-01-01', '0.00', '8.00', '0.00', 1, '2021-12-31 18:00:00', '2021-12-31 18:00:00'),
(155, 1, 1, 7, NULL, '2022-01-02 08:00:00', '2022-01-02 16:00:00', '2022-01-02', '0.00', '8.00', '0.00', 1, '2022-01-01 18:00:00', '2022-01-01 18:00:00'),
(156, 1, 1, 7, NULL, '2022-01-03 08:00:00', '2022-01-03 16:00:00', '2022-01-03', '0.00', '8.00', '0.00', 1, '2022-01-02 18:00:00', '2022-01-02 18:00:00'),
(157, 1, 1, 7, NULL, '2022-01-04 08:00:00', '2022-01-04 16:00:00', '2022-01-04', '0.00', '8.00', '0.00', 1, '2022-01-03 18:00:00', '2022-01-03 18:00:00'),
(158, 1, 1, 7, NULL, '2022-01-05 08:00:00', '2022-01-05 16:00:00', '2022-01-05', '0.00', '8.00', '0.00', 1, '2022-01-04 18:00:00', '2022-01-04 18:00:00'),
(159, 1, 1, 7, NULL, '2022-01-06 08:00:00', '2022-01-06 16:00:00', '2022-01-06', '0.00', '8.00', '0.00', 1, '2022-01-05 18:00:00', '2022-01-05 18:00:00'),
(160, 1, 1, 7, NULL, '2022-01-08 08:00:00', '2022-01-08 16:00:00', '2022-01-08', '0.00', '8.00', '0.00', 1, '2022-01-07 18:00:00', '2022-01-07 18:00:00'),
(161, 1, 1, 7, NULL, '2022-01-09 08:00:00', '2022-01-09 16:00:00', '2022-01-09', '0.00', '8.00', '0.00', 1, '2022-01-08 18:00:00', '2022-01-08 18:00:00'),
(162, 1, 1, 7, NULL, '2022-01-10 08:00:00', '2022-01-10 16:00:00', '2022-01-10', '0.00', '8.00', '0.00', 1, '2022-01-09 18:00:00', '2022-01-09 18:00:00'),
(163, 1, 1, 7, NULL, '2022-01-11 08:00:00', '2022-01-11 16:00:00', '2022-01-11', '0.00', '8.00', '0.00', 1, '2022-01-10 18:00:00', '2022-01-10 18:00:00'),
(164, 1, 1, 7, NULL, '2022-01-12 08:00:00', '2022-01-12 16:00:00', '2022-01-12', '0.00', '8.00', '0.00', 1, '2022-01-11 18:00:00', '2022-01-11 18:00:00'),
(165, 1, 1, 7, NULL, '2022-01-13 08:00:00', '2022-01-13 16:00:00', '2022-01-13', '0.00', '8.00', '0.00', 1, '2022-01-12 18:00:00', '2022-01-12 18:00:00'),
(166, 1, 1, 7, NULL, '2022-01-15 08:00:00', '2022-01-15 16:00:00', '2022-01-15', '0.00', '8.00', '0.00', 1, '2022-01-14 18:00:00', '2022-01-14 18:00:00'),
(167, 1, 1, 7, NULL, '2022-01-16 08:00:00', '2022-01-16 16:00:00', '2022-01-16', '0.00', '8.00', '0.00', 1, '2022-01-15 18:00:00', '2022-01-15 18:00:00'),
(168, 1, 1, 7, NULL, '2022-01-17 08:00:00', '2022-01-17 16:00:00', '2022-01-17', '0.00', '8.00', '0.00', 1, '2022-01-16 18:00:00', '2022-01-16 18:00:00'),
(169, 1, 1, 7, NULL, '2022-01-18 08:00:00', '2022-01-18 16:00:00', '2022-01-18', '0.00', '8.00', '0.00', 1, '2022-01-17 18:00:00', '2022-01-17 18:00:00'),
(170, 1, 1, 7, NULL, '2022-01-19 08:00:00', '2022-01-19 16:00:00', '2022-01-19', '0.00', '8.00', '0.00', 1, '2022-01-18 18:00:00', '2022-01-18 18:00:00'),
(171, 1, 1, 7, NULL, '2022-01-20 08:00:00', '2022-01-20 16:00:00', '2022-01-20', '0.00', '8.00', '0.00', 1, '2022-01-19 18:00:00', '2022-01-19 18:00:00'),
(172, 1, 1, 7, NULL, '2022-01-22 08:00:00', '2022-01-22 16:00:00', '2022-01-22', '0.00', '8.00', '0.00', 1, '2022-01-21 18:00:00', '2022-01-21 18:00:00'),
(173, 1, 1, 7, NULL, '2022-01-23 08:00:00', '2022-01-23 16:00:00', '2022-01-23', '0.00', '8.00', '0.00', 1, '2022-01-22 18:00:00', '2022-01-22 18:00:00'),
(174, 1, 1, 7, NULL, '2022-01-24 08:00:00', '2022-01-24 16:00:00', '2022-01-24', '0.00', '8.00', '0.00', 1, '2022-01-23 18:00:00', '2022-01-23 18:00:00'),
(175, 1, 1, 7, NULL, '2022-01-25 08:00:00', '2022-01-25 16:00:00', '2022-01-25', '0.00', '8.00', '0.00', 1, '2022-01-24 18:00:00', '2022-01-24 18:00:00'),
(176, 1, 1, 7, NULL, '2022-01-26 08:00:00', '2022-01-26 16:00:00', '2022-01-26', '0.00', '8.00', '0.00', 1, '2022-01-25 18:00:00', '2022-01-25 18:00:00'),
(177, 1, 1, 7, NULL, '2022-01-27 08:00:00', '2022-01-27 16:00:00', '2022-01-27', '0.00', '8.00', '0.00', 1, '2022-01-26 18:00:00', '2022-01-26 18:00:00'),
(178, 1, NULL, 8, NULL, '2022-01-01 08:00:00', '2022-01-01 16:00:00', '2022-01-01', '0.00', '8.00', '0.00', 1, '2021-12-31 18:00:00', '2021-12-31 18:00:00'),
(179, 1, NULL, 8, NULL, '2022-01-02 08:00:00', '2022-01-02 16:00:00', '2022-01-02', '0.00', '8.00', '0.00', 1, '2022-01-01 18:00:00', '2022-01-01 18:00:00'),
(180, 1, NULL, 8, NULL, '2022-01-03 08:00:00', '2022-01-03 16:00:00', '2022-01-03', '0.00', '8.00', '0.00', 1, '2022-01-02 18:00:00', '2022-01-02 18:00:00'),
(181, 1, NULL, 8, NULL, '2022-01-04 08:00:00', '2022-01-04 16:00:00', '2022-01-04', '0.00', '8.00', '0.00', 1, '2022-01-03 18:00:00', '2022-01-03 18:00:00'),
(182, 1, NULL, 8, NULL, '2022-01-05 08:00:00', '2022-01-05 16:00:00', '2022-01-05', '0.00', '8.00', '0.00', 1, '2022-01-04 18:00:00', '2022-01-04 18:00:00'),
(183, 1, NULL, 8, NULL, '2022-01-06 08:00:00', '2022-01-06 16:00:00', '2022-01-06', '0.00', '8.00', '0.00', 1, '2022-01-05 18:00:00', '2022-01-05 18:00:00'),
(184, 1, NULL, 8, NULL, '2022-01-08 08:00:00', '2022-01-08 16:00:00', '2022-01-08', '0.00', '8.00', '0.00', 1, '2022-01-07 18:00:00', '2022-01-07 18:00:00'),
(185, 1, NULL, 8, NULL, '2022-01-09 08:00:00', '2022-01-09 16:00:00', '2022-01-09', '0.00', '8.00', '0.00', 1, '2022-01-08 18:00:00', '2022-01-08 18:00:00'),
(186, 1, NULL, 8, NULL, '2022-01-10 08:00:00', '2022-01-10 16:00:00', '2022-01-10', '0.00', '8.00', '0.00', 1, '2022-01-09 18:00:00', '2022-01-09 18:00:00'),
(187, 1, NULL, 8, NULL, '2022-01-11 08:00:00', '2022-01-11 16:00:00', '2022-01-11', '0.00', '8.00', '0.00', 1, '2022-01-10 18:00:00', '2022-01-10 18:00:00'),
(188, 1, NULL, 8, NULL, '2022-01-12 08:00:00', '2022-01-12 16:00:00', '2022-01-12', '0.00', '8.00', '0.00', 1, '2022-01-11 18:00:00', '2022-01-11 18:00:00'),
(189, 1, NULL, 8, NULL, '2022-01-13 08:00:00', '2022-01-13 16:00:00', '2022-01-13', '0.00', '8.00', '0.00', 1, '2022-01-12 18:00:00', '2022-01-12 18:00:00'),
(190, 1, NULL, 8, NULL, '2022-01-15 08:00:00', '2022-01-15 16:00:00', '2022-01-15', '0.00', '8.00', '0.00', 1, '2022-01-14 18:00:00', '2022-01-14 18:00:00'),
(191, 1, NULL, 8, NULL, '2022-01-16 08:00:00', '2022-01-16 16:00:00', '2022-01-16', '0.00', '8.00', '0.00', 1, '2022-01-15 18:00:00', '2022-01-15 18:00:00'),
(192, 1, NULL, 8, NULL, '2022-01-17 08:00:00', '2022-01-17 16:00:00', '2022-01-17', '0.00', '8.00', '0.00', 1, '2022-01-16 18:00:00', '2022-01-16 18:00:00'),
(193, 1, NULL, 8, NULL, '2022-01-18 08:00:00', '2022-01-18 16:00:00', '2022-01-18', '0.00', '8.00', '0.00', 1, '2022-01-17 18:00:00', '2022-01-17 18:00:00'),
(194, 1, NULL, 8, NULL, '2022-01-19 08:00:00', '2022-01-19 16:00:00', '2022-01-19', '0.00', '8.00', '0.00', 1, '2022-01-18 18:00:00', '2022-01-18 18:00:00'),
(195, 1, NULL, 8, NULL, '2022-01-20 08:00:00', '2022-01-20 16:00:00', '2022-01-20', '0.00', '8.00', '0.00', 1, '2022-01-19 18:00:00', '2022-01-19 18:00:00'),
(196, 1, NULL, 8, NULL, '2022-01-22 08:00:00', '2022-01-22 16:00:00', '2022-01-22', '0.00', '8.00', '0.00', 1, '2022-01-21 18:00:00', '2022-01-21 18:00:00'),
(197, 1, NULL, 8, NULL, '2022-01-23 08:00:00', '2022-01-23 16:00:00', '2022-01-23', '0.00', '8.00', '0.00', 1, '2022-01-22 18:00:00', '2022-01-22 18:00:00'),
(198, 1, NULL, 8, NULL, '2022-01-24 08:00:00', '2022-01-24 16:00:00', '2022-01-24', '0.00', '8.00', '0.00', 1, '2022-01-23 18:00:00', '2022-01-23 18:00:00'),
(199, 1, NULL, 8, NULL, '2022-01-25 08:00:00', '2022-01-25 16:00:00', '2022-01-25', '0.00', '8.00', '0.00', 1, '2022-01-24 18:00:00', '2022-01-24 18:00:00'),
(200, 1, NULL, 8, NULL, '2022-01-26 08:00:00', '2022-01-26 16:00:00', '2022-01-26', '0.00', '8.00', '0.00', 1, '2022-01-25 18:00:00', '2022-01-25 18:00:00'),
(201, 1, NULL, 8, NULL, '2022-01-27 08:00:00', '2022-01-27 16:00:00', '2022-01-27', '0.00', '8.00', '0.00', 1, '2022-01-26 18:00:00', '2022-01-26 18:00:00'),
(202, 1, NULL, 8, NULL, '2022-01-29 08:00:00', '2022-01-29 16:00:00', '2022-01-29', '0.00', '8.00', '0.00', 1, '2022-01-28 18:00:00', '2022-01-28 18:00:00'),
(203, 1, NULL, 8, NULL, '2022-01-30 08:00:00', '2022-01-30 16:00:00', '2022-01-30', '0.00', '8.00', '0.00', 1, '2022-01-29 18:00:00', '2022-01-29 18:00:00'),
(204, 1, NULL, 8, NULL, '2022-01-31 08:00:00', '2022-01-31 16:00:00', '2022-01-31', '0.00', '8.00', '0.00', 1, '2022-01-30 18:00:00', '2022-01-30 18:00:00'),
(205, 1, 1, 9, NULL, '2022-01-01 08:00:00', '2022-01-01 16:00:00', '2022-01-01', '0.00', '8.00', '0.00', 1, '2021-12-31 18:00:00', '2021-12-31 18:00:00'),
(206, 1, 1, 9, NULL, '2022-01-02 08:00:00', '2022-01-02 16:00:00', '2022-01-02', '0.00', '8.00', '0.00', 1, '2022-01-01 18:00:00', '2022-01-01 18:00:00'),
(207, 1, 1, 9, NULL, '2022-01-03 08:00:00', '2022-01-03 16:00:00', '2022-01-03', '0.00', '8.00', '0.00', 1, '2022-01-02 18:00:00', '2022-01-02 18:00:00'),
(208, 1, 1, 9, NULL, '2022-01-04 08:00:00', '2022-01-04 16:00:00', '2022-01-04', '0.00', '8.00', '0.00', 1, '2022-01-03 18:00:00', '2022-01-03 18:00:00'),
(209, 1, 1, 9, NULL, '2022-01-05 08:00:00', '2022-01-05 16:00:00', '2022-01-05', '0.00', '8.00', '0.00', 1, '2022-01-04 18:00:00', '2022-01-04 18:00:00'),
(210, 1, 1, 9, NULL, '2022-01-06 08:00:00', '2022-01-06 16:00:00', '2022-01-06', '0.00', '8.00', '0.00', 1, '2022-01-05 18:00:00', '2022-01-05 18:00:00'),
(211, 1, 1, 9, NULL, '2022-01-08 08:00:00', '2022-01-08 16:00:00', '2022-01-08', '0.00', '8.00', '0.00', 1, '2022-01-07 18:00:00', '2022-01-07 18:00:00'),
(212, 1, 1, 9, NULL, '2022-01-09 08:00:00', '2022-01-09 16:00:00', '2022-01-09', '0.00', '8.00', '0.00', 1, '2022-01-08 18:00:00', '2022-01-08 18:00:00'),
(213, 1, 1, 9, NULL, '2022-01-10 08:00:00', '2022-01-10 16:00:00', '2022-01-10', '0.00', '8.00', '0.00', 1, '2022-01-09 18:00:00', '2022-01-09 18:00:00'),
(214, 1, 1, 9, NULL, '2022-01-11 08:00:00', '2022-01-11 16:00:00', '2022-01-11', '0.00', '8.00', '0.00', 1, '2022-01-10 18:00:00', '2022-01-10 18:00:00'),
(215, 1, 1, 9, NULL, '2022-01-12 08:00:00', '2022-01-12 16:00:00', '2022-01-12', '0.00', '8.00', '0.00', 1, '2022-01-11 18:00:00', '2022-01-11 18:00:00'),
(216, 1, 1, 9, NULL, '2022-01-13 08:00:00', '2022-01-13 16:00:00', '2022-01-13', '0.00', '8.00', '0.00', 1, '2022-01-12 18:00:00', '2022-01-12 18:00:00'),
(217, 1, 1, 9, NULL, '2022-01-15 08:00:00', '2022-01-15 16:00:00', '2022-01-15', '0.00', '8.00', '0.00', 1, '2022-01-14 18:00:00', '2022-01-14 18:00:00'),
(218, 1, 1, 9, NULL, '2022-01-16 08:00:00', '2022-01-16 16:00:00', '2022-01-16', '0.00', '8.00', '0.00', 1, '2022-01-15 18:00:00', '2022-01-15 18:00:00'),
(219, 1, 1, 9, NULL, '2022-01-17 08:00:00', '2022-01-17 16:00:00', '2022-01-17', '0.00', '8.00', '0.00', 1, '2022-01-16 18:00:00', '2022-01-16 18:00:00'),
(220, 1, 1, 9, NULL, '2022-01-18 08:00:00', '2022-01-18 16:00:00', '2022-01-18', '0.00', '8.00', '0.00', 1, '2022-01-17 18:00:00', '2022-01-17 18:00:00'),
(221, 1, 1, 9, NULL, '2022-01-19 08:00:00', '2022-01-19 16:00:00', '2022-01-19', '0.00', '8.00', '0.00', 1, '2022-01-18 18:00:00', '2022-01-18 18:00:00'),
(222, 1, 1, 9, NULL, '2022-01-20 08:00:00', '2022-01-20 16:00:00', '2022-01-20', '0.00', '8.00', '0.00', 1, '2022-01-19 18:00:00', '2022-01-19 18:00:00'),
(223, 1, 1, 9, NULL, '2022-01-22 08:00:00', '2022-01-22 16:00:00', '2022-01-22', '0.00', '8.00', '0.00', 1, '2022-01-21 18:00:00', '2022-01-21 18:00:00'),
(224, 1, 1, 9, NULL, '2022-01-23 08:00:00', '2022-01-23 16:00:00', '2022-01-23', '0.00', '8.00', '0.00', 1, '2022-01-22 18:00:00', '2022-01-22 18:00:00'),
(225, 1, 1, 9, NULL, '2022-01-24 08:00:00', '2022-01-24 16:00:00', '2022-01-24', '0.00', '8.00', '0.00', 1, '2022-01-23 18:00:00', '2022-01-23 18:00:00'),
(226, 1, 1, 9, NULL, '2022-01-25 08:00:00', '2022-01-25 16:00:00', '2022-01-25', '0.00', '8.00', '0.00', 1, '2022-01-24 18:00:00', '2022-01-24 18:00:00'),
(227, 1, 1, 9, NULL, '2022-01-26 08:00:00', '2022-01-26 16:00:00', '2022-01-26', '0.00', '8.00', '0.00', 1, '2022-01-25 18:00:00', '2022-01-25 18:00:00'),
(228, 1, 1, 9, NULL, '2022-01-27 08:00:00', '2022-01-27 16:00:00', '2022-01-27', '0.00', '8.00', '0.00', 1, '2022-01-26 18:00:00', '2022-01-26 18:00:00'),
(229, 1, NULL, 10, NULL, '2022-01-01 08:00:00', '2022-01-01 16:00:00', '2022-01-01', '0.00', '8.00', '0.00', 1, '2021-12-31 18:00:00', '2021-12-31 18:00:00'),
(230, 1, NULL, 10, NULL, '2022-01-02 08:00:00', '2022-01-02 16:00:00', '2022-01-02', '0.00', '8.00', '0.00', 1, '2022-01-01 18:00:00', '2022-01-01 18:00:00'),
(231, 1, NULL, 10, NULL, '2022-01-03 08:00:00', '2022-01-03 16:00:00', '2022-01-03', '0.00', '8.00', '0.00', 1, '2022-01-02 18:00:00', '2022-01-02 18:00:00'),
(232, 1, NULL, 10, NULL, '2022-01-04 08:00:00', '2022-01-04 16:00:00', '2022-01-04', '0.00', '8.00', '0.00', 1, '2022-01-03 18:00:00', '2022-01-03 18:00:00'),
(233, 1, NULL, 10, NULL, '2022-01-05 08:00:00', '2022-01-05 16:00:00', '2022-01-05', '0.00', '8.00', '0.00', 1, '2022-01-04 18:00:00', '2022-01-04 18:00:00'),
(234, 1, NULL, 10, NULL, '2022-01-06 08:00:00', '2022-01-06 16:00:00', '2022-01-06', '0.00', '8.00', '0.00', 1, '2022-01-05 18:00:00', '2022-01-05 18:00:00'),
(235, 1, NULL, 10, NULL, '2022-01-08 08:00:00', '2022-01-08 16:00:00', '2022-01-08', '0.00', '8.00', '0.00', 1, '2022-01-07 18:00:00', '2022-01-07 18:00:00'),
(236, 1, NULL, 10, NULL, '2022-01-09 08:00:00', '2022-01-09 16:00:00', '2022-01-09', '0.00', '8.00', '0.00', 1, '2022-01-08 18:00:00', '2022-01-08 18:00:00'),
(237, 1, NULL, 10, NULL, '2022-01-10 08:00:00', '2022-01-10 16:00:00', '2022-01-10', '0.00', '8.00', '0.00', 1, '2022-01-09 18:00:00', '2022-01-09 18:00:00'),
(238, 1, NULL, 10, NULL, '2022-01-11 08:00:00', '2022-01-11 16:00:00', '2022-01-11', '0.00', '8.00', '0.00', 1, '2022-01-10 18:00:00', '2022-01-10 18:00:00'),
(239, 1, NULL, 10, NULL, '2022-01-12 08:00:00', '2022-01-12 16:00:00', '2022-01-12', '0.00', '8.00', '0.00', 1, '2022-01-11 18:00:00', '2022-01-11 18:00:00'),
(240, 1, NULL, 10, NULL, '2022-01-13 08:00:00', '2022-01-13 16:00:00', '2022-01-13', '0.00', '8.00', '0.00', 1, '2022-01-12 18:00:00', '2022-01-12 18:00:00'),
(241, 1, NULL, 10, NULL, '2022-01-15 08:00:00', '2022-01-15 16:00:00', '2022-01-15', '0.00', '8.00', '0.00', 1, '2022-01-14 18:00:00', '2022-01-14 18:00:00'),
(242, 1, NULL, 10, NULL, '2022-01-16 08:00:00', '2022-01-16 16:00:00', '2022-01-16', '0.00', '8.00', '0.00', 1, '2022-01-15 18:00:00', '2022-01-15 18:00:00'),
(243, 1, NULL, 10, NULL, '2022-01-17 08:00:00', '2022-01-17 16:00:00', '2022-01-17', '0.00', '8.00', '0.00', 1, '2022-01-16 18:00:00', '2022-01-16 18:00:00'),
(244, 1, NULL, 10, NULL, '2022-01-18 08:00:00', '2022-01-18 16:00:00', '2022-01-18', '0.00', '8.00', '0.00', 1, '2022-01-17 18:00:00', '2022-01-17 18:00:00'),
(245, 1, NULL, 10, NULL, '2022-01-19 08:00:00', '2022-01-19 16:00:00', '2022-01-19', '0.00', '8.00', '0.00', 1, '2022-01-18 18:00:00', '2022-01-18 18:00:00'),
(246, 1, NULL, 10, NULL, '2022-01-20 08:00:00', '2022-01-20 16:00:00', '2022-01-20', '0.00', '8.00', '0.00', 1, '2022-01-19 18:00:00', '2022-01-19 18:00:00'),
(247, 1, NULL, 10, NULL, '2022-01-22 08:00:00', '2022-01-22 16:00:00', '2022-01-22', '0.00', '8.00', '0.00', 1, '2022-01-21 18:00:00', '2022-01-21 18:00:00'),
(248, 1, NULL, 10, NULL, '2022-01-23 08:00:00', '2022-01-23 16:00:00', '2022-01-23', '0.00', '8.00', '0.00', 1, '2022-01-22 18:00:00', '2022-01-22 18:00:00'),
(249, 1, NULL, 10, NULL, '2022-01-24 08:00:00', '2022-01-24 16:00:00', '2022-01-24', '0.00', '8.00', '0.00', 1, '2022-01-23 18:00:00', '2022-01-23 18:00:00'),
(250, 1, NULL, 10, NULL, '2022-01-25 08:00:00', '2022-01-25 16:00:00', '2022-01-25', '0.00', '8.00', '0.00', 1, '2022-01-24 18:00:00', '2022-01-24 18:00:00'),
(251, 1, NULL, 10, NULL, '2022-01-26 08:00:00', '2022-01-26 16:00:00', '2022-01-26', '0.00', '8.00', '0.00', 1, '2022-01-25 18:00:00', '2022-01-25 18:00:00'),
(252, 1, NULL, 10, NULL, '2022-01-27 08:00:00', '2022-01-27 16:00:00', '2022-01-27', '0.00', '8.00', '0.00', 1, '2022-01-26 18:00:00', '2022-01-26 18:00:00'),
(253, 1, NULL, 10, NULL, '2022-01-29 08:00:00', '2022-01-29 16:00:00', '2022-01-29', '0.00', '8.00', '0.00', 1, '2022-01-28 18:00:00', '2022-01-28 18:00:00'),
(254, 1, NULL, 10, NULL, '2022-01-30 08:00:00', '2022-01-30 16:00:00', '2022-01-30', '0.00', '8.00', '0.00', 1, '2022-01-29 18:00:00', '2022-01-29 18:00:00'),
(255, 1, NULL, 10, NULL, '2022-01-31 08:00:00', '2022-01-31 16:00:00', '2022-01-31', '0.00', '8.00', '0.00', 1, '2022-01-30 18:00:00', '2022-01-30 18:00:00'),
(256, 1, 1, 1, NULL, '2022-02-01 08:00:00', '2022-02-01 16:00:00', '2022-02-01', '0.00', '8.00', '0.00', 1, '2022-01-31 18:00:00', '2022-01-31 18:00:00'),
(257, 1, 1, 1, NULL, '2022-02-02 08:00:00', '2022-02-02 16:00:00', '2022-02-02', '0.00', '8.00', '0.00', 1, '2022-02-01 18:00:00', '2022-02-01 18:00:00'),
(258, 1, 1, 1, NULL, '2022-02-03 08:00:00', '2022-02-03 16:00:00', '2022-02-03', '0.00', '8.00', '0.00', 1, '2022-02-02 18:00:00', '2022-02-02 18:00:00'),
(259, 1, 1, 1, NULL, '2022-02-05 08:00:00', '2022-02-05 16:00:00', '2022-02-05', '0.00', '8.00', '0.00', 1, '2022-02-04 18:00:00', '2022-02-04 18:00:00'),
(260, 1, 1, 1, NULL, '2022-02-06 08:00:00', '2022-02-06 16:00:00', '2022-02-06', '0.00', '8.00', '0.00', 1, '2022-02-05 18:00:00', '2022-02-05 18:00:00'),
(261, 1, 1, 1, NULL, '2022-02-07 08:00:00', '2022-02-07 16:00:00', '2022-02-07', '0.00', '8.00', '0.00', 1, '2022-02-06 18:00:00', '2022-02-06 18:00:00'),
(262, 1, 1, 1, NULL, '2022-02-08 08:00:00', '2022-02-08 16:00:00', '2022-02-08', '0.00', '8.00', '0.00', 1, '2022-02-07 18:00:00', '2022-02-07 18:00:00'),
(263, 1, 1, 1, NULL, '2022-02-09 08:00:00', '2022-02-09 16:00:00', '2022-02-09', '0.00', '8.00', '0.00', 1, '2022-02-08 18:00:00', '2022-02-08 18:00:00'),
(264, 1, 1, 1, NULL, '2022-02-10 08:00:00', '2022-02-10 16:00:00', '2022-02-10', '0.00', '8.00', '0.00', 1, '2022-02-09 18:00:00', '2022-02-09 18:00:00'),
(265, 1, 1, 1, NULL, '2022-02-12 08:00:00', '2022-02-12 16:00:00', '2022-02-12', '0.00', '8.00', '0.00', 1, '2022-02-11 18:00:00', '2022-02-11 18:00:00'),
(266, 1, 1, 1, NULL, '2022-02-13 08:00:00', '2022-02-13 16:00:00', '2022-02-13', '0.00', '8.00', '0.00', 1, '2022-02-12 18:00:00', '2022-02-12 18:00:00'),
(267, 1, 1, 1, NULL, '2022-02-14 08:00:00', '2022-02-14 16:00:00', '2022-02-14', '0.00', '8.00', '0.00', 1, '2022-02-13 18:00:00', '2022-02-13 18:00:00'),
(268, 1, 1, 1, NULL, '2022-02-15 08:00:00', '2022-02-15 16:00:00', '2022-02-15', '0.00', '8.00', '0.00', 1, '2022-02-14 18:00:00', '2022-02-14 18:00:00'),
(269, 1, 1, 1, NULL, '2022-02-16 08:00:00', '2022-02-16 16:00:00', '2022-02-16', '0.00', '8.00', '0.00', 1, '2022-02-15 18:00:00', '2022-02-15 18:00:00'),
(270, 1, 1, 1, NULL, '2022-02-17 08:00:00', '2022-02-17 16:00:00', '2022-02-17', '0.00', '8.00', '0.00', 1, '2022-02-16 18:00:00', '2022-02-16 18:00:00'),
(271, 1, 1, 1, NULL, '2022-02-19 08:00:00', '2022-02-19 16:00:00', '2022-02-19', '0.00', '8.00', '0.00', 1, '2022-02-18 18:00:00', '2022-02-18 18:00:00'),
(272, 1, 1, 1, NULL, '2022-02-20 08:00:00', '2022-02-20 16:00:00', '2022-02-20', '0.00', '8.00', '0.00', 1, '2022-02-19 18:00:00', '2022-02-19 18:00:00'),
(273, 1, 1, 1, NULL, '2022-02-21 08:00:00', '2022-02-21 16:00:00', '2022-02-21', '0.00', '8.00', '0.00', 1, '2022-02-20 18:00:00', '2022-02-20 18:00:00'),
(274, 1, 1, 1, NULL, '2022-02-22 08:00:00', '2022-02-22 16:00:00', '2022-02-22', '0.00', '8.00', '0.00', 1, '2022-02-21 18:00:00', '2022-02-21 18:00:00'),
(275, 1, 1, 1, NULL, '2022-02-23 08:00:00', '2022-02-23 16:00:00', '2022-02-23', '0.00', '8.00', '0.00', 1, '2022-02-22 18:00:00', '2022-02-22 18:00:00'),
(276, 1, 1, 1, NULL, '2022-02-24 08:00:00', '2022-02-24 16:00:00', '2022-02-24', '0.00', '8.00', '0.00', 1, '2022-02-23 18:00:00', '2022-02-23 18:00:00'),
(277, 1, NULL, 2, NULL, '2022-02-01 08:00:00', '2022-02-01 16:00:00', '2022-02-01', '0.00', '8.00', '0.00', 1, '2022-01-31 18:00:00', '2022-01-31 18:00:00'),
(278, 1, NULL, 2, NULL, '2022-02-02 08:00:00', '2022-02-02 16:00:00', '2022-02-02', '0.00', '8.00', '0.00', 1, '2022-02-01 18:00:00', '2022-02-01 18:00:00'),
(279, 1, NULL, 2, NULL, '2022-02-03 08:00:00', '2022-02-03 16:00:00', '2022-02-03', '0.00', '8.00', '0.00', 1, '2022-02-02 18:00:00', '2022-02-02 18:00:00'),
(280, 1, NULL, 2, NULL, '2022-02-05 08:00:00', '2022-02-05 16:00:00', '2022-02-05', '0.00', '8.00', '0.00', 1, '2022-02-04 18:00:00', '2022-02-04 18:00:00'),
(281, 1, NULL, 2, NULL, '2022-02-06 08:00:00', '2022-02-06 16:00:00', '2022-02-06', '0.00', '8.00', '0.00', 1, '2022-02-05 18:00:00', '2022-02-05 18:00:00'),
(282, 1, NULL, 2, NULL, '2022-02-07 08:00:00', '2022-02-07 16:00:00', '2022-02-07', '0.00', '8.00', '0.00', 1, '2022-02-06 18:00:00', '2022-02-06 18:00:00'),
(283, 1, NULL, 2, NULL, '2022-02-08 08:00:00', '2022-02-08 16:00:00', '2022-02-08', '0.00', '8.00', '0.00', 1, '2022-02-07 18:00:00', '2022-02-07 18:00:00'),
(284, 1, NULL, 2, NULL, '2022-02-09 08:00:00', '2022-02-09 16:00:00', '2022-02-09', '0.00', '8.00', '0.00', 1, '2022-02-08 18:00:00', '2022-02-08 18:00:00'),
(285, 1, NULL, 2, NULL, '2022-02-10 08:00:00', '2022-02-10 16:00:00', '2022-02-10', '0.00', '8.00', '0.00', 1, '2022-02-09 18:00:00', '2022-02-09 18:00:00'),
(286, 1, NULL, 2, NULL, '2022-02-12 08:00:00', '2022-02-12 16:00:00', '2022-02-12', '0.00', '8.00', '0.00', 1, '2022-02-11 18:00:00', '2022-02-11 18:00:00'),
(287, 1, NULL, 2, NULL, '2022-02-13 08:00:00', '2022-02-13 16:00:00', '2022-02-13', '0.00', '8.00', '0.00', 1, '2022-02-12 18:00:00', '2022-02-12 18:00:00'),
(288, 1, NULL, 2, NULL, '2022-02-14 08:00:00', '2022-02-14 16:00:00', '2022-02-14', '0.00', '8.00', '0.00', 1, '2022-02-13 18:00:00', '2022-02-13 18:00:00'),
(289, 1, NULL, 2, NULL, '2022-02-15 08:00:00', '2022-02-15 16:00:00', '2022-02-15', '0.00', '8.00', '0.00', 1, '2022-02-14 18:00:00', '2022-02-14 18:00:00'),
(290, 1, NULL, 2, NULL, '2022-02-16 08:00:00', '2022-02-16 16:00:00', '2022-02-16', '0.00', '8.00', '0.00', 1, '2022-02-15 18:00:00', '2022-02-15 18:00:00'),
(291, 1, NULL, 2, NULL, '2022-02-17 08:00:00', '2022-02-17 16:00:00', '2022-02-17', '0.00', '8.00', '0.00', 1, '2022-02-16 18:00:00', '2022-02-16 18:00:00'),
(292, 1, NULL, 2, NULL, '2022-02-19 08:00:00', '2022-02-19 16:00:00', '2022-02-19', '0.00', '8.00', '0.00', 1, '2022-02-18 18:00:00', '2022-02-18 18:00:00'),
(293, 1, NULL, 2, NULL, '2022-02-20 08:00:00', '2022-02-20 16:00:00', '2022-02-20', '0.00', '8.00', '0.00', 1, '2022-02-19 18:00:00', '2022-02-19 18:00:00'),
(294, 1, NULL, 2, NULL, '2022-02-21 08:00:00', '2022-02-21 16:00:00', '2022-02-21', '0.00', '8.00', '0.00', 1, '2022-02-20 18:00:00', '2022-02-20 18:00:00'),
(295, 1, NULL, 2, NULL, '2022-02-22 08:00:00', '2022-02-22 16:00:00', '2022-02-22', '0.00', '8.00', '0.00', 1, '2022-02-21 18:00:00', '2022-02-21 18:00:00'),
(296, 1, NULL, 2, NULL, '2022-02-23 08:00:00', '2022-02-23 16:00:00', '2022-02-23', '0.00', '8.00', '0.00', 1, '2022-02-22 18:00:00', '2022-02-22 18:00:00'),
(297, 1, NULL, 2, NULL, '2022-02-24 08:00:00', '2022-02-24 16:00:00', '2022-02-24', '0.00', '8.00', '0.00', 1, '2022-02-23 18:00:00', '2022-02-23 18:00:00'),
(298, 1, NULL, 2, NULL, '2022-02-26 08:00:00', '2022-02-26 16:00:00', '2022-02-26', '0.00', '8.00', '0.00', 1, '2022-02-25 18:00:00', '2022-02-25 18:00:00'),
(299, 1, NULL, 2, NULL, '2022-02-27 08:00:00', '2022-02-27 16:00:00', '2022-02-27', '0.00', '8.00', '0.00', 1, '2022-02-26 18:00:00', '2022-02-26 18:00:00'),
(300, 1, NULL, 2, NULL, '2022-02-28 08:00:00', '2022-02-28 16:00:00', '2022-02-28', '0.00', '8.00', '0.00', 1, '2022-02-27 18:00:00', '2022-02-27 18:00:00'),
(301, 1, 1, 3, NULL, '2022-02-01 08:00:00', '2022-02-01 16:00:00', '2022-02-01', '0.00', '8.00', '0.00', 1, '2022-01-31 18:00:00', '2022-01-31 18:00:00'),
(302, 1, 1, 3, NULL, '2022-02-02 08:00:00', '2022-02-02 16:00:00', '2022-02-02', '0.00', '8.00', '0.00', 1, '2022-02-01 18:00:00', '2022-02-01 18:00:00'),
(303, 1, 1, 3, NULL, '2022-02-03 08:00:00', '2022-02-03 16:00:00', '2022-02-03', '0.00', '8.00', '0.00', 1, '2022-02-02 18:00:00', '2022-02-02 18:00:00'),
(304, 1, 1, 3, NULL, '2022-02-05 08:00:00', '2022-02-05 16:00:00', '2022-02-05', '0.00', '8.00', '0.00', 1, '2022-02-04 18:00:00', '2022-02-04 18:00:00'),
(305, 1, 1, 3, NULL, '2022-02-06 08:00:00', '2022-02-06 16:00:00', '2022-02-06', '0.00', '8.00', '0.00', 1, '2022-02-05 18:00:00', '2022-02-05 18:00:00'),
(306, 1, 1, 3, NULL, '2022-02-07 08:00:00', '2022-02-07 16:00:00', '2022-02-07', '0.00', '8.00', '0.00', 1, '2022-02-06 18:00:00', '2022-02-06 18:00:00'),
(307, 1, 1, 3, NULL, '2022-02-08 08:00:00', '2022-02-08 16:00:00', '2022-02-08', '0.00', '8.00', '0.00', 1, '2022-02-07 18:00:00', '2022-02-07 18:00:00'),
(308, 1, 1, 3, NULL, '2022-02-09 08:00:00', '2022-02-09 16:00:00', '2022-02-09', '0.00', '8.00', '0.00', 1, '2022-02-08 18:00:00', '2022-02-08 18:00:00'),
(309, 1, 1, 3, NULL, '2022-02-10 08:00:00', '2022-02-10 16:00:00', '2022-02-10', '0.00', '8.00', '0.00', 1, '2022-02-09 18:00:00', '2022-02-09 18:00:00'),
(310, 1, 1, 3, NULL, '2022-02-12 08:00:00', '2022-02-12 16:00:00', '2022-02-12', '0.00', '8.00', '0.00', 1, '2022-02-11 18:00:00', '2022-02-11 18:00:00'),
(311, 1, 1, 3, NULL, '2022-02-13 08:00:00', '2022-02-13 16:00:00', '2022-02-13', '0.00', '8.00', '0.00', 1, '2022-02-12 18:00:00', '2022-02-12 18:00:00'),
(312, 1, 1, 3, NULL, '2022-02-14 08:00:00', '2022-02-14 16:00:00', '2022-02-14', '0.00', '8.00', '0.00', 1, '2022-02-13 18:00:00', '2022-02-13 18:00:00'),
(313, 1, 1, 3, NULL, '2022-02-15 08:00:00', '2022-02-15 16:00:00', '2022-02-15', '0.00', '8.00', '0.00', 1, '2022-02-14 18:00:00', '2022-02-14 18:00:00'),
(314, 1, 1, 3, NULL, '2022-02-16 08:00:00', '2022-02-16 16:00:00', '2022-02-16', '0.00', '8.00', '0.00', 1, '2022-02-15 18:00:00', '2022-02-15 18:00:00'),
(315, 1, 1, 3, NULL, '2022-02-17 08:00:00', '2022-02-17 16:00:00', '2022-02-17', '0.00', '8.00', '0.00', 1, '2022-02-16 18:00:00', '2022-02-16 18:00:00'),
(316, 1, 1, 3, NULL, '2022-02-19 08:00:00', '2022-02-19 16:00:00', '2022-02-19', '0.00', '8.00', '0.00', 1, '2022-02-18 18:00:00', '2022-02-18 18:00:00'),
(317, 1, 1, 3, NULL, '2022-02-20 08:00:00', '2022-02-20 16:00:00', '2022-02-20', '0.00', '8.00', '0.00', 1, '2022-02-19 18:00:00', '2022-02-19 18:00:00'),
(318, 1, 1, 3, NULL, '2022-02-21 08:00:00', '2022-02-21 16:00:00', '2022-02-21', '0.00', '8.00', '0.00', 1, '2022-02-20 18:00:00', '2022-02-20 18:00:00'),
(319, 1, 1, 3, NULL, '2022-02-22 08:00:00', '2022-02-22 16:00:00', '2022-02-22', '0.00', '8.00', '0.00', 1, '2022-02-21 18:00:00', '2022-02-21 18:00:00'),
(320, 1, 1, 3, NULL, '2022-02-23 08:00:00', '2022-02-23 16:00:00', '2022-02-23', '0.00', '8.00', '0.00', 1, '2022-02-22 18:00:00', '2022-02-22 18:00:00'),
(321, 1, 1, 3, NULL, '2022-02-24 08:00:00', '2022-02-24 16:00:00', '2022-02-24', '0.00', '8.00', '0.00', 1, '2022-02-23 18:00:00', '2022-02-23 18:00:00'),
(322, 1, NULL, 4, NULL, '2022-02-01 08:00:00', '2022-02-01 16:00:00', '2022-02-01', '0.00', '8.00', '0.00', 1, '2022-01-31 18:00:00', '2022-01-31 18:00:00');
INSERT INTO `attendances` (`id`, `com_id`, `branch_id`, `employee_id`, `device_ip`, `checkin_time`, `checkout_time`, `attendance_date`, `overtime`, `working_hour`, `late`, `status`, `created_at`, `updated_at`) VALUES
(323, 1, NULL, 4, NULL, '2022-02-02 08:00:00', '2022-02-02 16:00:00', '2022-02-02', '0.00', '8.00', '0.00', 1, '2022-02-01 18:00:00', '2022-02-01 18:00:00'),
(324, 1, NULL, 4, NULL, '2022-02-03 08:00:00', '2022-02-03 16:00:00', '2022-02-03', '0.00', '8.00', '0.00', 1, '2022-02-02 18:00:00', '2022-02-02 18:00:00'),
(325, 1, NULL, 4, NULL, '2022-02-05 08:00:00', '2022-02-05 16:00:00', '2022-02-05', '0.00', '8.00', '0.00', 1, '2022-02-04 18:00:00', '2022-02-04 18:00:00'),
(326, 1, NULL, 4, NULL, '2022-02-06 08:00:00', '2022-02-06 16:00:00', '2022-02-06', '0.00', '8.00', '0.00', 1, '2022-02-05 18:00:00', '2022-02-05 18:00:00'),
(327, 1, NULL, 4, NULL, '2022-02-07 08:00:00', '2022-02-07 16:00:00', '2022-02-07', '0.00', '8.00', '0.00', 1, '2022-02-06 18:00:00', '2022-02-06 18:00:00'),
(328, 1, NULL, 4, NULL, '2022-02-08 08:00:00', '2022-02-08 16:00:00', '2022-02-08', '0.00', '8.00', '0.00', 1, '2022-02-07 18:00:00', '2022-02-07 18:00:00'),
(329, 1, NULL, 4, NULL, '2022-02-09 08:00:00', '2022-02-09 16:00:00', '2022-02-09', '0.00', '8.00', '0.00', 1, '2022-02-08 18:00:00', '2022-02-08 18:00:00'),
(330, 1, NULL, 4, NULL, '2022-02-10 08:00:00', '2022-02-10 16:00:00', '2022-02-10', '0.00', '8.00', '0.00', 1, '2022-02-09 18:00:00', '2022-02-09 18:00:00'),
(331, 1, NULL, 4, NULL, '2022-02-12 08:00:00', '2022-02-12 16:00:00', '2022-02-12', '0.00', '8.00', '0.00', 1, '2022-02-11 18:00:00', '2022-02-11 18:00:00'),
(332, 1, NULL, 4, NULL, '2022-02-13 08:00:00', '2022-02-13 16:00:00', '2022-02-13', '0.00', '8.00', '0.00', 1, '2022-02-12 18:00:00', '2022-02-12 18:00:00'),
(333, 1, NULL, 4, NULL, '2022-02-14 08:00:00', '2022-02-14 16:00:00', '2022-02-14', '0.00', '8.00', '0.00', 1, '2022-02-13 18:00:00', '2022-02-13 18:00:00'),
(334, 1, NULL, 4, NULL, '2022-02-15 08:00:00', '2022-02-15 16:00:00', '2022-02-15', '0.00', '8.00', '0.00', 1, '2022-02-14 18:00:00', '2022-02-14 18:00:00'),
(335, 1, NULL, 4, NULL, '2022-02-16 08:00:00', '2022-02-16 16:00:00', '2022-02-16', '0.00', '8.00', '0.00', 1, '2022-02-15 18:00:00', '2022-02-15 18:00:00'),
(336, 1, NULL, 4, NULL, '2022-02-17 08:00:00', '2022-02-17 16:00:00', '2022-02-17', '0.00', '8.00', '0.00', 1, '2022-02-16 18:00:00', '2022-02-16 18:00:00'),
(337, 1, NULL, 4, NULL, '2022-02-19 08:00:00', '2022-02-19 16:00:00', '2022-02-19', '0.00', '8.00', '0.00', 1, '2022-02-18 18:00:00', '2022-02-18 18:00:00'),
(338, 1, NULL, 4, NULL, '2022-02-20 08:00:00', '2022-02-20 16:00:00', '2022-02-20', '0.00', '8.00', '0.00', 1, '2022-02-19 18:00:00', '2022-02-19 18:00:00'),
(339, 1, NULL, 4, NULL, '2022-02-21 08:00:00', '2022-02-21 16:00:00', '2022-02-21', '0.00', '8.00', '0.00', 1, '2022-02-20 18:00:00', '2022-02-20 18:00:00'),
(340, 1, NULL, 4, NULL, '2022-02-22 08:00:00', '2022-02-22 16:00:00', '2022-02-22', '0.00', '8.00', '0.00', 1, '2022-02-21 18:00:00', '2022-02-21 18:00:00'),
(341, 1, NULL, 4, NULL, '2022-02-23 08:00:00', '2022-02-23 16:00:00', '2022-02-23', '0.00', '8.00', '0.00', 1, '2022-02-22 18:00:00', '2022-02-22 18:00:00'),
(342, 1, NULL, 4, NULL, '2022-02-24 08:00:00', '2022-02-24 16:00:00', '2022-02-24', '0.00', '8.00', '0.00', 1, '2022-02-23 18:00:00', '2022-02-23 18:00:00'),
(343, 1, NULL, 4, NULL, '2022-02-26 08:00:00', '2022-02-26 16:00:00', '2022-02-26', '0.00', '8.00', '0.00', 1, '2022-02-25 18:00:00', '2022-02-25 18:00:00'),
(344, 1, NULL, 4, NULL, '2022-02-27 08:00:00', '2022-02-27 16:00:00', '2022-02-27', '0.00', '8.00', '0.00', 1, '2022-02-26 18:00:00', '2022-02-26 18:00:00'),
(345, 1, NULL, 4, NULL, '2022-02-28 08:00:00', '2022-02-28 16:00:00', '2022-02-28', '0.00', '8.00', '0.00', 1, '2022-02-27 18:00:00', '2022-02-27 18:00:00'),
(346, 1, 1, 5, NULL, '2022-02-01 08:00:00', '2022-02-01 16:00:00', '2022-02-01', '0.00', '8.00', '0.00', 1, '2022-01-31 18:00:00', '2022-01-31 18:00:00'),
(347, 1, 1, 5, NULL, '2022-02-02 08:00:00', '2022-02-02 16:00:00', '2022-02-02', '0.00', '8.00', '0.00', 1, '2022-02-01 18:00:00', '2022-02-01 18:00:00'),
(348, 1, 1, 5, NULL, '2022-02-03 08:00:00', '2022-02-03 16:00:00', '2022-02-03', '0.00', '8.00', '0.00', 1, '2022-02-02 18:00:00', '2022-02-02 18:00:00'),
(349, 1, 1, 5, NULL, '2022-02-05 08:00:00', '2022-02-05 16:00:00', '2022-02-05', '0.00', '8.00', '0.00', 1, '2022-02-04 18:00:00', '2022-02-04 18:00:00'),
(350, 1, 1, 5, NULL, '2022-02-06 08:00:00', '2022-02-06 16:00:00', '2022-02-06', '0.00', '8.00', '0.00', 1, '2022-02-05 18:00:00', '2022-02-05 18:00:00'),
(351, 1, 1, 5, NULL, '2022-02-07 08:00:00', '2022-02-07 16:00:00', '2022-02-07', '0.00', '8.00', '0.00', 1, '2022-02-06 18:00:00', '2022-02-06 18:00:00'),
(352, 1, 1, 5, NULL, '2022-02-08 08:00:00', '2022-02-08 16:00:00', '2022-02-08', '0.00', '8.00', '0.00', 1, '2022-02-07 18:00:00', '2022-02-07 18:00:00'),
(353, 1, 1, 5, NULL, '2022-02-09 08:00:00', '2022-02-09 16:00:00', '2022-02-09', '0.00', '8.00', '0.00', 1, '2022-02-08 18:00:00', '2022-02-08 18:00:00'),
(354, 1, 1, 5, NULL, '2022-02-10 08:00:00', '2022-02-10 16:00:00', '2022-02-10', '0.00', '8.00', '0.00', 1, '2022-02-09 18:00:00', '2022-02-09 18:00:00'),
(355, 1, 1, 5, NULL, '2022-02-12 08:00:00', '2022-02-12 16:00:00', '2022-02-12', '0.00', '8.00', '0.00', 1, '2022-02-11 18:00:00', '2022-02-11 18:00:00'),
(356, 1, 1, 5, NULL, '2022-02-13 08:00:00', '2022-02-13 16:00:00', '2022-02-13', '0.00', '8.00', '0.00', 1, '2022-02-12 18:00:00', '2022-02-12 18:00:00'),
(357, 1, 1, 5, NULL, '2022-02-14 08:00:00', '2022-02-14 16:00:00', '2022-02-14', '0.00', '8.00', '0.00', 1, '2022-02-13 18:00:00', '2022-02-13 18:00:00'),
(358, 1, 1, 5, NULL, '2022-02-15 08:00:00', '2022-02-15 16:00:00', '2022-02-15', '0.00', '8.00', '0.00', 1, '2022-02-14 18:00:00', '2022-02-14 18:00:00'),
(359, 1, 1, 5, NULL, '2022-02-16 08:00:00', '2022-02-16 16:00:00', '2022-02-16', '0.00', '8.00', '0.00', 1, '2022-02-15 18:00:00', '2022-02-15 18:00:00'),
(360, 1, 1, 5, NULL, '2022-02-17 08:00:00', '2022-02-17 16:00:00', '2022-02-17', '0.00', '8.00', '0.00', 1, '2022-02-16 18:00:00', '2022-02-16 18:00:00'),
(361, 1, 1, 5, NULL, '2022-02-19 08:00:00', '2022-02-19 16:00:00', '2022-02-19', '0.00', '8.00', '0.00', 1, '2022-02-18 18:00:00', '2022-02-18 18:00:00'),
(362, 1, 1, 5, NULL, '2022-02-20 08:00:00', '2022-02-20 16:00:00', '2022-02-20', '0.00', '8.00', '0.00', 1, '2022-02-19 18:00:00', '2022-02-19 18:00:00'),
(363, 1, 1, 5, NULL, '2022-02-21 08:00:00', '2022-02-21 16:00:00', '2022-02-21', '0.00', '8.00', '0.00', 1, '2022-02-20 18:00:00', '2022-02-20 18:00:00'),
(364, 1, 1, 5, NULL, '2022-02-22 08:00:00', '2022-02-22 16:00:00', '2022-02-22', '0.00', '8.00', '0.00', 1, '2022-02-21 18:00:00', '2022-02-21 18:00:00'),
(365, 1, 1, 5, NULL, '2022-02-23 08:00:00', '2022-02-23 16:00:00', '2022-02-23', '0.00', '8.00', '0.00', 1, '2022-02-22 18:00:00', '2022-02-22 18:00:00'),
(366, 1, 1, 5, NULL, '2022-02-24 08:00:00', '2022-02-24 16:00:00', '2022-02-24', '0.00', '8.00', '0.00', 1, '2022-02-23 18:00:00', '2022-02-23 18:00:00'),
(367, 1, NULL, 6, NULL, '2022-02-01 08:00:00', '2022-02-01 16:00:00', '2022-02-01', '0.00', '8.00', '0.00', 1, '2022-01-31 18:00:00', '2022-01-31 18:00:00'),
(368, 1, NULL, 6, NULL, '2022-02-02 08:00:00', '2022-02-02 16:00:00', '2022-02-02', '0.00', '8.00', '0.00', 1, '2022-02-01 18:00:00', '2022-02-01 18:00:00'),
(369, 1, NULL, 6, NULL, '2022-02-03 08:00:00', '2022-02-03 16:00:00', '2022-02-03', '0.00', '8.00', '0.00', 1, '2022-02-02 18:00:00', '2022-02-02 18:00:00'),
(370, 1, NULL, 6, NULL, '2022-02-05 08:00:00', '2022-02-05 16:00:00', '2022-02-05', '0.00', '8.00', '0.00', 1, '2022-02-04 18:00:00', '2022-02-04 18:00:00'),
(371, 1, NULL, 6, NULL, '2022-02-06 08:00:00', '2022-02-06 16:00:00', '2022-02-06', '0.00', '8.00', '0.00', 1, '2022-02-05 18:00:00', '2022-02-05 18:00:00'),
(372, 1, NULL, 6, NULL, '2022-02-07 08:00:00', '2022-02-07 16:00:00', '2022-02-07', '0.00', '8.00', '0.00', 1, '2022-02-06 18:00:00', '2022-02-06 18:00:00'),
(373, 1, NULL, 6, NULL, '2022-02-08 08:00:00', '2022-02-08 16:00:00', '2022-02-08', '0.00', '8.00', '0.00', 1, '2022-02-07 18:00:00', '2022-02-07 18:00:00'),
(374, 1, NULL, 6, NULL, '2022-02-09 08:00:00', '2022-02-09 16:00:00', '2022-02-09', '0.00', '8.00', '0.00', 1, '2022-02-08 18:00:00', '2022-02-08 18:00:00'),
(375, 1, NULL, 6, NULL, '2022-02-10 08:00:00', '2022-02-10 16:00:00', '2022-02-10', '0.00', '8.00', '0.00', 1, '2022-02-09 18:00:00', '2022-02-09 18:00:00'),
(376, 1, NULL, 6, NULL, '2022-02-12 08:00:00', '2022-02-12 16:00:00', '2022-02-12', '0.00', '8.00', '0.00', 1, '2022-02-11 18:00:00', '2022-02-11 18:00:00'),
(377, 1, NULL, 6, NULL, '2022-02-13 08:00:00', '2022-02-13 16:00:00', '2022-02-13', '0.00', '8.00', '0.00', 1, '2022-02-12 18:00:00', '2022-02-12 18:00:00'),
(378, 1, NULL, 6, NULL, '2022-02-14 08:00:00', '2022-02-14 16:00:00', '2022-02-14', '0.00', '8.00', '0.00', 1, '2022-02-13 18:00:00', '2022-02-13 18:00:00'),
(379, 1, NULL, 6, NULL, '2022-02-15 08:00:00', '2022-02-15 16:00:00', '2022-02-15', '0.00', '8.00', '0.00', 1, '2022-02-14 18:00:00', '2022-02-14 18:00:00'),
(380, 1, NULL, 6, NULL, '2022-02-16 08:00:00', '2022-02-16 16:00:00', '2022-02-16', '0.00', '8.00', '0.00', 1, '2022-02-15 18:00:00', '2022-02-15 18:00:00'),
(381, 1, NULL, 6, NULL, '2022-02-17 08:00:00', '2022-02-17 16:00:00', '2022-02-17', '0.00', '8.00', '0.00', 1, '2022-02-16 18:00:00', '2022-02-16 18:00:00'),
(382, 1, NULL, 6, NULL, '2022-02-19 08:00:00', '2022-02-19 16:00:00', '2022-02-19', '0.00', '8.00', '0.00', 1, '2022-02-18 18:00:00', '2022-02-18 18:00:00'),
(383, 1, NULL, 6, NULL, '2022-02-20 08:00:00', '2022-02-20 16:00:00', '2022-02-20', '0.00', '8.00', '0.00', 1, '2022-02-19 18:00:00', '2022-02-19 18:00:00'),
(384, 1, NULL, 6, NULL, '2022-02-21 08:00:00', '2022-02-21 16:00:00', '2022-02-21', '0.00', '8.00', '0.00', 1, '2022-02-20 18:00:00', '2022-02-20 18:00:00'),
(385, 1, NULL, 6, NULL, '2022-02-22 08:00:00', '2022-02-22 16:00:00', '2022-02-22', '0.00', '8.00', '0.00', 1, '2022-02-21 18:00:00', '2022-02-21 18:00:00'),
(386, 1, NULL, 6, NULL, '2022-02-23 08:00:00', '2022-02-23 16:00:00', '2022-02-23', '0.00', '8.00', '0.00', 1, '2022-02-22 18:00:00', '2022-02-22 18:00:00'),
(387, 1, NULL, 6, NULL, '2022-02-24 08:00:00', '2022-02-24 16:00:00', '2022-02-24', '0.00', '8.00', '0.00', 1, '2022-02-23 18:00:00', '2022-02-23 18:00:00'),
(388, 1, NULL, 6, NULL, '2022-02-26 08:00:00', '2022-02-26 16:00:00', '2022-02-26', '0.00', '8.00', '0.00', 1, '2022-02-25 18:00:00', '2022-02-25 18:00:00'),
(389, 1, NULL, 6, NULL, '2022-02-27 08:00:00', '2022-02-27 16:00:00', '2022-02-27', '0.00', '8.00', '0.00', 1, '2022-02-26 18:00:00', '2022-02-26 18:00:00'),
(390, 1, NULL, 6, NULL, '2022-02-28 08:00:00', '2022-02-28 16:00:00', '2022-02-28', '0.00', '8.00', '0.00', 1, '2022-02-27 18:00:00', '2022-02-27 18:00:00'),
(391, 1, 1, 7, NULL, '2022-02-01 08:00:00', '2022-02-01 16:00:00', '2022-02-01', '0.00', '8.00', '0.00', 1, '2022-01-31 18:00:00', '2022-01-31 18:00:00'),
(392, 1, 1, 7, NULL, '2022-02-02 08:00:00', '2022-02-02 16:00:00', '2022-02-02', '0.00', '8.00', '0.00', 1, '2022-02-01 18:00:00', '2022-02-01 18:00:00'),
(393, 1, 1, 7, NULL, '2022-02-03 08:00:00', '2022-02-03 16:00:00', '2022-02-03', '0.00', '8.00', '0.00', 1, '2022-02-02 18:00:00', '2022-02-02 18:00:00'),
(394, 1, 1, 7, NULL, '2022-02-05 08:00:00', '2022-02-05 16:00:00', '2022-02-05', '0.00', '8.00', '0.00', 1, '2022-02-04 18:00:00', '2022-02-04 18:00:00'),
(395, 1, 1, 7, NULL, '2022-02-06 08:00:00', '2022-02-06 16:00:00', '2022-02-06', '0.00', '8.00', '0.00', 1, '2022-02-05 18:00:00', '2022-02-05 18:00:00'),
(396, 1, 1, 7, NULL, '2022-02-07 08:00:00', '2022-02-07 16:00:00', '2022-02-07', '0.00', '8.00', '0.00', 1, '2022-02-06 18:00:00', '2022-02-06 18:00:00'),
(397, 1, 1, 7, NULL, '2022-02-08 08:00:00', '2022-02-08 16:00:00', '2022-02-08', '0.00', '8.00', '0.00', 1, '2022-02-07 18:00:00', '2022-02-07 18:00:00'),
(398, 1, 1, 7, NULL, '2022-02-09 08:00:00', '2022-02-09 16:00:00', '2022-02-09', '0.00', '8.00', '0.00', 1, '2022-02-08 18:00:00', '2022-02-08 18:00:00'),
(399, 1, 1, 7, NULL, '2022-02-10 08:00:00', '2022-02-10 16:00:00', '2022-02-10', '0.00', '8.00', '0.00', 1, '2022-02-09 18:00:00', '2022-02-09 18:00:00'),
(400, 1, 1, 7, NULL, '2022-02-12 08:00:00', '2022-02-12 16:00:00', '2022-02-12', '0.00', '8.00', '0.00', 1, '2022-02-11 18:00:00', '2022-02-11 18:00:00'),
(401, 1, 1, 7, NULL, '2022-02-13 08:00:00', '2022-02-13 16:00:00', '2022-02-13', '0.00', '8.00', '0.00', 1, '2022-02-12 18:00:00', '2022-02-12 18:00:00'),
(402, 1, 1, 7, NULL, '2022-02-14 08:00:00', '2022-02-14 16:00:00', '2022-02-14', '0.00', '8.00', '0.00', 1, '2022-02-13 18:00:00', '2022-02-13 18:00:00'),
(403, 1, 1, 7, NULL, '2022-02-15 08:00:00', '2022-02-15 16:00:00', '2022-02-15', '0.00', '8.00', '0.00', 1, '2022-02-14 18:00:00', '2022-02-14 18:00:00'),
(404, 1, 1, 7, NULL, '2022-02-16 08:00:00', '2022-02-16 16:00:00', '2022-02-16', '0.00', '8.00', '0.00', 1, '2022-02-15 18:00:00', '2022-02-15 18:00:00'),
(405, 1, 1, 7, NULL, '2022-02-17 08:00:00', '2022-02-17 16:00:00', '2022-02-17', '0.00', '8.00', '0.00', 1, '2022-02-16 18:00:00', '2022-02-16 18:00:00'),
(406, 1, 1, 7, NULL, '2022-02-19 08:00:00', '2022-02-19 16:00:00', '2022-02-19', '0.00', '8.00', '0.00', 1, '2022-02-18 18:00:00', '2022-02-18 18:00:00'),
(407, 1, 1, 7, NULL, '2022-02-20 08:00:00', '2022-02-20 16:00:00', '2022-02-20', '0.00', '8.00', '0.00', 1, '2022-02-19 18:00:00', '2022-02-19 18:00:00'),
(408, 1, 1, 7, NULL, '2022-02-21 08:00:00', '2022-02-21 16:00:00', '2022-02-21', '0.00', '8.00', '0.00', 1, '2022-02-20 18:00:00', '2022-02-20 18:00:00'),
(409, 1, 1, 7, NULL, '2022-02-22 08:00:00', '2022-02-22 16:00:00', '2022-02-22', '0.00', '8.00', '0.00', 1, '2022-02-21 18:00:00', '2022-02-21 18:00:00'),
(410, 1, 1, 7, NULL, '2022-02-23 08:00:00', '2022-02-23 16:00:00', '2022-02-23', '0.00', '8.00', '0.00', 1, '2022-02-22 18:00:00', '2022-02-22 18:00:00'),
(411, 1, 1, 7, NULL, '2022-02-24 08:00:00', '2022-02-24 16:00:00', '2022-02-24', '0.00', '8.00', '0.00', 1, '2022-02-23 18:00:00', '2022-02-23 18:00:00'),
(412, 1, NULL, 8, NULL, '2022-02-01 08:00:00', '2022-02-01 16:00:00', '2022-02-01', '0.00', '8.00', '0.00', 1, '2022-01-31 18:00:00', '2022-01-31 18:00:00'),
(413, 1, NULL, 8, NULL, '2022-02-02 08:00:00', '2022-02-02 16:00:00', '2022-02-02', '0.00', '8.00', '0.00', 1, '2022-02-01 18:00:00', '2022-02-01 18:00:00'),
(414, 1, NULL, 8, NULL, '2022-02-03 08:00:00', '2022-02-03 16:00:00', '2022-02-03', '0.00', '8.00', '0.00', 1, '2022-02-02 18:00:00', '2022-02-02 18:00:00'),
(415, 1, NULL, 8, NULL, '2022-02-05 08:00:00', '2022-02-05 16:00:00', '2022-02-05', '0.00', '8.00', '0.00', 1, '2022-02-04 18:00:00', '2022-02-04 18:00:00'),
(416, 1, NULL, 8, NULL, '2022-02-06 08:00:00', '2022-02-06 16:00:00', '2022-02-06', '0.00', '8.00', '0.00', 1, '2022-02-05 18:00:00', '2022-02-05 18:00:00'),
(417, 1, NULL, 8, NULL, '2022-02-07 08:00:00', '2022-02-07 16:00:00', '2022-02-07', '0.00', '8.00', '0.00', 1, '2022-02-06 18:00:00', '2022-02-06 18:00:00'),
(418, 1, NULL, 8, NULL, '2022-02-08 08:00:00', '2022-02-08 16:00:00', '2022-02-08', '0.00', '8.00', '0.00', 1, '2022-02-07 18:00:00', '2022-02-07 18:00:00'),
(419, 1, NULL, 8, NULL, '2022-02-09 08:00:00', '2022-02-09 16:00:00', '2022-02-09', '0.00', '8.00', '0.00', 1, '2022-02-08 18:00:00', '2022-02-08 18:00:00'),
(420, 1, NULL, 8, NULL, '2022-02-10 08:00:00', '2022-02-10 16:00:00', '2022-02-10', '0.00', '8.00', '0.00', 1, '2022-02-09 18:00:00', '2022-02-09 18:00:00'),
(421, 1, NULL, 8, NULL, '2022-02-12 08:00:00', '2022-02-12 16:00:00', '2022-02-12', '0.00', '8.00', '0.00', 1, '2022-02-11 18:00:00', '2022-02-11 18:00:00'),
(422, 1, NULL, 8, NULL, '2022-02-13 08:00:00', '2022-02-13 16:00:00', '2022-02-13', '0.00', '8.00', '0.00', 1, '2022-02-12 18:00:00', '2022-02-12 18:00:00'),
(423, 1, NULL, 8, NULL, '2022-02-14 08:00:00', '2022-02-14 16:00:00', '2022-02-14', '0.00', '8.00', '0.00', 1, '2022-02-13 18:00:00', '2022-02-13 18:00:00'),
(424, 1, NULL, 8, NULL, '2022-02-15 08:00:00', '2022-02-15 16:00:00', '2022-02-15', '0.00', '8.00', '0.00', 1, '2022-02-14 18:00:00', '2022-02-14 18:00:00'),
(425, 1, NULL, 8, NULL, '2022-02-16 08:00:00', '2022-02-16 16:00:00', '2022-02-16', '0.00', '8.00', '0.00', 1, '2022-02-15 18:00:00', '2022-02-15 18:00:00'),
(426, 1, NULL, 8, NULL, '2022-02-17 08:00:00', '2022-02-17 16:00:00', '2022-02-17', '0.00', '8.00', '0.00', 1, '2022-02-16 18:00:00', '2022-02-16 18:00:00'),
(427, 1, NULL, 8, NULL, '2022-02-19 08:00:00', '2022-02-19 16:00:00', '2022-02-19', '0.00', '8.00', '0.00', 1, '2022-02-18 18:00:00', '2022-02-18 18:00:00'),
(428, 1, NULL, 8, NULL, '2022-02-20 08:00:00', '2022-02-20 16:00:00', '2022-02-20', '0.00', '8.00', '0.00', 1, '2022-02-19 18:00:00', '2022-02-19 18:00:00'),
(429, 1, NULL, 8, NULL, '2022-02-21 08:00:00', '2022-02-21 16:00:00', '2022-02-21', '0.00', '8.00', '0.00', 1, '2022-02-20 18:00:00', '2022-02-20 18:00:00'),
(430, 1, NULL, 8, NULL, '2022-02-22 08:00:00', '2022-02-22 16:00:00', '2022-02-22', '0.00', '8.00', '0.00', 1, '2022-02-21 18:00:00', '2022-02-21 18:00:00'),
(431, 1, NULL, 8, NULL, '2022-02-23 08:00:00', '2022-02-23 16:00:00', '2022-02-23', '0.00', '8.00', '0.00', 1, '2022-02-22 18:00:00', '2022-02-22 18:00:00'),
(432, 1, NULL, 8, NULL, '2022-02-24 08:00:00', '2022-02-24 16:00:00', '2022-02-24', '0.00', '8.00', '0.00', 1, '2022-02-23 18:00:00', '2022-02-23 18:00:00'),
(433, 1, NULL, 8, NULL, '2022-02-26 08:00:00', '2022-02-26 16:00:00', '2022-02-26', '0.00', '8.00', '0.00', 1, '2022-02-25 18:00:00', '2022-02-25 18:00:00'),
(434, 1, NULL, 8, NULL, '2022-02-27 08:00:00', '2022-02-27 16:00:00', '2022-02-27', '0.00', '8.00', '0.00', 1, '2022-02-26 18:00:00', '2022-02-26 18:00:00'),
(435, 1, NULL, 8, NULL, '2022-02-28 08:00:00', '2022-02-28 16:00:00', '2022-02-28', '0.00', '8.00', '0.00', 1, '2022-02-27 18:00:00', '2022-02-27 18:00:00'),
(436, 1, 1, 9, NULL, '2022-02-01 08:00:00', '2022-02-01 16:00:00', '2022-02-01', '0.00', '8.00', '0.00', 1, '2022-01-31 18:00:00', '2022-01-31 18:00:00'),
(437, 1, 1, 9, NULL, '2022-02-02 08:00:00', '2022-02-02 16:00:00', '2022-02-02', '0.00', '8.00', '0.00', 1, '2022-02-01 18:00:00', '2022-02-01 18:00:00'),
(438, 1, 1, 9, NULL, '2022-02-03 08:00:00', '2022-02-03 16:00:00', '2022-02-03', '0.00', '8.00', '0.00', 1, '2022-02-02 18:00:00', '2022-02-02 18:00:00'),
(439, 1, 1, 9, NULL, '2022-02-05 08:00:00', '2022-02-05 16:00:00', '2022-02-05', '0.00', '8.00', '0.00', 1, '2022-02-04 18:00:00', '2022-02-04 18:00:00'),
(440, 1, 1, 9, NULL, '2022-02-06 08:00:00', '2022-02-06 16:00:00', '2022-02-06', '0.00', '8.00', '0.00', 1, '2022-02-05 18:00:00', '2022-02-05 18:00:00'),
(441, 1, 1, 9, NULL, '2022-02-07 08:00:00', '2022-02-07 16:00:00', '2022-02-07', '0.00', '8.00', '0.00', 1, '2022-02-06 18:00:00', '2022-02-06 18:00:00'),
(442, 1, 1, 9, NULL, '2022-02-08 08:00:00', '2022-02-08 16:00:00', '2022-02-08', '0.00', '8.00', '0.00', 1, '2022-02-07 18:00:00', '2022-02-07 18:00:00'),
(443, 1, 1, 9, NULL, '2022-02-09 08:00:00', '2022-02-09 16:00:00', '2022-02-09', '0.00', '8.00', '0.00', 1, '2022-02-08 18:00:00', '2022-02-08 18:00:00'),
(444, 1, 1, 9, NULL, '2022-02-10 08:00:00', '2022-02-10 16:00:00', '2022-02-10', '0.00', '8.00', '0.00', 1, '2022-02-09 18:00:00', '2022-02-09 18:00:00'),
(445, 1, 1, 9, NULL, '2022-02-12 08:00:00', '2022-02-12 16:00:00', '2022-02-12', '0.00', '8.00', '0.00', 1, '2022-02-11 18:00:00', '2022-02-11 18:00:00'),
(446, 1, 1, 9, NULL, '2022-02-13 08:00:00', '2022-02-13 16:00:00', '2022-02-13', '0.00', '8.00', '0.00', 1, '2022-02-12 18:00:00', '2022-02-12 18:00:00'),
(447, 1, 1, 9, NULL, '2022-02-14 08:00:00', '2022-02-14 16:00:00', '2022-02-14', '0.00', '8.00', '0.00', 1, '2022-02-13 18:00:00', '2022-02-13 18:00:00'),
(448, 1, 1, 9, NULL, '2022-02-15 08:00:00', '2022-02-15 16:00:00', '2022-02-15', '0.00', '8.00', '0.00', 1, '2022-02-14 18:00:00', '2022-02-14 18:00:00'),
(449, 1, 1, 9, NULL, '2022-02-16 08:00:00', '2022-02-16 16:00:00', '2022-02-16', '0.00', '8.00', '0.00', 1, '2022-02-15 18:00:00', '2022-02-15 18:00:00'),
(450, 1, 1, 9, NULL, '2022-02-17 08:00:00', '2022-02-17 16:00:00', '2022-02-17', '0.00', '8.00', '0.00', 1, '2022-02-16 18:00:00', '2022-02-16 18:00:00'),
(451, 1, 1, 9, NULL, '2022-02-19 08:00:00', '2022-02-19 16:00:00', '2022-02-19', '0.00', '8.00', '0.00', 1, '2022-02-18 18:00:00', '2022-02-18 18:00:00'),
(452, 1, 1, 9, NULL, '2022-02-20 08:00:00', '2022-02-20 16:00:00', '2022-02-20', '0.00', '8.00', '0.00', 1, '2022-02-19 18:00:00', '2022-02-19 18:00:00'),
(453, 1, 1, 9, NULL, '2022-02-21 08:00:00', '2022-02-21 16:00:00', '2022-02-21', '0.00', '8.00', '0.00', 1, '2022-02-20 18:00:00', '2022-02-20 18:00:00'),
(454, 1, 1, 9, NULL, '2022-02-22 08:00:00', '2022-02-22 16:00:00', '2022-02-22', '0.00', '8.00', '0.00', 1, '2022-02-21 18:00:00', '2022-02-21 18:00:00'),
(455, 1, 1, 9, NULL, '2022-02-23 08:00:00', '2022-02-23 16:00:00', '2022-02-23', '0.00', '8.00', '0.00', 1, '2022-02-22 18:00:00', '2022-02-22 18:00:00'),
(456, 1, 1, 9, NULL, '2022-02-24 08:00:00', '2022-02-24 16:00:00', '2022-02-24', '0.00', '8.00', '0.00', 1, '2022-02-23 18:00:00', '2022-02-23 18:00:00'),
(457, 1, NULL, 10, NULL, '2022-02-01 08:00:00', '2022-02-01 16:00:00', '2022-02-01', '0.00', '8.00', '0.00', 1, '2022-01-31 18:00:00', '2022-01-31 18:00:00'),
(458, 1, NULL, 10, NULL, '2022-02-02 08:00:00', '2022-02-02 16:00:00', '2022-02-02', '0.00', '8.00', '0.00', 1, '2022-02-01 18:00:00', '2022-02-01 18:00:00'),
(459, 1, NULL, 10, NULL, '2022-02-03 08:00:00', '2022-02-03 16:00:00', '2022-02-03', '0.00', '8.00', '0.00', 1, '2022-02-02 18:00:00', '2022-02-02 18:00:00'),
(460, 1, NULL, 10, NULL, '2022-02-05 08:00:00', '2022-02-05 16:00:00', '2022-02-05', '0.00', '8.00', '0.00', 1, '2022-02-04 18:00:00', '2022-02-04 18:00:00'),
(461, 1, NULL, 10, NULL, '2022-02-06 08:00:00', '2022-02-06 16:00:00', '2022-02-06', '0.00', '8.00', '0.00', 1, '2022-02-05 18:00:00', '2022-02-05 18:00:00'),
(462, 1, NULL, 10, NULL, '2022-02-07 08:00:00', '2022-02-07 16:00:00', '2022-02-07', '0.00', '8.00', '0.00', 1, '2022-02-06 18:00:00', '2022-02-06 18:00:00'),
(463, 1, NULL, 10, NULL, '2022-02-08 08:00:00', '2022-02-08 16:00:00', '2022-02-08', '0.00', '8.00', '0.00', 1, '2022-02-07 18:00:00', '2022-02-07 18:00:00'),
(464, 1, NULL, 10, NULL, '2022-02-09 08:00:00', '2022-02-09 16:00:00', '2022-02-09', '0.00', '8.00', '0.00', 1, '2022-02-08 18:00:00', '2022-02-08 18:00:00'),
(465, 1, NULL, 10, NULL, '2022-02-10 08:00:00', '2022-02-10 16:00:00', '2022-02-10', '0.00', '8.00', '0.00', 1, '2022-02-09 18:00:00', '2022-02-09 18:00:00'),
(466, 1, NULL, 10, NULL, '2022-02-12 08:00:00', '2022-02-12 16:00:00', '2022-02-12', '0.00', '8.00', '0.00', 1, '2022-02-11 18:00:00', '2022-02-11 18:00:00'),
(467, 1, NULL, 10, NULL, '2022-02-13 08:00:00', '2022-02-13 16:00:00', '2022-02-13', '0.00', '8.00', '0.00', 1, '2022-02-12 18:00:00', '2022-02-12 18:00:00'),
(468, 1, NULL, 10, NULL, '2022-02-14 08:00:00', '2022-02-14 16:00:00', '2022-02-14', '0.00', '8.00', '0.00', 1, '2022-02-13 18:00:00', '2022-02-13 18:00:00'),
(469, 1, NULL, 10, NULL, '2022-02-15 08:00:00', '2022-02-15 16:00:00', '2022-02-15', '0.00', '8.00', '0.00', 1, '2022-02-14 18:00:00', '2022-02-14 18:00:00'),
(470, 1, NULL, 10, NULL, '2022-02-16 08:00:00', '2022-02-16 16:00:00', '2022-02-16', '0.00', '8.00', '0.00', 1, '2022-02-15 18:00:00', '2022-02-15 18:00:00'),
(471, 1, NULL, 10, NULL, '2022-02-17 08:00:00', '2022-02-17 16:00:00', '2022-02-17', '0.00', '8.00', '0.00', 1, '2022-02-16 18:00:00', '2022-02-16 18:00:00'),
(472, 1, NULL, 10, NULL, '2022-02-19 08:00:00', '2022-02-19 16:00:00', '2022-02-19', '0.00', '8.00', '0.00', 1, '2022-02-18 18:00:00', '2022-02-18 18:00:00'),
(473, 1, NULL, 10, NULL, '2022-02-20 08:00:00', '2022-02-20 16:00:00', '2022-02-20', '0.00', '8.00', '0.00', 1, '2022-02-19 18:00:00', '2022-02-19 18:00:00'),
(474, 1, NULL, 10, NULL, '2022-02-21 08:00:00', '2022-02-21 16:00:00', '2022-02-21', '0.00', '8.00', '0.00', 1, '2022-02-20 18:00:00', '2022-02-20 18:00:00'),
(475, 1, NULL, 10, NULL, '2022-02-22 08:00:00', '2022-02-22 16:00:00', '2022-02-22', '0.00', '8.00', '0.00', 1, '2022-02-21 18:00:00', '2022-02-21 18:00:00'),
(476, 1, NULL, 10, NULL, '2022-02-23 08:00:00', '2022-02-23 16:00:00', '2022-02-23', '0.00', '8.00', '0.00', 1, '2022-02-22 18:00:00', '2022-02-22 18:00:00'),
(477, 1, NULL, 10, NULL, '2022-02-24 08:00:00', '2022-02-24 16:00:00', '2022-02-24', '0.00', '8.00', '0.00', 1, '2022-02-23 18:00:00', '2022-02-23 18:00:00'),
(478, 1, NULL, 10, NULL, '2022-02-26 08:00:00', '2022-02-26 16:00:00', '2022-02-26', '0.00', '8.00', '0.00', 1, '2022-02-25 18:00:00', '2022-02-25 18:00:00'),
(479, 1, NULL, 10, NULL, '2022-02-27 08:00:00', '2022-02-27 16:00:00', '2022-02-27', '0.00', '8.00', '0.00', 1, '2022-02-26 18:00:00', '2022-02-26 18:00:00'),
(480, 1, NULL, 10, NULL, '2022-02-28 08:00:00', '2022-02-28 16:00:00', '2022-02-28', '0.00', '8.00', '0.00', 1, '2022-02-27 18:00:00', '2022-02-27 18:00:00'),
(481, 1, 1, 1, NULL, '2022-03-01 08:00:00', '2022-03-01 16:00:00', '2022-03-01', '0.00', '8.00', '0.00', 1, '2022-02-28 18:00:00', '2022-02-28 18:00:00'),
(482, 1, 1, 1, NULL, '2022-03-02 08:00:00', '2022-03-02 16:00:00', '2022-03-02', '0.00', '8.00', '0.00', 1, '2022-03-01 18:00:00', '2022-03-01 18:00:00'),
(483, 1, 1, 1, NULL, '2022-03-03 08:00:00', '2022-03-03 16:00:00', '2022-03-03', '0.00', '8.00', '0.00', 1, '2022-03-02 18:00:00', '2022-03-02 18:00:00'),
(484, 1, 1, 1, NULL, '2022-03-05 08:00:00', '2022-03-05 16:00:00', '2022-03-05', '0.00', '8.00', '0.00', 1, '2022-03-04 18:00:00', '2022-03-04 18:00:00'),
(485, 1, 1, 1, NULL, '2022-03-06 08:00:00', '2022-03-06 16:00:00', '2022-03-06', '0.00', '8.00', '0.00', 1, '2022-03-05 18:00:00', '2022-03-05 18:00:00'),
(486, 1, 1, 1, NULL, '2022-03-07 08:00:00', '2022-03-07 16:00:00', '2022-03-07', '0.00', '8.00', '0.00', 1, '2022-03-06 18:00:00', '2022-03-06 18:00:00'),
(487, 1, 1, 1, NULL, '2022-03-08 08:00:00', '2022-03-08 16:00:00', '2022-03-08', '0.00', '8.00', '0.00', 1, '2022-03-07 18:00:00', '2022-03-07 18:00:00'),
(488, 1, 1, 1, NULL, '2022-03-09 08:00:00', '2022-03-09 16:00:00', '2022-03-09', '0.00', '8.00', '0.00', 1, '2022-03-08 18:00:00', '2022-03-08 18:00:00'),
(489, 1, 1, 1, NULL, '2022-03-10 08:00:00', '2022-03-10 16:00:00', '2022-03-10', '0.00', '8.00', '0.00', 1, '2022-03-09 18:00:00', '2022-03-09 18:00:00'),
(490, 1, 1, 1, NULL, '2022-03-12 08:00:00', '2022-03-12 16:00:00', '2022-03-12', '0.00', '8.00', '0.00', 1, '2022-03-11 18:00:00', '2022-03-11 18:00:00'),
(491, 1, 1, 1, NULL, '2022-03-13 08:00:00', '2022-03-13 16:00:00', '2022-03-13', '0.00', '8.00', '0.00', 1, '2022-03-12 18:00:00', '2022-03-12 18:00:00'),
(492, 1, 1, 1, NULL, '2022-03-14 08:00:00', '2022-03-14 16:00:00', '2022-03-14', '0.00', '8.00', '0.00', 1, '2022-03-13 18:00:00', '2022-03-13 18:00:00'),
(493, 1, 1, 1, NULL, '2022-03-15 08:00:00', '2022-03-15 16:00:00', '2022-03-15', '0.00', '8.00', '0.00', 1, '2022-03-14 18:00:00', '2022-03-14 18:00:00'),
(494, 1, 1, 1, NULL, '2022-03-16 08:00:00', '2022-03-16 16:00:00', '2022-03-16', '0.00', '8.00', '0.00', 1, '2022-03-15 18:00:00', '2022-03-15 18:00:00'),
(495, 1, 1, 1, NULL, '2022-03-17 08:00:00', '2022-03-17 16:00:00', '2022-03-17', '0.00', '8.00', '0.00', 1, '2022-03-16 18:00:00', '2022-03-16 18:00:00'),
(496, 1, 1, 1, NULL, '2022-03-19 08:00:00', '2022-03-19 16:00:00', '2022-03-19', '0.00', '8.00', '0.00', 1, '2022-03-18 18:00:00', '2022-03-18 18:00:00'),
(497, 1, 1, 1, NULL, '2022-03-20 08:00:00', '2022-03-20 16:00:00', '2022-03-20', '0.00', '8.00', '0.00', 1, '2022-03-19 18:00:00', '2022-03-19 18:00:00'),
(498, 1, 1, 1, NULL, '2022-03-21 08:00:00', '2022-03-21 16:00:00', '2022-03-21', '0.00', '8.00', '0.00', 1, '2022-03-20 18:00:00', '2022-03-20 18:00:00'),
(499, 1, 1, 1, NULL, '2022-03-22 08:00:00', '2022-03-22 16:00:00', '2022-03-22', '0.00', '8.00', '0.00', 1, '2022-03-21 18:00:00', '2022-03-21 18:00:00'),
(500, 1, 1, 1, NULL, '2022-03-23 08:00:00', '2022-03-23 16:00:00', '2022-03-23', '0.00', '8.00', '0.00', 1, '2022-03-22 18:00:00', '2022-03-22 18:00:00'),
(501, 1, 1, 1, NULL, '2022-03-24 08:00:00', '2022-03-24 16:00:00', '2022-03-24', '0.00', '8.00', '0.00', 1, '2022-03-23 18:00:00', '2022-03-23 18:00:00'),
(502, 1, 1, 1, NULL, '2022-03-26 08:00:00', '2022-03-26 16:00:00', '2022-03-26', '0.00', '8.00', '0.00', 1, '2022-03-25 18:00:00', '2022-03-25 18:00:00'),
(503, 1, 1, 1, NULL, '2022-03-27 08:00:00', '2022-03-27 16:00:00', '2022-03-27', '0.00', '8.00', '0.00', 1, '2022-03-26 18:00:00', '2022-03-26 18:00:00'),
(504, 1, 1, 1, NULL, '2022-03-28 08:00:00', '2022-03-28 16:00:00', '2022-03-28', '0.00', '8.00', '0.00', 1, '2022-03-27 18:00:00', '2022-03-27 18:00:00'),
(505, 1, NULL, 2, NULL, '2022-03-01 08:00:00', '2022-03-01 16:00:00', '2022-03-01', '0.00', '8.00', '0.00', 1, '2022-02-28 18:00:00', '2022-02-28 18:00:00'),
(506, 1, NULL, 2, NULL, '2022-03-02 08:00:00', '2022-03-02 16:00:00', '2022-03-02', '0.00', '8.00', '0.00', 1, '2022-03-01 18:00:00', '2022-03-01 18:00:00'),
(507, 1, NULL, 2, NULL, '2022-03-03 08:00:00', '2022-03-03 16:00:00', '2022-03-03', '0.00', '8.00', '0.00', 1, '2022-03-02 18:00:00', '2022-03-02 18:00:00'),
(508, 1, NULL, 2, NULL, '2022-03-05 08:00:00', '2022-03-05 16:00:00', '2022-03-05', '0.00', '8.00', '0.00', 1, '2022-03-04 18:00:00', '2022-03-04 18:00:00'),
(509, 1, NULL, 2, NULL, '2022-03-06 08:00:00', '2022-03-06 16:00:00', '2022-03-06', '0.00', '8.00', '0.00', 1, '2022-03-05 18:00:00', '2022-03-05 18:00:00'),
(510, 1, NULL, 2, NULL, '2022-03-07 08:00:00', '2022-03-07 16:00:00', '2022-03-07', '0.00', '8.00', '0.00', 1, '2022-03-06 18:00:00', '2022-03-06 18:00:00'),
(511, 1, NULL, 2, NULL, '2022-03-08 08:00:00', '2022-03-08 16:00:00', '2022-03-08', '0.00', '8.00', '0.00', 1, '2022-03-07 18:00:00', '2022-03-07 18:00:00'),
(512, 1, NULL, 2, NULL, '2022-03-09 08:00:00', '2022-03-09 16:00:00', '2022-03-09', '0.00', '8.00', '0.00', 1, '2022-03-08 18:00:00', '2022-03-08 18:00:00'),
(513, 1, NULL, 2, NULL, '2022-03-10 08:00:00', '2022-03-10 16:00:00', '2022-03-10', '0.00', '8.00', '0.00', 1, '2022-03-09 18:00:00', '2022-03-09 18:00:00'),
(514, 1, NULL, 2, NULL, '2022-03-12 08:00:00', '2022-03-12 16:00:00', '2022-03-12', '0.00', '8.00', '0.00', 1, '2022-03-11 18:00:00', '2022-03-11 18:00:00'),
(515, 1, NULL, 2, NULL, '2022-03-13 08:00:00', '2022-03-13 16:00:00', '2022-03-13', '0.00', '8.00', '0.00', 1, '2022-03-12 18:00:00', '2022-03-12 18:00:00'),
(516, 1, NULL, 2, NULL, '2022-03-14 08:00:00', '2022-03-14 16:00:00', '2022-03-14', '0.00', '8.00', '0.00', 1, '2022-03-13 18:00:00', '2022-03-13 18:00:00'),
(517, 1, NULL, 2, NULL, '2022-03-15 08:00:00', '2022-03-15 16:00:00', '2022-03-15', '0.00', '8.00', '0.00', 1, '2022-03-14 18:00:00', '2022-03-14 18:00:00'),
(518, 1, NULL, 2, NULL, '2022-03-16 08:00:00', '2022-03-16 16:00:00', '2022-03-16', '0.00', '8.00', '0.00', 1, '2022-03-15 18:00:00', '2022-03-15 18:00:00'),
(519, 1, NULL, 2, NULL, '2022-03-17 08:00:00', '2022-03-17 16:00:00', '2022-03-17', '0.00', '8.00', '0.00', 1, '2022-03-16 18:00:00', '2022-03-16 18:00:00'),
(520, 1, NULL, 2, NULL, '2022-03-19 08:00:00', '2022-03-19 16:00:00', '2022-03-19', '0.00', '8.00', '0.00', 1, '2022-03-18 18:00:00', '2022-03-18 18:00:00'),
(521, 1, NULL, 2, NULL, '2022-03-20 08:00:00', '2022-03-20 16:00:00', '2022-03-20', '0.00', '8.00', '0.00', 1, '2022-03-19 18:00:00', '2022-03-19 18:00:00'),
(522, 1, NULL, 2, NULL, '2022-03-21 08:00:00', '2022-03-21 16:00:00', '2022-03-21', '0.00', '8.00', '0.00', 1, '2022-03-20 18:00:00', '2022-03-20 18:00:00'),
(523, 1, NULL, 2, NULL, '2022-03-22 08:00:00', '2022-03-22 16:00:00', '2022-03-22', '0.00', '8.00', '0.00', 1, '2022-03-21 18:00:00', '2022-03-21 18:00:00'),
(524, 1, NULL, 2, NULL, '2022-03-23 08:00:00', '2022-03-23 16:00:00', '2022-03-23', '0.00', '8.00', '0.00', 1, '2022-03-22 18:00:00', '2022-03-22 18:00:00'),
(525, 1, NULL, 2, NULL, '2022-03-24 08:00:00', '2022-03-24 16:00:00', '2022-03-24', '0.00', '8.00', '0.00', 1, '2022-03-23 18:00:00', '2022-03-23 18:00:00'),
(526, 1, NULL, 2, NULL, '2022-03-26 08:00:00', '2022-03-26 16:00:00', '2022-03-26', '0.00', '8.00', '0.00', 1, '2022-03-25 18:00:00', '2022-03-25 18:00:00'),
(527, 1, NULL, 2, NULL, '2022-03-27 08:00:00', '2022-03-27 16:00:00', '2022-03-27', '0.00', '8.00', '0.00', 1, '2022-03-26 18:00:00', '2022-03-26 18:00:00'),
(528, 1, NULL, 2, NULL, '2022-03-28 08:00:00', '2022-03-28 16:00:00', '2022-03-28', '0.00', '8.00', '0.00', 1, '2022-03-27 18:00:00', '2022-03-27 18:00:00'),
(529, 1, NULL, 2, NULL, '2022-03-29 08:00:00', '2022-03-29 16:00:00', '2022-03-29', '0.00', '8.00', '0.00', 1, '2022-03-28 18:00:00', '2022-03-28 18:00:00'),
(530, 1, NULL, 2, NULL, '2022-03-30 08:00:00', '2022-03-30 16:00:00', '2022-03-30', '0.00', '8.00', '0.00', 1, '2022-03-29 18:00:00', '2022-03-29 18:00:00'),
(531, 1, NULL, 2, NULL, '2022-03-31 08:00:00', '2022-03-31 16:00:00', '2022-03-31', '0.00', '8.00', '0.00', 1, '2022-03-30 18:00:00', '2022-03-30 18:00:00'),
(532, 1, 1, 3, NULL, '2022-03-01 08:00:00', '2022-03-01 16:00:00', '2022-03-01', '0.00', '8.00', '0.00', 1, '2022-02-28 18:00:00', '2022-02-28 18:00:00'),
(533, 1, 1, 3, NULL, '2022-03-02 08:00:00', '2022-03-02 16:00:00', '2022-03-02', '0.00', '8.00', '0.00', 1, '2022-03-01 18:00:00', '2022-03-01 18:00:00'),
(534, 1, 1, 3, NULL, '2022-03-03 08:00:00', '2022-03-03 16:00:00', '2022-03-03', '0.00', '8.00', '0.00', 1, '2022-03-02 18:00:00', '2022-03-02 18:00:00'),
(535, 1, 1, 3, NULL, '2022-03-05 08:00:00', '2022-03-05 16:00:00', '2022-03-05', '0.00', '8.00', '0.00', 1, '2022-03-04 18:00:00', '2022-03-04 18:00:00'),
(536, 1, 1, 3, NULL, '2022-03-06 08:00:00', '2022-03-06 16:00:00', '2022-03-06', '0.00', '8.00', '0.00', 1, '2022-03-05 18:00:00', '2022-03-05 18:00:00'),
(537, 1, 1, 3, NULL, '2022-03-07 08:00:00', '2022-03-07 16:00:00', '2022-03-07', '0.00', '8.00', '0.00', 1, '2022-03-06 18:00:00', '2022-03-06 18:00:00'),
(538, 1, 1, 3, NULL, '2022-03-08 08:00:00', '2022-03-08 16:00:00', '2022-03-08', '0.00', '8.00', '0.00', 1, '2022-03-07 18:00:00', '2022-03-07 18:00:00'),
(539, 1, 1, 3, NULL, '2022-03-09 08:00:00', '2022-03-09 16:00:00', '2022-03-09', '0.00', '8.00', '0.00', 1, '2022-03-08 18:00:00', '2022-03-08 18:00:00'),
(540, 1, 1, 3, NULL, '2022-03-10 08:00:00', '2022-03-10 16:00:00', '2022-03-10', '0.00', '8.00', '0.00', 1, '2022-03-09 18:00:00', '2022-03-09 18:00:00'),
(541, 1, 1, 3, NULL, '2022-03-12 08:00:00', '2022-03-12 16:00:00', '2022-03-12', '0.00', '8.00', '0.00', 1, '2022-03-11 18:00:00', '2022-03-11 18:00:00'),
(542, 1, 1, 3, NULL, '2022-03-13 08:00:00', '2022-03-13 16:00:00', '2022-03-13', '0.00', '8.00', '0.00', 1, '2022-03-12 18:00:00', '2022-03-12 18:00:00'),
(543, 1, 1, 3, NULL, '2022-03-14 08:00:00', '2022-03-14 16:00:00', '2022-03-14', '0.00', '8.00', '0.00', 1, '2022-03-13 18:00:00', '2022-03-13 18:00:00'),
(544, 1, 1, 3, NULL, '2022-03-15 08:00:00', '2022-03-15 16:00:00', '2022-03-15', '0.00', '8.00', '0.00', 1, '2022-03-14 18:00:00', '2022-03-14 18:00:00'),
(545, 1, 1, 3, NULL, '2022-03-16 08:00:00', '2022-03-16 16:00:00', '2022-03-16', '0.00', '8.00', '0.00', 1, '2022-03-15 18:00:00', '2022-03-15 18:00:00'),
(546, 1, 1, 3, NULL, '2022-03-17 08:00:00', '2022-03-17 16:00:00', '2022-03-17', '0.00', '8.00', '0.00', 1, '2022-03-16 18:00:00', '2022-03-16 18:00:00'),
(547, 1, 1, 3, NULL, '2022-03-19 08:00:00', '2022-03-19 16:00:00', '2022-03-19', '0.00', '8.00', '0.00', 1, '2022-03-18 18:00:00', '2022-03-18 18:00:00'),
(548, 1, 1, 3, NULL, '2022-03-20 08:00:00', '2022-03-20 16:00:00', '2022-03-20', '0.00', '8.00', '0.00', 1, '2022-03-19 18:00:00', '2022-03-19 18:00:00'),
(549, 1, 1, 3, NULL, '2022-03-21 08:00:00', '2022-03-21 16:00:00', '2022-03-21', '0.00', '8.00', '0.00', 1, '2022-03-20 18:00:00', '2022-03-20 18:00:00'),
(550, 1, 1, 3, NULL, '2022-03-22 08:00:00', '2022-03-22 16:00:00', '2022-03-22', '0.00', '8.00', '0.00', 1, '2022-03-21 18:00:00', '2022-03-21 18:00:00'),
(551, 1, 1, 3, NULL, '2022-03-23 08:00:00', '2022-03-23 16:00:00', '2022-03-23', '0.00', '8.00', '0.00', 1, '2022-03-22 18:00:00', '2022-03-22 18:00:00'),
(552, 1, 1, 3, NULL, '2022-03-24 08:00:00', '2022-03-24 16:00:00', '2022-03-24', '0.00', '8.00', '0.00', 1, '2022-03-23 18:00:00', '2022-03-23 18:00:00'),
(553, 1, 1, 3, NULL, '2022-03-26 08:00:00', '2022-03-26 16:00:00', '2022-03-26', '0.00', '8.00', '0.00', 1, '2022-03-25 18:00:00', '2022-03-25 18:00:00'),
(554, 1, 1, 3, NULL, '2022-03-27 08:00:00', '2022-03-27 16:00:00', '2022-03-27', '0.00', '8.00', '0.00', 1, '2022-03-26 18:00:00', '2022-03-26 18:00:00'),
(555, 1, 1, 3, NULL, '2022-03-28 08:00:00', '2022-03-28 16:00:00', '2022-03-28', '0.00', '8.00', '0.00', 1, '2022-03-27 18:00:00', '2022-03-27 18:00:00'),
(556, 1, NULL, 4, NULL, '2022-03-01 08:00:00', '2022-03-01 16:00:00', '2022-03-01', '0.00', '8.00', '0.00', 1, '2022-02-28 18:00:00', '2022-02-28 18:00:00'),
(557, 1, NULL, 4, NULL, '2022-03-02 08:00:00', '2022-03-02 16:00:00', '2022-03-02', '0.00', '8.00', '0.00', 1, '2022-03-01 18:00:00', '2022-03-01 18:00:00'),
(558, 1, NULL, 4, NULL, '2022-03-03 08:00:00', '2022-03-03 16:00:00', '2022-03-03', '0.00', '8.00', '0.00', 1, '2022-03-02 18:00:00', '2022-03-02 18:00:00'),
(559, 1, NULL, 4, NULL, '2022-03-05 08:00:00', '2022-03-05 16:00:00', '2022-03-05', '0.00', '8.00', '0.00', 1, '2022-03-04 18:00:00', '2022-03-04 18:00:00'),
(560, 1, NULL, 4, NULL, '2022-03-06 08:00:00', '2022-03-06 16:00:00', '2022-03-06', '0.00', '8.00', '0.00', 1, '2022-03-05 18:00:00', '2022-03-05 18:00:00'),
(561, 1, NULL, 4, NULL, '2022-03-07 08:00:00', '2022-03-07 16:00:00', '2022-03-07', '0.00', '8.00', '0.00', 1, '2022-03-06 18:00:00', '2022-03-06 18:00:00'),
(562, 1, NULL, 4, NULL, '2022-03-08 08:00:00', '2022-03-08 16:00:00', '2022-03-08', '0.00', '8.00', '0.00', 1, '2022-03-07 18:00:00', '2022-03-07 18:00:00'),
(563, 1, NULL, 4, NULL, '2022-03-09 08:00:00', '2022-03-09 16:00:00', '2022-03-09', '0.00', '8.00', '0.00', 1, '2022-03-08 18:00:00', '2022-03-08 18:00:00'),
(564, 1, NULL, 4, NULL, '2022-03-10 08:00:00', '2022-03-10 16:00:00', '2022-03-10', '0.00', '8.00', '0.00', 1, '2022-03-09 18:00:00', '2022-03-09 18:00:00'),
(565, 1, NULL, 4, NULL, '2022-03-12 08:00:00', '2022-03-12 16:00:00', '2022-03-12', '0.00', '8.00', '0.00', 1, '2022-03-11 18:00:00', '2022-03-11 18:00:00'),
(566, 1, NULL, 4, NULL, '2022-03-13 08:00:00', '2022-03-13 16:00:00', '2022-03-13', '0.00', '8.00', '0.00', 1, '2022-03-12 18:00:00', '2022-03-12 18:00:00'),
(567, 1, NULL, 4, NULL, '2022-03-14 08:00:00', '2022-03-14 16:00:00', '2022-03-14', '0.00', '8.00', '0.00', 1, '2022-03-13 18:00:00', '2022-03-13 18:00:00'),
(568, 1, NULL, 4, NULL, '2022-03-15 08:00:00', '2022-03-15 16:00:00', '2022-03-15', '0.00', '8.00', '0.00', 1, '2022-03-14 18:00:00', '2022-03-14 18:00:00'),
(569, 1, NULL, 4, NULL, '2022-03-16 08:00:00', '2022-03-16 16:00:00', '2022-03-16', '0.00', '8.00', '0.00', 1, '2022-03-15 18:00:00', '2022-03-15 18:00:00'),
(570, 1, NULL, 4, NULL, '2022-03-17 08:00:00', '2022-03-17 16:00:00', '2022-03-17', '0.00', '8.00', '0.00', 1, '2022-03-16 18:00:00', '2022-03-16 18:00:00'),
(571, 1, NULL, 4, NULL, '2022-03-19 08:00:00', '2022-03-19 16:00:00', '2022-03-19', '0.00', '8.00', '0.00', 1, '2022-03-18 18:00:00', '2022-03-18 18:00:00'),
(572, 1, NULL, 4, NULL, '2022-03-20 08:00:00', '2022-03-20 16:00:00', '2022-03-20', '0.00', '8.00', '0.00', 1, '2022-03-19 18:00:00', '2022-03-19 18:00:00'),
(573, 1, NULL, 4, NULL, '2022-03-21 08:00:00', '2022-03-21 16:00:00', '2022-03-21', '0.00', '8.00', '0.00', 1, '2022-03-20 18:00:00', '2022-03-20 18:00:00'),
(574, 1, NULL, 4, NULL, '2022-03-22 08:00:00', '2022-03-22 16:00:00', '2022-03-22', '0.00', '8.00', '0.00', 1, '2022-03-21 18:00:00', '2022-03-21 18:00:00'),
(575, 1, NULL, 4, NULL, '2022-03-23 08:00:00', '2022-03-23 16:00:00', '2022-03-23', '0.00', '8.00', '0.00', 1, '2022-03-22 18:00:00', '2022-03-22 18:00:00'),
(576, 1, NULL, 4, NULL, '2022-03-24 08:00:00', '2022-03-24 16:00:00', '2022-03-24', '0.00', '8.00', '0.00', 1, '2022-03-23 18:00:00', '2022-03-23 18:00:00'),
(577, 1, NULL, 4, NULL, '2022-03-26 08:00:00', '2022-03-26 16:00:00', '2022-03-26', '0.00', '8.00', '0.00', 1, '2022-03-25 18:00:00', '2022-03-25 18:00:00'),
(578, 1, NULL, 4, NULL, '2022-03-27 08:00:00', '2022-03-27 16:00:00', '2022-03-27', '0.00', '8.00', '0.00', 1, '2022-03-26 18:00:00', '2022-03-26 18:00:00'),
(579, 1, NULL, 4, NULL, '2022-03-28 08:00:00', '2022-03-28 16:00:00', '2022-03-28', '0.00', '8.00', '0.00', 1, '2022-03-27 18:00:00', '2022-03-27 18:00:00'),
(580, 1, NULL, 4, NULL, '2022-03-29 08:00:00', '2022-03-29 16:00:00', '2022-03-29', '0.00', '8.00', '0.00', 1, '2022-03-28 18:00:00', '2022-03-28 18:00:00'),
(581, 1, NULL, 4, NULL, '2022-03-30 08:00:00', '2022-03-30 16:00:00', '2022-03-30', '0.00', '8.00', '0.00', 1, '2022-03-29 18:00:00', '2022-03-29 18:00:00'),
(582, 1, NULL, 4, NULL, '2022-03-31 08:00:00', '2022-03-31 16:00:00', '2022-03-31', '0.00', '8.00', '0.00', 1, '2022-03-30 18:00:00', '2022-03-30 18:00:00'),
(583, 1, 1, 5, NULL, '2022-03-01 08:00:00', '2022-03-01 16:00:00', '2022-03-01', '0.00', '8.00', '0.00', 1, '2022-02-28 18:00:00', '2022-02-28 18:00:00'),
(584, 1, 1, 5, NULL, '2022-03-02 08:00:00', '2022-03-02 16:00:00', '2022-03-02', '0.00', '8.00', '0.00', 1, '2022-03-01 18:00:00', '2022-03-01 18:00:00'),
(585, 1, 1, 5, NULL, '2022-03-03 08:00:00', '2022-03-03 16:00:00', '2022-03-03', '0.00', '8.00', '0.00', 1, '2022-03-02 18:00:00', '2022-03-02 18:00:00'),
(586, 1, 1, 5, NULL, '2022-03-05 08:00:00', '2022-03-05 16:00:00', '2022-03-05', '0.00', '8.00', '0.00', 1, '2022-03-04 18:00:00', '2022-03-04 18:00:00'),
(587, 1, 1, 5, NULL, '2022-03-06 08:00:00', '2022-03-06 16:00:00', '2022-03-06', '0.00', '8.00', '0.00', 1, '2022-03-05 18:00:00', '2022-03-05 18:00:00'),
(588, 1, 1, 5, NULL, '2022-03-07 08:00:00', '2022-03-07 16:00:00', '2022-03-07', '0.00', '8.00', '0.00', 1, '2022-03-06 18:00:00', '2022-03-06 18:00:00'),
(589, 1, 1, 5, NULL, '2022-03-08 08:00:00', '2022-03-08 16:00:00', '2022-03-08', '0.00', '8.00', '0.00', 1, '2022-03-07 18:00:00', '2022-03-07 18:00:00'),
(590, 1, 1, 5, NULL, '2022-03-09 08:00:00', '2022-03-09 16:00:00', '2022-03-09', '0.00', '8.00', '0.00', 1, '2022-03-08 18:00:00', '2022-03-08 18:00:00'),
(591, 1, 1, 5, NULL, '2022-03-10 08:00:00', '2022-03-10 16:00:00', '2022-03-10', '0.00', '8.00', '0.00', 1, '2022-03-09 18:00:00', '2022-03-09 18:00:00'),
(592, 1, 1, 5, NULL, '2022-03-12 08:00:00', '2022-03-12 16:00:00', '2022-03-12', '0.00', '8.00', '0.00', 1, '2022-03-11 18:00:00', '2022-03-11 18:00:00'),
(593, 1, 1, 5, NULL, '2022-03-13 08:00:00', '2022-03-13 16:00:00', '2022-03-13', '0.00', '8.00', '0.00', 1, '2022-03-12 18:00:00', '2022-03-12 18:00:00'),
(594, 1, 1, 5, NULL, '2022-03-14 08:00:00', '2022-03-14 16:00:00', '2022-03-14', '0.00', '8.00', '0.00', 1, '2022-03-13 18:00:00', '2022-03-13 18:00:00'),
(595, 1, 1, 5, NULL, '2022-03-15 08:00:00', '2022-03-15 16:00:00', '2022-03-15', '0.00', '8.00', '0.00', 1, '2022-03-14 18:00:00', '2022-03-14 18:00:00'),
(596, 1, 1, 5, NULL, '2022-03-16 08:00:00', '2022-03-16 16:00:00', '2022-03-16', '0.00', '8.00', '0.00', 1, '2022-03-15 18:00:00', '2022-03-15 18:00:00'),
(597, 1, 1, 5, NULL, '2022-03-17 08:00:00', '2022-03-17 16:00:00', '2022-03-17', '0.00', '8.00', '0.00', 1, '2022-03-16 18:00:00', '2022-03-16 18:00:00'),
(598, 1, 1, 5, NULL, '2022-03-19 08:00:00', '2022-03-19 16:00:00', '2022-03-19', '0.00', '8.00', '0.00', 1, '2022-03-18 18:00:00', '2022-03-18 18:00:00'),
(599, 1, 1, 5, NULL, '2022-03-20 08:00:00', '2022-03-20 16:00:00', '2022-03-20', '0.00', '8.00', '0.00', 1, '2022-03-19 18:00:00', '2022-03-19 18:00:00'),
(600, 1, 1, 5, NULL, '2022-03-21 08:00:00', '2022-03-21 16:00:00', '2022-03-21', '0.00', '8.00', '0.00', 1, '2022-03-20 18:00:00', '2022-03-20 18:00:00'),
(601, 1, 1, 5, NULL, '2022-03-22 08:00:00', '2022-03-22 16:00:00', '2022-03-22', '0.00', '8.00', '0.00', 1, '2022-03-21 18:00:00', '2022-03-21 18:00:00'),
(602, 1, 1, 5, NULL, '2022-03-23 08:00:00', '2022-03-23 16:00:00', '2022-03-23', '0.00', '8.00', '0.00', 1, '2022-03-22 18:00:00', '2022-03-22 18:00:00'),
(603, 1, 1, 5, NULL, '2022-03-24 08:00:00', '2022-03-24 16:00:00', '2022-03-24', '0.00', '8.00', '0.00', 1, '2022-03-23 18:00:00', '2022-03-23 18:00:00'),
(604, 1, 1, 5, NULL, '2022-03-26 08:00:00', '2022-03-26 16:00:00', '2022-03-26', '0.00', '8.00', '0.00', 1, '2022-03-25 18:00:00', '2022-03-25 18:00:00'),
(605, 1, 1, 5, NULL, '2022-03-27 08:00:00', '2022-03-27 16:00:00', '2022-03-27', '0.00', '8.00', '0.00', 1, '2022-03-26 18:00:00', '2022-03-26 18:00:00'),
(606, 1, 1, 5, NULL, '2022-03-28 08:00:00', '2022-03-28 16:00:00', '2022-03-28', '0.00', '8.00', '0.00', 1, '2022-03-27 18:00:00', '2022-03-27 18:00:00'),
(607, 1, NULL, 6, NULL, '2022-03-01 08:00:00', '2022-03-01 16:00:00', '2022-03-01', '0.00', '8.00', '0.00', 1, '2022-02-28 18:00:00', '2022-02-28 18:00:00'),
(608, 1, NULL, 6, NULL, '2022-03-02 08:00:00', '2022-03-02 16:00:00', '2022-03-02', '0.00', '8.00', '0.00', 1, '2022-03-01 18:00:00', '2022-03-01 18:00:00'),
(609, 1, NULL, 6, NULL, '2022-03-03 08:00:00', '2022-03-03 16:00:00', '2022-03-03', '0.00', '8.00', '0.00', 1, '2022-03-02 18:00:00', '2022-03-02 18:00:00'),
(610, 1, NULL, 6, NULL, '2022-03-05 08:00:00', '2022-03-05 16:00:00', '2022-03-05', '0.00', '8.00', '0.00', 1, '2022-03-04 18:00:00', '2022-03-04 18:00:00'),
(611, 1, NULL, 6, NULL, '2022-03-06 08:00:00', '2022-03-06 16:00:00', '2022-03-06', '0.00', '8.00', '0.00', 1, '2022-03-05 18:00:00', '2022-03-05 18:00:00'),
(612, 1, NULL, 6, NULL, '2022-03-07 08:00:00', '2022-03-07 16:00:00', '2022-03-07', '0.00', '8.00', '0.00', 1, '2022-03-06 18:00:00', '2022-03-06 18:00:00'),
(613, 1, NULL, 6, NULL, '2022-03-08 08:00:00', '2022-03-08 16:00:00', '2022-03-08', '0.00', '8.00', '0.00', 1, '2022-03-07 18:00:00', '2022-03-07 18:00:00'),
(614, 1, NULL, 6, NULL, '2022-03-09 08:00:00', '2022-03-09 16:00:00', '2022-03-09', '0.00', '8.00', '0.00', 1, '2022-03-08 18:00:00', '2022-03-08 18:00:00'),
(615, 1, NULL, 6, NULL, '2022-03-10 08:00:00', '2022-03-10 16:00:00', '2022-03-10', '0.00', '8.00', '0.00', 1, '2022-03-09 18:00:00', '2022-03-09 18:00:00'),
(616, 1, NULL, 6, NULL, '2022-03-12 08:00:00', '2022-03-12 16:00:00', '2022-03-12', '0.00', '8.00', '0.00', 1, '2022-03-11 18:00:00', '2022-03-11 18:00:00'),
(617, 1, NULL, 6, NULL, '2022-03-13 08:00:00', '2022-03-13 16:00:00', '2022-03-13', '0.00', '8.00', '0.00', 1, '2022-03-12 18:00:00', '2022-03-12 18:00:00'),
(618, 1, NULL, 6, NULL, '2022-03-14 08:00:00', '2022-03-14 16:00:00', '2022-03-14', '0.00', '8.00', '0.00', 1, '2022-03-13 18:00:00', '2022-03-13 18:00:00'),
(619, 1, NULL, 6, NULL, '2022-03-15 08:00:00', '2022-03-15 16:00:00', '2022-03-15', '0.00', '8.00', '0.00', 1, '2022-03-14 18:00:00', '2022-03-14 18:00:00'),
(620, 1, NULL, 6, NULL, '2022-03-16 08:00:00', '2022-03-16 16:00:00', '2022-03-16', '0.00', '8.00', '0.00', 1, '2022-03-15 18:00:00', '2022-03-15 18:00:00'),
(621, 1, NULL, 6, NULL, '2022-03-17 08:00:00', '2022-03-17 16:00:00', '2022-03-17', '0.00', '8.00', '0.00', 1, '2022-03-16 18:00:00', '2022-03-16 18:00:00'),
(622, 1, NULL, 6, NULL, '2022-03-19 08:00:00', '2022-03-19 16:00:00', '2022-03-19', '0.00', '8.00', '0.00', 1, '2022-03-18 18:00:00', '2022-03-18 18:00:00'),
(623, 1, NULL, 6, NULL, '2022-03-20 08:00:00', '2022-03-20 16:00:00', '2022-03-20', '0.00', '8.00', '0.00', 1, '2022-03-19 18:00:00', '2022-03-19 18:00:00'),
(624, 1, NULL, 6, NULL, '2022-03-21 08:00:00', '2022-03-21 16:00:00', '2022-03-21', '0.00', '8.00', '0.00', 1, '2022-03-20 18:00:00', '2022-03-20 18:00:00'),
(625, 1, NULL, 6, NULL, '2022-03-22 08:00:00', '2022-03-22 16:00:00', '2022-03-22', '0.00', '8.00', '0.00', 1, '2022-03-21 18:00:00', '2022-03-21 18:00:00'),
(626, 1, NULL, 6, NULL, '2022-03-23 08:00:00', '2022-03-23 16:00:00', '2022-03-23', '0.00', '8.00', '0.00', 1, '2022-03-22 18:00:00', '2022-03-22 18:00:00'),
(627, 1, NULL, 6, NULL, '2022-03-24 08:00:00', '2022-03-24 16:00:00', '2022-03-24', '0.00', '8.00', '0.00', 1, '2022-03-23 18:00:00', '2022-03-23 18:00:00'),
(628, 1, NULL, 6, NULL, '2022-03-26 08:00:00', '2022-03-26 16:00:00', '2022-03-26', '0.00', '8.00', '0.00', 1, '2022-03-25 18:00:00', '2022-03-25 18:00:00'),
(629, 1, NULL, 6, NULL, '2022-03-27 08:00:00', '2022-03-27 16:00:00', '2022-03-27', '0.00', '8.00', '0.00', 1, '2022-03-26 18:00:00', '2022-03-26 18:00:00'),
(630, 1, NULL, 6, NULL, '2022-03-28 08:00:00', '2022-03-28 16:00:00', '2022-03-28', '0.00', '8.00', '0.00', 1, '2022-03-27 18:00:00', '2022-03-27 18:00:00'),
(631, 1, NULL, 6, NULL, '2022-03-29 08:00:00', '2022-03-29 16:00:00', '2022-03-29', '0.00', '8.00', '0.00', 1, '2022-03-28 18:00:00', '2022-03-28 18:00:00'),
(632, 1, NULL, 6, NULL, '2022-03-30 08:00:00', '2022-03-30 16:00:00', '2022-03-30', '0.00', '8.00', '0.00', 1, '2022-03-29 18:00:00', '2022-03-29 18:00:00'),
(633, 1, NULL, 6, NULL, '2022-03-31 08:00:00', '2022-03-31 16:00:00', '2022-03-31', '0.00', '8.00', '0.00', 1, '2022-03-30 18:00:00', '2022-03-30 18:00:00'),
(634, 1, 1, 7, NULL, '2022-03-01 08:00:00', '2022-03-01 16:00:00', '2022-03-01', '0.00', '8.00', '0.00', 1, '2022-02-28 18:00:00', '2022-02-28 18:00:00'),
(635, 1, 1, 7, NULL, '2022-03-02 08:00:00', '2022-03-02 16:00:00', '2022-03-02', '0.00', '8.00', '0.00', 1, '2022-03-01 18:00:00', '2022-03-01 18:00:00'),
(636, 1, 1, 7, NULL, '2022-03-03 08:00:00', '2022-03-03 16:00:00', '2022-03-03', '0.00', '8.00', '0.00', 1, '2022-03-02 18:00:00', '2022-03-02 18:00:00'),
(637, 1, 1, 7, NULL, '2022-03-05 08:00:00', '2022-03-05 16:00:00', '2022-03-05', '0.00', '8.00', '0.00', 1, '2022-03-04 18:00:00', '2022-03-04 18:00:00'),
(638, 1, 1, 7, NULL, '2022-03-06 08:00:00', '2022-03-06 16:00:00', '2022-03-06', '0.00', '8.00', '0.00', 1, '2022-03-05 18:00:00', '2022-03-05 18:00:00'),
(639, 1, 1, 7, NULL, '2022-03-07 08:00:00', '2022-03-07 16:00:00', '2022-03-07', '0.00', '8.00', '0.00', 1, '2022-03-06 18:00:00', '2022-03-06 18:00:00'),
(640, 1, 1, 7, NULL, '2022-03-08 08:00:00', '2022-03-08 16:00:00', '2022-03-08', '0.00', '8.00', '0.00', 1, '2022-03-07 18:00:00', '2022-03-07 18:00:00'),
(641, 1, 1, 7, NULL, '2022-03-09 08:00:00', '2022-03-09 16:00:00', '2022-03-09', '0.00', '8.00', '0.00', 1, '2022-03-08 18:00:00', '2022-03-08 18:00:00'),
(642, 1, 1, 7, NULL, '2022-03-10 08:00:00', '2022-03-10 16:00:00', '2022-03-10', '0.00', '8.00', '0.00', 1, '2022-03-09 18:00:00', '2022-03-09 18:00:00'),
(643, 1, 1, 7, NULL, '2022-03-12 08:00:00', '2022-03-12 16:00:00', '2022-03-12', '0.00', '8.00', '0.00', 1, '2022-03-11 18:00:00', '2022-03-11 18:00:00');
INSERT INTO `attendances` (`id`, `com_id`, `branch_id`, `employee_id`, `device_ip`, `checkin_time`, `checkout_time`, `attendance_date`, `overtime`, `working_hour`, `late`, `status`, `created_at`, `updated_at`) VALUES
(644, 1, 1, 7, NULL, '2022-03-13 08:00:00', '2022-03-13 16:00:00', '2022-03-13', '0.00', '8.00', '0.00', 1, '2022-03-12 18:00:00', '2022-03-12 18:00:00'),
(645, 1, 1, 7, NULL, '2022-03-14 08:00:00', '2022-03-14 16:00:00', '2022-03-14', '0.00', '8.00', '0.00', 1, '2022-03-13 18:00:00', '2022-03-13 18:00:00'),
(646, 1, 1, 7, NULL, '2022-03-15 08:00:00', '2022-03-15 16:00:00', '2022-03-15', '0.00', '8.00', '0.00', 1, '2022-03-14 18:00:00', '2022-03-14 18:00:00'),
(647, 1, 1, 7, NULL, '2022-03-16 08:00:00', '2022-03-16 16:00:00', '2022-03-16', '0.00', '8.00', '0.00', 1, '2022-03-15 18:00:00', '2022-03-15 18:00:00'),
(648, 1, 1, 7, NULL, '2022-03-17 08:00:00', '2022-03-17 16:00:00', '2022-03-17', '0.00', '8.00', '0.00', 1, '2022-03-16 18:00:00', '2022-03-16 18:00:00'),
(649, 1, 1, 7, NULL, '2022-03-19 08:00:00', '2022-03-19 16:00:00', '2022-03-19', '0.00', '8.00', '0.00', 1, '2022-03-18 18:00:00', '2022-03-18 18:00:00'),
(650, 1, 1, 7, NULL, '2022-03-20 08:00:00', '2022-03-20 16:00:00', '2022-03-20', '0.00', '8.00', '0.00', 1, '2022-03-19 18:00:00', '2022-03-19 18:00:00'),
(651, 1, 1, 7, NULL, '2022-03-21 08:00:00', '2022-03-21 16:00:00', '2022-03-21', '0.00', '8.00', '0.00', 1, '2022-03-20 18:00:00', '2022-03-20 18:00:00'),
(652, 1, 1, 7, NULL, '2022-03-22 08:00:00', '2022-03-22 16:00:00', '2022-03-22', '0.00', '8.00', '0.00', 1, '2022-03-21 18:00:00', '2022-03-21 18:00:00'),
(653, 1, 1, 7, NULL, '2022-03-23 08:00:00', '2022-03-23 16:00:00', '2022-03-23', '0.00', '8.00', '0.00', 1, '2022-03-22 18:00:00', '2022-03-22 18:00:00'),
(654, 1, 1, 7, NULL, '2022-03-24 08:00:00', '2022-03-24 16:00:00', '2022-03-24', '0.00', '8.00', '0.00', 1, '2022-03-23 18:00:00', '2022-03-23 18:00:00'),
(655, 1, 1, 7, NULL, '2022-03-26 08:00:00', '2022-03-26 16:00:00', '2022-03-26', '0.00', '8.00', '0.00', 1, '2022-03-25 18:00:00', '2022-03-25 18:00:00'),
(656, 1, 1, 7, NULL, '2022-03-27 08:00:00', '2022-03-27 16:00:00', '2022-03-27', '0.00', '8.00', '0.00', 1, '2022-03-26 18:00:00', '2022-03-26 18:00:00'),
(657, 1, 1, 7, NULL, '2022-03-28 08:00:00', '2022-03-28 16:00:00', '2022-03-28', '0.00', '8.00', '0.00', 1, '2022-03-27 18:00:00', '2022-03-27 18:00:00'),
(658, 1, NULL, 8, NULL, '2022-03-01 08:00:00', '2022-03-01 16:00:00', '2022-03-01', '0.00', '8.00', '0.00', 1, '2022-02-28 18:00:00', '2022-02-28 18:00:00'),
(659, 1, NULL, 8, NULL, '2022-03-02 08:00:00', '2022-03-02 16:00:00', '2022-03-02', '0.00', '8.00', '0.00', 1, '2022-03-01 18:00:00', '2022-03-01 18:00:00'),
(660, 1, NULL, 8, NULL, '2022-03-03 08:00:00', '2022-03-03 16:00:00', '2022-03-03', '0.00', '8.00', '0.00', 1, '2022-03-02 18:00:00', '2022-03-02 18:00:00'),
(661, 1, NULL, 8, NULL, '2022-03-05 08:00:00', '2022-03-05 16:00:00', '2022-03-05', '0.00', '8.00', '0.00', 1, '2022-03-04 18:00:00', '2022-03-04 18:00:00'),
(662, 1, NULL, 8, NULL, '2022-03-06 08:00:00', '2022-03-06 16:00:00', '2022-03-06', '0.00', '8.00', '0.00', 1, '2022-03-05 18:00:00', '2022-03-05 18:00:00'),
(663, 1, NULL, 8, NULL, '2022-03-07 08:00:00', '2022-03-07 16:00:00', '2022-03-07', '0.00', '8.00', '0.00', 1, '2022-03-06 18:00:00', '2022-03-06 18:00:00'),
(664, 1, NULL, 8, NULL, '2022-03-08 08:00:00', '2022-03-08 16:00:00', '2022-03-08', '0.00', '8.00', '0.00', 1, '2022-03-07 18:00:00', '2022-03-07 18:00:00'),
(665, 1, NULL, 8, NULL, '2022-03-09 08:00:00', '2022-03-09 16:00:00', '2022-03-09', '0.00', '8.00', '0.00', 1, '2022-03-08 18:00:00', '2022-03-08 18:00:00'),
(666, 1, NULL, 8, NULL, '2022-03-10 08:00:00', '2022-03-10 16:00:00', '2022-03-10', '0.00', '8.00', '0.00', 1, '2022-03-09 18:00:00', '2022-03-09 18:00:00'),
(667, 1, NULL, 8, NULL, '2022-03-12 08:00:00', '2022-03-12 16:00:00', '2022-03-12', '0.00', '8.00', '0.00', 1, '2022-03-11 18:00:00', '2022-03-11 18:00:00'),
(668, 1, NULL, 8, NULL, '2022-03-13 08:00:00', '2022-03-13 16:00:00', '2022-03-13', '0.00', '8.00', '0.00', 1, '2022-03-12 18:00:00', '2022-03-12 18:00:00'),
(669, 1, NULL, 8, NULL, '2022-03-14 08:00:00', '2022-03-14 16:00:00', '2022-03-14', '0.00', '8.00', '0.00', 1, '2022-03-13 18:00:00', '2022-03-13 18:00:00'),
(670, 1, NULL, 8, NULL, '2022-03-15 08:00:00', '2022-03-15 16:00:00', '2022-03-15', '0.00', '8.00', '0.00', 1, '2022-03-14 18:00:00', '2022-03-14 18:00:00'),
(671, 1, NULL, 8, NULL, '2022-03-16 08:00:00', '2022-03-16 16:00:00', '2022-03-16', '0.00', '8.00', '0.00', 1, '2022-03-15 18:00:00', '2022-03-15 18:00:00'),
(672, 1, NULL, 8, NULL, '2022-03-17 08:00:00', '2022-03-17 16:00:00', '2022-03-17', '0.00', '8.00', '0.00', 1, '2022-03-16 18:00:00', '2022-03-16 18:00:00'),
(673, 1, NULL, 8, NULL, '2022-03-19 08:00:00', '2022-03-19 16:00:00', '2022-03-19', '0.00', '8.00', '0.00', 1, '2022-03-18 18:00:00', '2022-03-18 18:00:00'),
(674, 1, NULL, 8, NULL, '2022-03-20 08:00:00', '2022-03-20 16:00:00', '2022-03-20', '0.00', '8.00', '0.00', 1, '2022-03-19 18:00:00', '2022-03-19 18:00:00'),
(675, 1, NULL, 8, NULL, '2022-03-21 08:00:00', '2022-03-21 16:00:00', '2022-03-21', '0.00', '8.00', '0.00', 1, '2022-03-20 18:00:00', '2022-03-20 18:00:00'),
(676, 1, NULL, 8, NULL, '2022-03-22 08:00:00', '2022-03-22 16:00:00', '2022-03-22', '0.00', '8.00', '0.00', 1, '2022-03-21 18:00:00', '2022-03-21 18:00:00'),
(677, 1, NULL, 8, NULL, '2022-03-23 08:00:00', '2022-03-23 16:00:00', '2022-03-23', '0.00', '8.00', '0.00', 1, '2022-03-22 18:00:00', '2022-03-22 18:00:00'),
(678, 1, NULL, 8, NULL, '2022-03-24 08:00:00', '2022-03-24 16:00:00', '2022-03-24', '0.00', '8.00', '0.00', 1, '2022-03-23 18:00:00', '2022-03-23 18:00:00'),
(679, 1, NULL, 8, NULL, '2022-03-26 08:00:00', '2022-03-26 16:00:00', '2022-03-26', '0.00', '8.00', '0.00', 1, '2022-03-25 18:00:00', '2022-03-25 18:00:00'),
(680, 1, NULL, 8, NULL, '2022-03-27 08:00:00', '2022-03-27 16:00:00', '2022-03-27', '0.00', '8.00', '0.00', 1, '2022-03-26 18:00:00', '2022-03-26 18:00:00'),
(681, 1, NULL, 8, NULL, '2022-03-28 08:00:00', '2022-03-28 16:00:00', '2022-03-28', '0.00', '8.00', '0.00', 1, '2022-03-27 18:00:00', '2022-03-27 18:00:00'),
(682, 1, NULL, 8, NULL, '2022-03-29 08:00:00', '2022-03-29 16:00:00', '2022-03-29', '0.00', '8.00', '0.00', 1, '2022-03-28 18:00:00', '2022-03-28 18:00:00'),
(683, 1, NULL, 8, NULL, '2022-03-30 08:00:00', '2022-03-30 16:00:00', '2022-03-30', '0.00', '8.00', '0.00', 1, '2022-03-29 18:00:00', '2022-03-29 18:00:00'),
(684, 1, NULL, 8, NULL, '2022-03-31 08:00:00', '2022-03-31 16:00:00', '2022-03-31', '0.00', '8.00', '0.00', 1, '2022-03-30 18:00:00', '2022-03-30 18:00:00'),
(685, 1, 1, 9, NULL, '2022-03-01 08:00:00', '2022-03-01 16:00:00', '2022-03-01', '0.00', '8.00', '0.00', 1, '2022-02-28 18:00:00', '2022-02-28 18:00:00'),
(686, 1, 1, 9, NULL, '2022-03-02 08:00:00', '2022-03-02 16:00:00', '2022-03-02', '0.00', '8.00', '0.00', 1, '2022-03-01 18:00:00', '2022-03-01 18:00:00'),
(687, 1, 1, 9, NULL, '2022-03-03 08:00:00', '2022-03-03 16:00:00', '2022-03-03', '0.00', '8.00', '0.00', 1, '2022-03-02 18:00:00', '2022-03-02 18:00:00'),
(688, 1, 1, 9, NULL, '2022-03-05 08:00:00', '2022-03-05 16:00:00', '2022-03-05', '0.00', '8.00', '0.00', 1, '2022-03-04 18:00:00', '2022-03-04 18:00:00'),
(689, 1, 1, 9, NULL, '2022-03-06 08:00:00', '2022-03-06 16:00:00', '2022-03-06', '0.00', '8.00', '0.00', 1, '2022-03-05 18:00:00', '2022-03-05 18:00:00'),
(690, 1, 1, 9, NULL, '2022-03-07 08:00:00', '2022-03-07 16:00:00', '2022-03-07', '0.00', '8.00', '0.00', 1, '2022-03-06 18:00:00', '2022-03-06 18:00:00'),
(691, 1, 1, 9, NULL, '2022-03-08 08:00:00', '2022-03-08 16:00:00', '2022-03-08', '0.00', '8.00', '0.00', 1, '2022-03-07 18:00:00', '2022-03-07 18:00:00'),
(692, 1, 1, 9, NULL, '2022-03-09 08:00:00', '2022-03-09 16:00:00', '2022-03-09', '0.00', '8.00', '0.00', 1, '2022-03-08 18:00:00', '2022-03-08 18:00:00'),
(693, 1, 1, 9, NULL, '2022-03-10 08:00:00', '2022-03-10 16:00:00', '2022-03-10', '0.00', '8.00', '0.00', 1, '2022-03-09 18:00:00', '2022-03-09 18:00:00'),
(694, 1, 1, 9, NULL, '2022-03-12 08:00:00', '2022-03-12 16:00:00', '2022-03-12', '0.00', '8.00', '0.00', 1, '2022-03-11 18:00:00', '2022-03-11 18:00:00'),
(695, 1, 1, 9, NULL, '2022-03-13 08:00:00', '2022-03-13 16:00:00', '2022-03-13', '0.00', '8.00', '0.00', 1, '2022-03-12 18:00:00', '2022-03-12 18:00:00'),
(696, 1, 1, 9, NULL, '2022-03-14 08:00:00', '2022-03-14 16:00:00', '2022-03-14', '0.00', '8.00', '0.00', 1, '2022-03-13 18:00:00', '2022-03-13 18:00:00'),
(697, 1, 1, 9, NULL, '2022-03-15 08:00:00', '2022-03-15 16:00:00', '2022-03-15', '0.00', '8.00', '0.00', 1, '2022-03-14 18:00:00', '2022-03-14 18:00:00'),
(698, 1, 1, 9, NULL, '2022-03-16 08:00:00', '2022-03-16 16:00:00', '2022-03-16', '0.00', '8.00', '0.00', 1, '2022-03-15 18:00:00', '2022-03-15 18:00:00'),
(699, 1, 1, 9, NULL, '2022-03-17 08:00:00', '2022-03-17 16:00:00', '2022-03-17', '0.00', '8.00', '0.00', 1, '2022-03-16 18:00:00', '2022-03-16 18:00:00'),
(700, 1, 1, 9, NULL, '2022-03-19 08:00:00', '2022-03-19 16:00:00', '2022-03-19', '0.00', '8.00', '0.00', 1, '2022-03-18 18:00:00', '2022-03-18 18:00:00'),
(701, 1, 1, 9, NULL, '2022-03-20 08:00:00', '2022-03-20 16:00:00', '2022-03-20', '0.00', '8.00', '0.00', 1, '2022-03-19 18:00:00', '2022-03-19 18:00:00'),
(702, 1, 1, 9, NULL, '2022-03-21 08:00:00', '2022-03-21 16:00:00', '2022-03-21', '0.00', '8.00', '0.00', 1, '2022-03-20 18:00:00', '2022-03-20 18:00:00'),
(703, 1, 1, 9, NULL, '2022-03-22 08:00:00', '2022-03-22 16:00:00', '2022-03-22', '0.00', '8.00', '0.00', 1, '2022-03-21 18:00:00', '2022-03-21 18:00:00'),
(704, 1, 1, 9, NULL, '2022-03-23 08:00:00', '2022-03-23 16:00:00', '2022-03-23', '0.00', '8.00', '0.00', 1, '2022-03-22 18:00:00', '2022-03-22 18:00:00'),
(705, 1, 1, 9, NULL, '2022-03-24 08:00:00', '2022-03-24 16:00:00', '2022-03-24', '0.00', '8.00', '0.00', 1, '2022-03-23 18:00:00', '2022-03-23 18:00:00'),
(706, 1, 1, 9, NULL, '2022-03-26 08:00:00', '2022-03-26 16:00:00', '2022-03-26', '0.00', '8.00', '0.00', 1, '2022-03-25 18:00:00', '2022-03-25 18:00:00'),
(707, 1, 1, 9, NULL, '2022-03-27 08:00:00', '2022-03-27 16:00:00', '2022-03-27', '0.00', '8.00', '0.00', 1, '2022-03-26 18:00:00', '2022-03-26 18:00:00'),
(708, 1, 1, 9, NULL, '2022-03-28 08:00:00', '2022-03-28 16:00:00', '2022-03-28', '0.00', '8.00', '0.00', 1, '2022-03-27 18:00:00', '2022-03-27 18:00:00'),
(709, 1, NULL, 10, NULL, '2022-03-01 08:00:00', '2022-03-01 16:00:00', '2022-03-01', '0.00', '8.00', '0.00', 1, '2022-02-28 18:00:00', '2022-02-28 18:00:00'),
(710, 1, NULL, 10, NULL, '2022-03-02 08:00:00', '2022-03-02 16:00:00', '2022-03-02', '0.00', '8.00', '0.00', 1, '2022-03-01 18:00:00', '2022-03-01 18:00:00'),
(711, 1, NULL, 10, NULL, '2022-03-03 08:00:00', '2022-03-03 16:00:00', '2022-03-03', '0.00', '8.00', '0.00', 1, '2022-03-02 18:00:00', '2022-03-02 18:00:00'),
(712, 1, NULL, 10, NULL, '2022-03-05 08:00:00', '2022-03-05 16:00:00', '2022-03-05', '0.00', '8.00', '0.00', 1, '2022-03-04 18:00:00', '2022-03-04 18:00:00'),
(713, 1, NULL, 10, NULL, '2022-03-06 08:00:00', '2022-03-06 16:00:00', '2022-03-06', '0.00', '8.00', '0.00', 1, '2022-03-05 18:00:00', '2022-03-05 18:00:00'),
(714, 1, NULL, 10, NULL, '2022-03-07 08:00:00', '2022-03-07 16:00:00', '2022-03-07', '0.00', '8.00', '0.00', 1, '2022-03-06 18:00:00', '2022-03-06 18:00:00'),
(715, 1, NULL, 10, NULL, '2022-03-08 08:00:00', '2022-03-08 16:00:00', '2022-03-08', '0.00', '8.00', '0.00', 1, '2022-03-07 18:00:00', '2022-03-07 18:00:00'),
(716, 1, NULL, 10, NULL, '2022-03-09 08:00:00', '2022-03-09 16:00:00', '2022-03-09', '0.00', '8.00', '0.00', 1, '2022-03-08 18:00:00', '2022-03-08 18:00:00'),
(717, 1, NULL, 10, NULL, '2022-03-10 08:00:00', '2022-03-10 16:00:00', '2022-03-10', '0.00', '8.00', '0.00', 1, '2022-03-09 18:00:00', '2022-03-09 18:00:00'),
(718, 1, NULL, 10, NULL, '2022-03-12 08:00:00', '2022-03-12 16:00:00', '2022-03-12', '0.00', '8.00', '0.00', 1, '2022-03-11 18:00:00', '2022-03-11 18:00:00'),
(719, 1, NULL, 10, NULL, '2022-03-13 08:00:00', '2022-03-13 16:00:00', '2022-03-13', '0.00', '8.00', '0.00', 1, '2022-03-12 18:00:00', '2022-03-12 18:00:00'),
(720, 1, NULL, 10, NULL, '2022-03-14 08:00:00', '2022-03-14 16:00:00', '2022-03-14', '0.00', '8.00', '0.00', 1, '2022-03-13 18:00:00', '2022-03-13 18:00:00'),
(721, 1, NULL, 10, NULL, '2022-03-15 08:00:00', '2022-03-15 16:00:00', '2022-03-15', '0.00', '8.00', '0.00', 1, '2022-03-14 18:00:00', '2022-03-14 18:00:00'),
(722, 1, NULL, 10, NULL, '2022-03-16 08:00:00', '2022-03-16 16:00:00', '2022-03-16', '0.00', '8.00', '0.00', 1, '2022-03-15 18:00:00', '2022-03-15 18:00:00'),
(723, 1, NULL, 10, NULL, '2022-03-17 08:00:00', '2022-03-17 16:00:00', '2022-03-17', '0.00', '8.00', '0.00', 1, '2022-03-16 18:00:00', '2022-03-16 18:00:00'),
(724, 1, NULL, 10, NULL, '2022-03-19 08:00:00', '2022-03-19 16:00:00', '2022-03-19', '0.00', '8.00', '0.00', 1, '2022-03-18 18:00:00', '2022-03-18 18:00:00'),
(725, 1, NULL, 10, NULL, '2022-03-20 08:00:00', '2022-03-20 16:00:00', '2022-03-20', '0.00', '8.00', '0.00', 1, '2022-03-19 18:00:00', '2022-03-19 18:00:00'),
(726, 1, NULL, 10, NULL, '2022-03-21 08:00:00', '2022-03-21 16:00:00', '2022-03-21', '0.00', '8.00', '0.00', 1, '2022-03-20 18:00:00', '2022-03-20 18:00:00'),
(727, 1, NULL, 10, NULL, '2022-03-22 08:00:00', '2022-03-22 16:00:00', '2022-03-22', '0.00', '8.00', '0.00', 1, '2022-03-21 18:00:00', '2022-03-21 18:00:00'),
(728, 1, NULL, 10, NULL, '2022-03-23 08:00:00', '2022-03-23 16:00:00', '2022-03-23', '0.00', '8.00', '0.00', 1, '2022-03-22 18:00:00', '2022-03-22 18:00:00'),
(729, 1, NULL, 10, NULL, '2022-03-24 08:00:00', '2022-03-24 16:00:00', '2022-03-24', '0.00', '8.00', '0.00', 1, '2022-03-23 18:00:00', '2022-03-23 18:00:00'),
(730, 1, NULL, 10, NULL, '2022-03-26 08:00:00', '2022-03-26 16:00:00', '2022-03-26', '0.00', '8.00', '0.00', 1, '2022-03-25 18:00:00', '2022-03-25 18:00:00'),
(731, 1, NULL, 10, NULL, '2022-03-27 08:00:00', '2022-03-27 16:00:00', '2022-03-27', '0.00', '8.00', '0.00', 1, '2022-03-26 18:00:00', '2022-03-26 18:00:00'),
(732, 1, NULL, 10, NULL, '2022-03-28 08:00:00', '2022-03-28 16:00:00', '2022-03-28', '0.00', '8.00', '0.00', 1, '2022-03-27 18:00:00', '2022-03-27 18:00:00'),
(733, 1, NULL, 10, NULL, '2022-03-29 08:00:00', '2022-03-29 16:00:00', '2022-03-29', '0.00', '8.00', '0.00', 1, '2022-03-28 18:00:00', '2022-03-28 18:00:00'),
(734, 1, NULL, 10, NULL, '2022-03-30 08:00:00', '2022-03-30 16:00:00', '2022-03-30', '0.00', '8.00', '0.00', 1, '2022-03-29 18:00:00', '2022-03-29 18:00:00'),
(735, 1, NULL, 10, NULL, '2022-03-31 08:00:00', '2022-03-31 16:00:00', '2022-03-31', '0.00', '8.00', '0.00', 1, '2022-03-30 18:00:00', '2022-03-30 18:00:00'),
(736, 1, 1, 1, NULL, '2022-04-02 08:00:00', '2022-04-02 16:00:00', '2022-04-02', '0.00', '8.00', '0.00', 1, '2022-04-01 18:00:00', '2022-04-01 18:00:00'),
(737, 1, 1, 1, NULL, '2022-04-03 08:00:00', '2022-04-03 16:00:00', '2022-04-03', '0.00', '8.00', '0.00', 1, '2022-04-02 18:00:00', '2022-04-02 18:00:00'),
(738, 1, 1, 1, NULL, '2022-04-04 08:00:00', '2022-04-04 16:00:00', '2022-04-04', '0.00', '8.00', '0.00', 1, '2022-04-03 18:00:00', '2022-04-03 18:00:00'),
(739, 1, 1, 1, NULL, '2022-04-05 08:00:00', '2022-04-05 16:00:00', '2022-04-05', '0.00', '8.00', '0.00', 1, '2022-04-04 18:00:00', '2022-04-04 18:00:00'),
(740, 1, 1, 1, NULL, '2022-04-06 08:00:00', '2022-04-06 16:00:00', '2022-04-06', '0.00', '8.00', '0.00', 1, '2022-04-05 18:00:00', '2022-04-05 18:00:00'),
(741, 1, 1, 1, NULL, '2022-04-07 08:00:00', '2022-04-07 16:00:00', '2022-04-07', '0.00', '8.00', '0.00', 1, '2022-04-06 18:00:00', '2022-04-06 18:00:00'),
(742, 1, 1, 1, NULL, '2022-04-09 08:00:00', '2022-04-09 16:00:00', '2022-04-09', '0.00', '8.00', '0.00', 1, '2022-04-08 18:00:00', '2022-04-08 18:00:00'),
(743, 1, 1, 1, NULL, '2022-04-10 08:00:00', '2022-04-10 16:00:00', '2022-04-10', '0.00', '8.00', '0.00', 1, '2022-04-09 18:00:00', '2022-04-09 18:00:00'),
(744, 1, 1, 1, NULL, '2022-04-11 08:00:00', '2022-04-11 16:00:00', '2022-04-11', '0.00', '8.00', '0.00', 1, '2022-04-10 18:00:00', '2022-04-10 18:00:00'),
(745, 1, 1, 1, NULL, '2022-04-12 08:00:00', '2022-04-12 16:00:00', '2022-04-12', '0.00', '8.00', '0.00', 1, '2022-04-11 18:00:00', '2022-04-11 18:00:00'),
(746, 1, 1, 1, NULL, '2022-04-13 08:00:00', '2022-04-13 16:00:00', '2022-04-13', '0.00', '8.00', '0.00', 1, '2022-04-12 18:00:00', '2022-04-12 18:00:00'),
(747, 1, 1, 1, NULL, '2022-04-14 08:00:00', '2022-04-14 16:00:00', '2022-04-14', '0.00', '8.00', '0.00', 1, '2022-04-13 18:00:00', '2022-04-13 18:00:00'),
(748, 1, 1, 1, NULL, '2022-04-16 08:00:00', '2022-04-16 16:00:00', '2022-04-16', '0.00', '8.00', '0.00', 1, '2022-04-15 18:00:00', '2022-04-15 18:00:00'),
(749, 1, 1, 1, NULL, '2022-04-17 08:00:00', '2022-04-17 16:00:00', '2022-04-17', '0.00', '8.00', '0.00', 1, '2022-04-16 18:00:00', '2022-04-16 18:00:00'),
(750, 1, 1, 1, NULL, '2022-04-18 08:00:00', '2022-04-18 16:00:00', '2022-04-18', '0.00', '8.00', '0.00', 1, '2022-04-17 18:00:00', '2022-04-17 18:00:00'),
(751, 1, 1, 1, NULL, '2022-04-19 08:00:00', '2022-04-19 16:00:00', '2022-04-19', '0.00', '8.00', '0.00', 1, '2022-04-18 18:00:00', '2022-04-18 18:00:00'),
(752, 1, 1, 1, NULL, '2022-04-20 08:00:00', '2022-04-20 16:00:00', '2022-04-20', '0.00', '8.00', '0.00', 1, '2022-04-19 18:00:00', '2022-04-19 18:00:00'),
(753, 1, 1, 1, NULL, '2022-04-21 08:00:00', '2022-04-21 16:00:00', '2022-04-21', '0.00', '8.00', '0.00', 1, '2022-04-20 18:00:00', '2022-04-20 18:00:00'),
(754, 1, 1, 1, NULL, '2022-04-23 08:00:00', '2022-04-23 16:00:00', '2022-04-23', '0.00', '8.00', '0.00', 1, '2022-04-22 18:00:00', '2022-04-22 18:00:00'),
(755, 1, 1, 1, NULL, '2022-04-24 08:00:00', '2022-04-24 16:00:00', '2022-04-24', '0.00', '8.00', '0.00', 1, '2022-04-23 18:00:00', '2022-04-23 18:00:00'),
(756, 1, 1, 1, NULL, '2022-04-25 08:00:00', '2022-04-25 16:00:00', '2022-04-25', '0.00', '8.00', '0.00', 1, '2022-04-24 18:00:00', '2022-04-24 18:00:00'),
(757, 1, 1, 1, NULL, '2022-04-26 08:00:00', '2022-04-26 16:00:00', '2022-04-26', '0.00', '8.00', '0.00', 1, '2022-04-25 18:00:00', '2022-04-25 18:00:00'),
(758, 1, 1, 1, NULL, '2022-04-27 08:00:00', '2022-04-27 16:00:00', '2022-04-27', '0.00', '8.00', '0.00', 1, '2022-04-26 18:00:00', '2022-04-26 18:00:00'),
(759, 1, NULL, 2, NULL, '2022-04-02 08:00:00', '2022-04-02 16:00:00', '2022-04-02', '0.00', '8.00', '0.00', 1, '2022-04-01 18:00:00', '2022-04-01 18:00:00'),
(760, 1, NULL, 2, NULL, '2022-04-03 08:00:00', '2022-04-03 16:00:00', '2022-04-03', '0.00', '8.00', '0.00', 1, '2022-04-02 18:00:00', '2022-04-02 18:00:00'),
(761, 1, NULL, 2, NULL, '2022-04-04 08:00:00', '2022-04-04 16:00:00', '2022-04-04', '0.00', '8.00', '0.00', 1, '2022-04-03 18:00:00', '2022-04-03 18:00:00'),
(762, 1, NULL, 2, NULL, '2022-04-05 08:00:00', '2022-04-05 16:00:00', '2022-04-05', '0.00', '8.00', '0.00', 1, '2022-04-04 18:00:00', '2022-04-04 18:00:00'),
(763, 1, NULL, 2, NULL, '2022-04-06 08:00:00', '2022-04-06 16:00:00', '2022-04-06', '0.00', '8.00', '0.00', 1, '2022-04-05 18:00:00', '2022-04-05 18:00:00'),
(764, 1, NULL, 2, NULL, '2022-04-07 08:00:00', '2022-04-07 16:00:00', '2022-04-07', '0.00', '8.00', '0.00', 1, '2022-04-06 18:00:00', '2022-04-06 18:00:00'),
(765, 1, NULL, 2, NULL, '2022-04-09 08:00:00', '2022-04-09 16:00:00', '2022-04-09', '0.00', '8.00', '0.00', 1, '2022-04-08 18:00:00', '2022-04-08 18:00:00'),
(766, 1, NULL, 2, NULL, '2022-04-10 08:00:00', '2022-04-10 16:00:00', '2022-04-10', '0.00', '8.00', '0.00', 1, '2022-04-09 18:00:00', '2022-04-09 18:00:00'),
(767, 1, NULL, 2, NULL, '2022-04-11 08:00:00', '2022-04-11 16:00:00', '2022-04-11', '0.00', '8.00', '0.00', 1, '2022-04-10 18:00:00', '2022-04-10 18:00:00'),
(768, 1, NULL, 2, NULL, '2022-04-12 08:00:00', '2022-04-12 16:00:00', '2022-04-12', '0.00', '8.00', '0.00', 1, '2022-04-11 18:00:00', '2022-04-11 18:00:00'),
(769, 1, NULL, 2, NULL, '2022-04-13 08:00:00', '2022-04-13 16:00:00', '2022-04-13', '0.00', '8.00', '0.00', 1, '2022-04-12 18:00:00', '2022-04-12 18:00:00'),
(770, 1, NULL, 2, NULL, '2022-04-14 08:00:00', '2022-04-14 16:00:00', '2022-04-14', '0.00', '8.00', '0.00', 1, '2022-04-13 18:00:00', '2022-04-13 18:00:00'),
(771, 1, NULL, 2, NULL, '2022-04-16 08:00:00', '2022-04-16 16:00:00', '2022-04-16', '0.00', '8.00', '0.00', 1, '2022-04-15 18:00:00', '2022-04-15 18:00:00'),
(772, 1, NULL, 2, NULL, '2022-04-17 08:00:00', '2022-04-17 16:00:00', '2022-04-17', '0.00', '8.00', '0.00', 1, '2022-04-16 18:00:00', '2022-04-16 18:00:00'),
(773, 1, NULL, 2, NULL, '2022-04-18 08:00:00', '2022-04-18 16:00:00', '2022-04-18', '0.00', '8.00', '0.00', 1, '2022-04-17 18:00:00', '2022-04-17 18:00:00'),
(774, 1, NULL, 2, NULL, '2022-04-19 08:00:00', '2022-04-19 16:00:00', '2022-04-19', '0.00', '8.00', '0.00', 1, '2022-04-18 18:00:00', '2022-04-18 18:00:00'),
(775, 1, NULL, 2, NULL, '2022-04-20 08:00:00', '2022-04-20 16:00:00', '2022-04-20', '0.00', '8.00', '0.00', 1, '2022-04-19 18:00:00', '2022-04-19 18:00:00'),
(776, 1, NULL, 2, NULL, '2022-04-21 08:00:00', '2022-04-21 16:00:00', '2022-04-21', '0.00', '8.00', '0.00', 1, '2022-04-20 18:00:00', '2022-04-20 18:00:00'),
(777, 1, NULL, 2, NULL, '2022-04-23 08:00:00', '2022-04-23 16:00:00', '2022-04-23', '0.00', '8.00', '0.00', 1, '2022-04-22 18:00:00', '2022-04-22 18:00:00'),
(778, 1, NULL, 2, NULL, '2022-04-24 08:00:00', '2022-04-24 16:00:00', '2022-04-24', '0.00', '8.00', '0.00', 1, '2022-04-23 18:00:00', '2022-04-23 18:00:00'),
(779, 1, NULL, 2, NULL, '2022-04-25 08:00:00', '2022-04-25 16:00:00', '2022-04-25', '0.00', '8.00', '0.00', 1, '2022-04-24 18:00:00', '2022-04-24 18:00:00'),
(780, 1, NULL, 2, NULL, '2022-04-26 08:00:00', '2022-04-26 16:00:00', '2022-04-26', '0.00', '8.00', '0.00', 1, '2022-04-25 18:00:00', '2022-04-25 18:00:00'),
(781, 1, NULL, 2, NULL, '2022-04-27 08:00:00', '2022-04-27 16:00:00', '2022-04-27', '0.00', '8.00', '0.00', 1, '2022-04-26 18:00:00', '2022-04-26 18:00:00'),
(782, 1, NULL, 2, NULL, '2022-04-28 08:00:00', '2022-04-28 16:00:00', '2022-04-28', '0.00', '8.00', '0.00', 1, '2022-04-27 18:00:00', '2022-04-27 18:00:00'),
(783, 1, NULL, 2, NULL, '2022-04-30 08:00:00', '2022-04-30 16:00:00', '2022-04-30', '0.00', '8.00', '0.00', 1, '2022-04-29 18:00:00', '2022-04-29 18:00:00'),
(784, 1, 1, 3, NULL, '2022-04-02 08:00:00', '2022-04-02 16:00:00', '2022-04-02', '0.00', '8.00', '0.00', 1, '2022-04-01 18:00:00', '2022-04-01 18:00:00'),
(785, 1, 1, 3, NULL, '2022-04-03 08:00:00', '2022-04-03 16:00:00', '2022-04-03', '0.00', '8.00', '0.00', 1, '2022-04-02 18:00:00', '2022-04-02 18:00:00'),
(786, 1, 1, 3, NULL, '2022-04-04 08:00:00', '2022-04-04 16:00:00', '2022-04-04', '0.00', '8.00', '0.00', 1, '2022-04-03 18:00:00', '2022-04-03 18:00:00'),
(787, 1, 1, 3, NULL, '2022-04-05 08:00:00', '2022-04-05 16:00:00', '2022-04-05', '0.00', '8.00', '0.00', 1, '2022-04-04 18:00:00', '2022-04-04 18:00:00'),
(788, 1, 1, 3, NULL, '2022-04-06 08:00:00', '2022-04-06 16:00:00', '2022-04-06', '0.00', '8.00', '0.00', 1, '2022-04-05 18:00:00', '2022-04-05 18:00:00'),
(789, 1, 1, 3, NULL, '2022-04-07 08:00:00', '2022-04-07 16:00:00', '2022-04-07', '0.00', '8.00', '0.00', 1, '2022-04-06 18:00:00', '2022-04-06 18:00:00'),
(790, 1, 1, 3, NULL, '2022-04-09 08:00:00', '2022-04-09 16:00:00', '2022-04-09', '0.00', '8.00', '0.00', 1, '2022-04-08 18:00:00', '2022-04-08 18:00:00'),
(791, 1, 1, 3, NULL, '2022-04-10 08:00:00', '2022-04-10 16:00:00', '2022-04-10', '0.00', '8.00', '0.00', 1, '2022-04-09 18:00:00', '2022-04-09 18:00:00'),
(792, 1, 1, 3, NULL, '2022-04-11 08:00:00', '2022-04-11 16:00:00', '2022-04-11', '0.00', '8.00', '0.00', 1, '2022-04-10 18:00:00', '2022-04-10 18:00:00'),
(793, 1, 1, 3, NULL, '2022-04-12 08:00:00', '2022-04-12 16:00:00', '2022-04-12', '0.00', '8.00', '0.00', 1, '2022-04-11 18:00:00', '2022-04-11 18:00:00'),
(794, 1, 1, 3, NULL, '2022-04-13 08:00:00', '2022-04-13 16:00:00', '2022-04-13', '0.00', '8.00', '0.00', 1, '2022-04-12 18:00:00', '2022-04-12 18:00:00'),
(795, 1, 1, 3, NULL, '2022-04-14 08:00:00', '2022-04-14 16:00:00', '2022-04-14', '0.00', '8.00', '0.00', 1, '2022-04-13 18:00:00', '2022-04-13 18:00:00'),
(796, 1, 1, 3, NULL, '2022-04-16 08:00:00', '2022-04-16 16:00:00', '2022-04-16', '0.00', '8.00', '0.00', 1, '2022-04-15 18:00:00', '2022-04-15 18:00:00'),
(797, 1, 1, 3, NULL, '2022-04-17 08:00:00', '2022-04-17 16:00:00', '2022-04-17', '0.00', '8.00', '0.00', 1, '2022-04-16 18:00:00', '2022-04-16 18:00:00'),
(798, 1, 1, 3, NULL, '2022-04-18 08:00:00', '2022-04-18 16:00:00', '2022-04-18', '0.00', '8.00', '0.00', 1, '2022-04-17 18:00:00', '2022-04-17 18:00:00'),
(799, 1, 1, 3, NULL, '2022-04-19 08:00:00', '2022-04-19 16:00:00', '2022-04-19', '0.00', '8.00', '0.00', 1, '2022-04-18 18:00:00', '2022-04-18 18:00:00'),
(800, 1, 1, 3, NULL, '2022-04-20 08:00:00', '2022-04-20 16:00:00', '2022-04-20', '0.00', '8.00', '0.00', 1, '2022-04-19 18:00:00', '2022-04-19 18:00:00'),
(801, 1, 1, 3, NULL, '2022-04-21 08:00:00', '2022-04-21 16:00:00', '2022-04-21', '0.00', '8.00', '0.00', 1, '2022-04-20 18:00:00', '2022-04-20 18:00:00'),
(802, 1, 1, 3, NULL, '2022-04-23 08:00:00', '2022-04-23 16:00:00', '2022-04-23', '0.00', '8.00', '0.00', 1, '2022-04-22 18:00:00', '2022-04-22 18:00:00'),
(803, 1, 1, 3, NULL, '2022-04-24 08:00:00', '2022-04-24 16:00:00', '2022-04-24', '0.00', '8.00', '0.00', 1, '2022-04-23 18:00:00', '2022-04-23 18:00:00'),
(804, 1, 1, 3, NULL, '2022-04-25 08:00:00', '2022-04-25 16:00:00', '2022-04-25', '0.00', '8.00', '0.00', 1, '2022-04-24 18:00:00', '2022-04-24 18:00:00'),
(805, 1, 1, 3, NULL, '2022-04-26 08:00:00', '2022-04-26 16:00:00', '2022-04-26', '0.00', '8.00', '0.00', 1, '2022-04-25 18:00:00', '2022-04-25 18:00:00'),
(806, 1, 1, 3, NULL, '2022-04-27 08:00:00', '2022-04-27 16:00:00', '2022-04-27', '0.00', '8.00', '0.00', 1, '2022-04-26 18:00:00', '2022-04-26 18:00:00'),
(807, 1, NULL, 4, NULL, '2022-04-02 08:00:00', '2022-04-02 16:00:00', '2022-04-02', '0.00', '8.00', '0.00', 1, '2022-04-01 18:00:00', '2022-04-01 18:00:00'),
(808, 1, NULL, 4, NULL, '2022-04-03 08:00:00', '2022-04-03 16:00:00', '2022-04-03', '0.00', '8.00', '0.00', 1, '2022-04-02 18:00:00', '2022-04-02 18:00:00'),
(809, 1, NULL, 4, NULL, '2022-04-04 08:00:00', '2022-04-04 16:00:00', '2022-04-04', '0.00', '8.00', '0.00', 1, '2022-04-03 18:00:00', '2022-04-03 18:00:00'),
(810, 1, NULL, 4, NULL, '2022-04-05 08:00:00', '2022-04-05 16:00:00', '2022-04-05', '0.00', '8.00', '0.00', 1, '2022-04-04 18:00:00', '2022-04-04 18:00:00'),
(811, 1, NULL, 4, NULL, '2022-04-06 08:00:00', '2022-04-06 16:00:00', '2022-04-06', '0.00', '8.00', '0.00', 1, '2022-04-05 18:00:00', '2022-04-05 18:00:00'),
(812, 1, NULL, 4, NULL, '2022-04-07 08:00:00', '2022-04-07 16:00:00', '2022-04-07', '0.00', '8.00', '0.00', 1, '2022-04-06 18:00:00', '2022-04-06 18:00:00'),
(813, 1, NULL, 4, NULL, '2022-04-09 08:00:00', '2022-04-09 16:00:00', '2022-04-09', '0.00', '8.00', '0.00', 1, '2022-04-08 18:00:00', '2022-04-08 18:00:00'),
(814, 1, NULL, 4, NULL, '2022-04-10 08:00:00', '2022-04-10 16:00:00', '2022-04-10', '0.00', '8.00', '0.00', 1, '2022-04-09 18:00:00', '2022-04-09 18:00:00'),
(815, 1, NULL, 4, NULL, '2022-04-11 08:00:00', '2022-04-11 16:00:00', '2022-04-11', '0.00', '8.00', '0.00', 1, '2022-04-10 18:00:00', '2022-04-10 18:00:00'),
(816, 1, NULL, 4, NULL, '2022-04-12 08:00:00', '2022-04-12 16:00:00', '2022-04-12', '0.00', '8.00', '0.00', 1, '2022-04-11 18:00:00', '2022-04-11 18:00:00'),
(817, 1, NULL, 4, NULL, '2022-04-13 08:00:00', '2022-04-13 16:00:00', '2022-04-13', '0.00', '8.00', '0.00', 1, '2022-04-12 18:00:00', '2022-04-12 18:00:00'),
(818, 1, NULL, 4, NULL, '2022-04-14 08:00:00', '2022-04-14 16:00:00', '2022-04-14', '0.00', '8.00', '0.00', 1, '2022-04-13 18:00:00', '2022-04-13 18:00:00'),
(819, 1, NULL, 4, NULL, '2022-04-16 08:00:00', '2022-04-16 16:00:00', '2022-04-16', '0.00', '8.00', '0.00', 1, '2022-04-15 18:00:00', '2022-04-15 18:00:00'),
(820, 1, NULL, 4, NULL, '2022-04-17 08:00:00', '2022-04-17 16:00:00', '2022-04-17', '0.00', '8.00', '0.00', 1, '2022-04-16 18:00:00', '2022-04-16 18:00:00'),
(821, 1, NULL, 4, NULL, '2022-04-18 08:00:00', '2022-04-18 16:00:00', '2022-04-18', '0.00', '8.00', '0.00', 1, '2022-04-17 18:00:00', '2022-04-17 18:00:00'),
(822, 1, NULL, 4, NULL, '2022-04-19 08:00:00', '2022-04-19 16:00:00', '2022-04-19', '0.00', '8.00', '0.00', 1, '2022-04-18 18:00:00', '2022-04-18 18:00:00'),
(823, 1, NULL, 4, NULL, '2022-04-20 08:00:00', '2022-04-20 16:00:00', '2022-04-20', '0.00', '8.00', '0.00', 1, '2022-04-19 18:00:00', '2022-04-19 18:00:00'),
(824, 1, NULL, 4, NULL, '2022-04-21 08:00:00', '2022-04-21 16:00:00', '2022-04-21', '0.00', '8.00', '0.00', 1, '2022-04-20 18:00:00', '2022-04-20 18:00:00'),
(825, 1, NULL, 4, NULL, '2022-04-23 08:00:00', '2022-04-23 16:00:00', '2022-04-23', '0.00', '8.00', '0.00', 1, '2022-04-22 18:00:00', '2022-04-22 18:00:00'),
(826, 1, NULL, 4, NULL, '2022-04-24 08:00:00', '2022-04-24 16:00:00', '2022-04-24', '0.00', '8.00', '0.00', 1, '2022-04-23 18:00:00', '2022-04-23 18:00:00'),
(827, 1, NULL, 4, NULL, '2022-04-25 08:00:00', '2022-04-25 16:00:00', '2022-04-25', '0.00', '8.00', '0.00', 1, '2022-04-24 18:00:00', '2022-04-24 18:00:00'),
(828, 1, NULL, 4, NULL, '2022-04-26 08:00:00', '2022-04-26 16:00:00', '2022-04-26', '0.00', '8.00', '0.00', 1, '2022-04-25 18:00:00', '2022-04-25 18:00:00'),
(829, 1, NULL, 4, NULL, '2022-04-27 08:00:00', '2022-04-27 16:00:00', '2022-04-27', '0.00', '8.00', '0.00', 1, '2022-04-26 18:00:00', '2022-04-26 18:00:00'),
(830, 1, NULL, 4, NULL, '2022-04-28 08:00:00', '2022-04-28 16:00:00', '2022-04-28', '0.00', '8.00', '0.00', 1, '2022-04-27 18:00:00', '2022-04-27 18:00:00'),
(831, 1, NULL, 4, NULL, '2022-04-30 08:00:00', '2022-04-30 16:00:00', '2022-04-30', '0.00', '8.00', '0.00', 1, '2022-04-29 18:00:00', '2022-04-29 18:00:00'),
(832, 1, 1, 5, NULL, '2022-04-02 08:00:00', '2022-04-02 16:00:00', '2022-04-02', '0.00', '8.00', '0.00', 1, '2022-04-01 18:00:00', '2022-04-01 18:00:00'),
(833, 1, 1, 5, NULL, '2022-04-03 08:00:00', '2022-04-03 16:00:00', '2022-04-03', '0.00', '8.00', '0.00', 1, '2022-04-02 18:00:00', '2022-04-02 18:00:00'),
(834, 1, 1, 5, NULL, '2022-04-04 08:00:00', '2022-04-04 16:00:00', '2022-04-04', '0.00', '8.00', '0.00', 1, '2022-04-03 18:00:00', '2022-04-03 18:00:00'),
(835, 1, 1, 5, NULL, '2022-04-05 08:00:00', '2022-04-05 16:00:00', '2022-04-05', '0.00', '8.00', '0.00', 1, '2022-04-04 18:00:00', '2022-04-04 18:00:00'),
(836, 1, 1, 5, NULL, '2022-04-06 08:00:00', '2022-04-06 16:00:00', '2022-04-06', '0.00', '8.00', '0.00', 1, '2022-04-05 18:00:00', '2022-04-05 18:00:00'),
(837, 1, 1, 5, NULL, '2022-04-07 08:00:00', '2022-04-07 16:00:00', '2022-04-07', '0.00', '8.00', '0.00', 1, '2022-04-06 18:00:00', '2022-04-06 18:00:00'),
(838, 1, 1, 5, NULL, '2022-04-09 08:00:00', '2022-04-09 16:00:00', '2022-04-09', '0.00', '8.00', '0.00', 1, '2022-04-08 18:00:00', '2022-04-08 18:00:00'),
(839, 1, 1, 5, NULL, '2022-04-10 08:00:00', '2022-04-10 16:00:00', '2022-04-10', '0.00', '8.00', '0.00', 1, '2022-04-09 18:00:00', '2022-04-09 18:00:00'),
(840, 1, 1, 5, NULL, '2022-04-11 08:00:00', '2022-04-11 16:00:00', '2022-04-11', '0.00', '8.00', '0.00', 1, '2022-04-10 18:00:00', '2022-04-10 18:00:00'),
(841, 1, 1, 5, NULL, '2022-04-12 08:00:00', '2022-04-12 16:00:00', '2022-04-12', '0.00', '8.00', '0.00', 1, '2022-04-11 18:00:00', '2022-04-11 18:00:00'),
(842, 1, 1, 5, NULL, '2022-04-13 08:00:00', '2022-04-13 16:00:00', '2022-04-13', '0.00', '8.00', '0.00', 1, '2022-04-12 18:00:00', '2022-04-12 18:00:00'),
(843, 1, 1, 5, NULL, '2022-04-14 08:00:00', '2022-04-14 16:00:00', '2022-04-14', '0.00', '8.00', '0.00', 1, '2022-04-13 18:00:00', '2022-04-13 18:00:00'),
(844, 1, 1, 5, NULL, '2022-04-16 08:00:00', '2022-04-16 16:00:00', '2022-04-16', '0.00', '8.00', '0.00', 1, '2022-04-15 18:00:00', '2022-04-15 18:00:00'),
(845, 1, 1, 5, NULL, '2022-04-17 08:00:00', '2022-04-17 16:00:00', '2022-04-17', '0.00', '8.00', '0.00', 1, '2022-04-16 18:00:00', '2022-04-16 18:00:00'),
(846, 1, 1, 5, NULL, '2022-04-18 08:00:00', '2022-04-18 16:00:00', '2022-04-18', '0.00', '8.00', '0.00', 1, '2022-04-17 18:00:00', '2022-04-17 18:00:00'),
(847, 1, 1, 5, NULL, '2022-04-19 08:00:00', '2022-04-19 16:00:00', '2022-04-19', '0.00', '8.00', '0.00', 1, '2022-04-18 18:00:00', '2022-04-18 18:00:00'),
(848, 1, 1, 5, NULL, '2022-04-20 08:00:00', '2022-04-20 16:00:00', '2022-04-20', '0.00', '8.00', '0.00', 1, '2022-04-19 18:00:00', '2022-04-19 18:00:00'),
(849, 1, 1, 5, NULL, '2022-04-21 08:00:00', '2022-04-21 16:00:00', '2022-04-21', '0.00', '8.00', '0.00', 1, '2022-04-20 18:00:00', '2022-04-20 18:00:00'),
(850, 1, 1, 5, NULL, '2022-04-23 08:00:00', '2022-04-23 16:00:00', '2022-04-23', '0.00', '8.00', '0.00', 1, '2022-04-22 18:00:00', '2022-04-22 18:00:00'),
(851, 1, 1, 5, NULL, '2022-04-24 08:00:00', '2022-04-24 16:00:00', '2022-04-24', '0.00', '8.00', '0.00', 1, '2022-04-23 18:00:00', '2022-04-23 18:00:00'),
(852, 1, 1, 5, NULL, '2022-04-25 08:00:00', '2022-04-25 16:00:00', '2022-04-25', '0.00', '8.00', '0.00', 1, '2022-04-24 18:00:00', '2022-04-24 18:00:00'),
(853, 1, 1, 5, NULL, '2022-04-26 08:00:00', '2022-04-26 16:00:00', '2022-04-26', '0.00', '8.00', '0.00', 1, '2022-04-25 18:00:00', '2022-04-25 18:00:00'),
(854, 1, 1, 5, NULL, '2022-04-27 08:00:00', '2022-04-27 16:00:00', '2022-04-27', '0.00', '8.00', '0.00', 1, '2022-04-26 18:00:00', '2022-04-26 18:00:00'),
(855, 1, NULL, 6, NULL, '2022-04-02 08:00:00', '2022-04-02 16:00:00', '2022-04-02', '0.00', '8.00', '0.00', 1, '2022-04-01 18:00:00', '2022-04-01 18:00:00'),
(856, 1, NULL, 6, NULL, '2022-04-03 08:00:00', '2022-04-03 16:00:00', '2022-04-03', '0.00', '8.00', '0.00', 1, '2022-04-02 18:00:00', '2022-04-02 18:00:00'),
(857, 1, NULL, 6, NULL, '2022-04-04 08:00:00', '2022-04-04 16:00:00', '2022-04-04', '0.00', '8.00', '0.00', 1, '2022-04-03 18:00:00', '2022-04-03 18:00:00'),
(858, 1, NULL, 6, NULL, '2022-04-05 08:00:00', '2022-04-05 16:00:00', '2022-04-05', '0.00', '8.00', '0.00', 1, '2022-04-04 18:00:00', '2022-04-04 18:00:00'),
(859, 1, NULL, 6, NULL, '2022-04-06 08:00:00', '2022-04-06 16:00:00', '2022-04-06', '0.00', '8.00', '0.00', 1, '2022-04-05 18:00:00', '2022-04-05 18:00:00'),
(860, 1, NULL, 6, NULL, '2022-04-07 08:00:00', '2022-04-07 16:00:00', '2022-04-07', '0.00', '8.00', '0.00', 1, '2022-04-06 18:00:00', '2022-04-06 18:00:00'),
(861, 1, NULL, 6, NULL, '2022-04-09 08:00:00', '2022-04-09 16:00:00', '2022-04-09', '0.00', '8.00', '0.00', 1, '2022-04-08 18:00:00', '2022-04-08 18:00:00'),
(862, 1, NULL, 6, NULL, '2022-04-10 08:00:00', '2022-04-10 16:00:00', '2022-04-10', '0.00', '8.00', '0.00', 1, '2022-04-09 18:00:00', '2022-04-09 18:00:00'),
(863, 1, NULL, 6, NULL, '2022-04-11 08:00:00', '2022-04-11 16:00:00', '2022-04-11', '0.00', '8.00', '0.00', 1, '2022-04-10 18:00:00', '2022-04-10 18:00:00'),
(864, 1, NULL, 6, NULL, '2022-04-12 08:00:00', '2022-04-12 16:00:00', '2022-04-12', '0.00', '8.00', '0.00', 1, '2022-04-11 18:00:00', '2022-04-11 18:00:00'),
(865, 1, NULL, 6, NULL, '2022-04-13 08:00:00', '2022-04-13 16:00:00', '2022-04-13', '0.00', '8.00', '0.00', 1, '2022-04-12 18:00:00', '2022-04-12 18:00:00'),
(866, 1, NULL, 6, NULL, '2022-04-14 08:00:00', '2022-04-14 16:00:00', '2022-04-14', '0.00', '8.00', '0.00', 1, '2022-04-13 18:00:00', '2022-04-13 18:00:00'),
(867, 1, NULL, 6, NULL, '2022-04-16 08:00:00', '2022-04-16 16:00:00', '2022-04-16', '0.00', '8.00', '0.00', 1, '2022-04-15 18:00:00', '2022-04-15 18:00:00'),
(868, 1, NULL, 6, NULL, '2022-04-17 08:00:00', '2022-04-17 16:00:00', '2022-04-17', '0.00', '8.00', '0.00', 1, '2022-04-16 18:00:00', '2022-04-16 18:00:00'),
(869, 1, NULL, 6, NULL, '2022-04-18 08:00:00', '2022-04-18 16:00:00', '2022-04-18', '0.00', '8.00', '0.00', 1, '2022-04-17 18:00:00', '2022-04-17 18:00:00'),
(870, 1, NULL, 6, NULL, '2022-04-19 08:00:00', '2022-04-19 16:00:00', '2022-04-19', '0.00', '8.00', '0.00', 1, '2022-04-18 18:00:00', '2022-04-18 18:00:00'),
(871, 1, NULL, 6, NULL, '2022-04-20 08:00:00', '2022-04-20 16:00:00', '2022-04-20', '0.00', '8.00', '0.00', 1, '2022-04-19 18:00:00', '2022-04-19 18:00:00'),
(872, 1, NULL, 6, NULL, '2022-04-21 08:00:00', '2022-04-21 16:00:00', '2022-04-21', '0.00', '8.00', '0.00', 1, '2022-04-20 18:00:00', '2022-04-20 18:00:00'),
(873, 1, NULL, 6, NULL, '2022-04-23 08:00:00', '2022-04-23 16:00:00', '2022-04-23', '0.00', '8.00', '0.00', 1, '2022-04-22 18:00:00', '2022-04-22 18:00:00'),
(874, 1, NULL, 6, NULL, '2022-04-24 08:00:00', '2022-04-24 16:00:00', '2022-04-24', '0.00', '8.00', '0.00', 1, '2022-04-23 18:00:00', '2022-04-23 18:00:00'),
(875, 1, NULL, 6, NULL, '2022-04-25 08:00:00', '2022-04-25 16:00:00', '2022-04-25', '0.00', '8.00', '0.00', 1, '2022-04-24 18:00:00', '2022-04-24 18:00:00'),
(876, 1, NULL, 6, NULL, '2022-04-26 08:00:00', '2022-04-26 16:00:00', '2022-04-26', '0.00', '8.00', '0.00', 1, '2022-04-25 18:00:00', '2022-04-25 18:00:00'),
(877, 1, NULL, 6, NULL, '2022-04-27 08:00:00', '2022-04-27 16:00:00', '2022-04-27', '0.00', '8.00', '0.00', 1, '2022-04-26 18:00:00', '2022-04-26 18:00:00'),
(878, 1, NULL, 6, NULL, '2022-04-28 08:00:00', '2022-04-28 16:00:00', '2022-04-28', '0.00', '8.00', '0.00', 1, '2022-04-27 18:00:00', '2022-04-27 18:00:00'),
(879, 1, NULL, 6, NULL, '2022-04-30 08:00:00', '2022-04-30 16:00:00', '2022-04-30', '0.00', '8.00', '0.00', 1, '2022-04-29 18:00:00', '2022-04-29 18:00:00'),
(880, 1, 1, 7, NULL, '2022-04-02 08:00:00', '2022-04-02 16:00:00', '2022-04-02', '0.00', '8.00', '0.00', 1, '2022-04-01 18:00:00', '2022-04-01 18:00:00'),
(881, 1, 1, 7, NULL, '2022-04-03 08:00:00', '2022-04-03 16:00:00', '2022-04-03', '0.00', '8.00', '0.00', 1, '2022-04-02 18:00:00', '2022-04-02 18:00:00'),
(882, 1, 1, 7, NULL, '2022-04-04 08:00:00', '2022-04-04 16:00:00', '2022-04-04', '0.00', '8.00', '0.00', 1, '2022-04-03 18:00:00', '2022-04-03 18:00:00'),
(883, 1, 1, 7, NULL, '2022-04-05 08:00:00', '2022-04-05 16:00:00', '2022-04-05', '0.00', '8.00', '0.00', 1, '2022-04-04 18:00:00', '2022-04-04 18:00:00'),
(884, 1, 1, 7, NULL, '2022-04-06 08:00:00', '2022-04-06 16:00:00', '2022-04-06', '0.00', '8.00', '0.00', 1, '2022-04-05 18:00:00', '2022-04-05 18:00:00'),
(885, 1, 1, 7, NULL, '2022-04-07 08:00:00', '2022-04-07 16:00:00', '2022-04-07', '0.00', '8.00', '0.00', 1, '2022-04-06 18:00:00', '2022-04-06 18:00:00'),
(886, 1, 1, 7, NULL, '2022-04-09 08:00:00', '2022-04-09 16:00:00', '2022-04-09', '0.00', '8.00', '0.00', 1, '2022-04-08 18:00:00', '2022-04-08 18:00:00'),
(887, 1, 1, 7, NULL, '2022-04-10 08:00:00', '2022-04-10 16:00:00', '2022-04-10', '0.00', '8.00', '0.00', 1, '2022-04-09 18:00:00', '2022-04-09 18:00:00'),
(888, 1, 1, 7, NULL, '2022-04-11 08:00:00', '2022-04-11 16:00:00', '2022-04-11', '0.00', '8.00', '0.00', 1, '2022-04-10 18:00:00', '2022-04-10 18:00:00'),
(889, 1, 1, 7, NULL, '2022-04-12 08:00:00', '2022-04-12 16:00:00', '2022-04-12', '0.00', '8.00', '0.00', 1, '2022-04-11 18:00:00', '2022-04-11 18:00:00'),
(890, 1, 1, 7, NULL, '2022-04-13 08:00:00', '2022-04-13 16:00:00', '2022-04-13', '0.00', '8.00', '0.00', 1, '2022-04-12 18:00:00', '2022-04-12 18:00:00'),
(891, 1, 1, 7, NULL, '2022-04-14 08:00:00', '2022-04-14 16:00:00', '2022-04-14', '0.00', '8.00', '0.00', 1, '2022-04-13 18:00:00', '2022-04-13 18:00:00'),
(892, 1, 1, 7, NULL, '2022-04-16 08:00:00', '2022-04-16 16:00:00', '2022-04-16', '0.00', '8.00', '0.00', 1, '2022-04-15 18:00:00', '2022-04-15 18:00:00'),
(893, 1, 1, 7, NULL, '2022-04-17 08:00:00', '2022-04-17 16:00:00', '2022-04-17', '0.00', '8.00', '0.00', 1, '2022-04-16 18:00:00', '2022-04-16 18:00:00'),
(894, 1, 1, 7, NULL, '2022-04-18 08:00:00', '2022-04-18 16:00:00', '2022-04-18', '0.00', '8.00', '0.00', 1, '2022-04-17 18:00:00', '2022-04-17 18:00:00'),
(895, 1, 1, 7, NULL, '2022-04-19 08:00:00', '2022-04-19 16:00:00', '2022-04-19', '0.00', '8.00', '0.00', 1, '2022-04-18 18:00:00', '2022-04-18 18:00:00'),
(896, 1, 1, 7, NULL, '2022-04-20 08:00:00', '2022-04-20 16:00:00', '2022-04-20', '0.00', '8.00', '0.00', 1, '2022-04-19 18:00:00', '2022-04-19 18:00:00'),
(897, 1, 1, 7, NULL, '2022-04-21 08:00:00', '2022-04-21 16:00:00', '2022-04-21', '0.00', '8.00', '0.00', 1, '2022-04-20 18:00:00', '2022-04-20 18:00:00'),
(898, 1, 1, 7, NULL, '2022-04-23 08:00:00', '2022-04-23 16:00:00', '2022-04-23', '0.00', '8.00', '0.00', 1, '2022-04-22 18:00:00', '2022-04-22 18:00:00'),
(899, 1, 1, 7, NULL, '2022-04-24 08:00:00', '2022-04-24 16:00:00', '2022-04-24', '0.00', '8.00', '0.00', 1, '2022-04-23 18:00:00', '2022-04-23 18:00:00'),
(900, 1, 1, 7, NULL, '2022-04-25 08:00:00', '2022-04-25 16:00:00', '2022-04-25', '0.00', '8.00', '0.00', 1, '2022-04-24 18:00:00', '2022-04-24 18:00:00'),
(901, 1, 1, 7, NULL, '2022-04-26 08:00:00', '2022-04-26 16:00:00', '2022-04-26', '0.00', '8.00', '0.00', 1, '2022-04-25 18:00:00', '2022-04-25 18:00:00'),
(902, 1, 1, 7, NULL, '2022-04-27 08:00:00', '2022-04-27 16:00:00', '2022-04-27', '0.00', '8.00', '0.00', 1, '2022-04-26 18:00:00', '2022-04-26 18:00:00'),
(903, 1, NULL, 8, NULL, '2022-04-02 08:00:00', '2022-04-02 16:00:00', '2022-04-02', '0.00', '8.00', '0.00', 1, '2022-04-01 18:00:00', '2022-04-01 18:00:00'),
(904, 1, NULL, 8, NULL, '2022-04-03 08:00:00', '2022-04-03 16:00:00', '2022-04-03', '0.00', '8.00', '0.00', 1, '2022-04-02 18:00:00', '2022-04-02 18:00:00'),
(905, 1, NULL, 8, NULL, '2022-04-04 08:00:00', '2022-04-04 16:00:00', '2022-04-04', '0.00', '8.00', '0.00', 1, '2022-04-03 18:00:00', '2022-04-03 18:00:00'),
(906, 1, NULL, 8, NULL, '2022-04-05 08:00:00', '2022-04-05 16:00:00', '2022-04-05', '0.00', '8.00', '0.00', 1, '2022-04-04 18:00:00', '2022-04-04 18:00:00'),
(907, 1, NULL, 8, NULL, '2022-04-06 08:00:00', '2022-04-06 16:00:00', '2022-04-06', '0.00', '8.00', '0.00', 1, '2022-04-05 18:00:00', '2022-04-05 18:00:00'),
(908, 1, NULL, 8, NULL, '2022-04-07 08:00:00', '2022-04-07 16:00:00', '2022-04-07', '0.00', '8.00', '0.00', 1, '2022-04-06 18:00:00', '2022-04-06 18:00:00'),
(909, 1, NULL, 8, NULL, '2022-04-09 08:00:00', '2022-04-09 16:00:00', '2022-04-09', '0.00', '8.00', '0.00', 1, '2022-04-08 18:00:00', '2022-04-08 18:00:00'),
(910, 1, NULL, 8, NULL, '2022-04-10 08:00:00', '2022-04-10 16:00:00', '2022-04-10', '0.00', '8.00', '0.00', 1, '2022-04-09 18:00:00', '2022-04-09 18:00:00'),
(911, 1, NULL, 8, NULL, '2022-04-11 08:00:00', '2022-04-11 16:00:00', '2022-04-11', '0.00', '8.00', '0.00', 1, '2022-04-10 18:00:00', '2022-04-10 18:00:00'),
(912, 1, NULL, 8, NULL, '2022-04-12 08:00:00', '2022-04-12 16:00:00', '2022-04-12', '0.00', '8.00', '0.00', 1, '2022-04-11 18:00:00', '2022-04-11 18:00:00'),
(913, 1, NULL, 8, NULL, '2022-04-13 08:00:00', '2022-04-13 16:00:00', '2022-04-13', '0.00', '8.00', '0.00', 1, '2022-04-12 18:00:00', '2022-04-12 18:00:00'),
(914, 1, NULL, 8, NULL, '2022-04-14 08:00:00', '2022-04-14 16:00:00', '2022-04-14', '0.00', '8.00', '0.00', 1, '2022-04-13 18:00:00', '2022-04-13 18:00:00'),
(915, 1, NULL, 8, NULL, '2022-04-16 08:00:00', '2022-04-16 16:00:00', '2022-04-16', '0.00', '8.00', '0.00', 1, '2022-04-15 18:00:00', '2022-04-15 18:00:00'),
(916, 1, NULL, 8, NULL, '2022-04-17 08:00:00', '2022-04-17 16:00:00', '2022-04-17', '0.00', '8.00', '0.00', 1, '2022-04-16 18:00:00', '2022-04-16 18:00:00'),
(917, 1, NULL, 8, NULL, '2022-04-18 08:00:00', '2022-04-18 16:00:00', '2022-04-18', '0.00', '8.00', '0.00', 1, '2022-04-17 18:00:00', '2022-04-17 18:00:00'),
(918, 1, NULL, 8, NULL, '2022-04-19 08:00:00', '2022-04-19 16:00:00', '2022-04-19', '0.00', '8.00', '0.00', 1, '2022-04-18 18:00:00', '2022-04-18 18:00:00'),
(919, 1, NULL, 8, NULL, '2022-04-20 08:00:00', '2022-04-20 16:00:00', '2022-04-20', '0.00', '8.00', '0.00', 1, '2022-04-19 18:00:00', '2022-04-19 18:00:00'),
(920, 1, NULL, 8, NULL, '2022-04-21 08:00:00', '2022-04-21 16:00:00', '2022-04-21', '0.00', '8.00', '0.00', 1, '2022-04-20 18:00:00', '2022-04-20 18:00:00'),
(921, 1, NULL, 8, NULL, '2022-04-23 08:00:00', '2022-04-23 16:00:00', '2022-04-23', '0.00', '8.00', '0.00', 1, '2022-04-22 18:00:00', '2022-04-22 18:00:00'),
(922, 1, NULL, 8, NULL, '2022-04-24 08:00:00', '2022-04-24 16:00:00', '2022-04-24', '0.00', '8.00', '0.00', 1, '2022-04-23 18:00:00', '2022-04-23 18:00:00'),
(923, 1, NULL, 8, NULL, '2022-04-25 08:00:00', '2022-04-25 16:00:00', '2022-04-25', '0.00', '8.00', '0.00', 1, '2022-04-24 18:00:00', '2022-04-24 18:00:00'),
(924, 1, NULL, 8, NULL, '2022-04-26 08:00:00', '2022-04-26 16:00:00', '2022-04-26', '0.00', '8.00', '0.00', 1, '2022-04-25 18:00:00', '2022-04-25 18:00:00'),
(925, 1, NULL, 8, NULL, '2022-04-27 08:00:00', '2022-04-27 16:00:00', '2022-04-27', '0.00', '8.00', '0.00', 1, '2022-04-26 18:00:00', '2022-04-26 18:00:00'),
(926, 1, NULL, 8, NULL, '2022-04-28 08:00:00', '2022-04-28 16:00:00', '2022-04-28', '0.00', '8.00', '0.00', 1, '2022-04-27 18:00:00', '2022-04-27 18:00:00'),
(927, 1, NULL, 8, NULL, '2022-04-30 08:00:00', '2022-04-30 16:00:00', '2022-04-30', '0.00', '8.00', '0.00', 1, '2022-04-29 18:00:00', '2022-04-29 18:00:00'),
(928, 1, 1, 9, NULL, '2022-04-02 08:00:00', '2022-04-02 16:00:00', '2022-04-02', '0.00', '8.00', '0.00', 1, '2022-04-01 18:00:00', '2022-04-01 18:00:00'),
(929, 1, 1, 9, NULL, '2022-04-03 08:00:00', '2022-04-03 16:00:00', '2022-04-03', '0.00', '8.00', '0.00', 1, '2022-04-02 18:00:00', '2022-04-02 18:00:00'),
(930, 1, 1, 9, NULL, '2022-04-04 08:00:00', '2022-04-04 16:00:00', '2022-04-04', '0.00', '8.00', '0.00', 1, '2022-04-03 18:00:00', '2022-04-03 18:00:00'),
(931, 1, 1, 9, NULL, '2022-04-05 08:00:00', '2022-04-05 16:00:00', '2022-04-05', '0.00', '8.00', '0.00', 1, '2022-04-04 18:00:00', '2022-04-04 18:00:00'),
(932, 1, 1, 9, NULL, '2022-04-06 08:00:00', '2022-04-06 16:00:00', '2022-04-06', '0.00', '8.00', '0.00', 1, '2022-04-05 18:00:00', '2022-04-05 18:00:00'),
(933, 1, 1, 9, NULL, '2022-04-07 08:00:00', '2022-04-07 16:00:00', '2022-04-07', '0.00', '8.00', '0.00', 1, '2022-04-06 18:00:00', '2022-04-06 18:00:00'),
(934, 1, 1, 9, NULL, '2022-04-09 08:00:00', '2022-04-09 16:00:00', '2022-04-09', '0.00', '8.00', '0.00', 1, '2022-04-08 18:00:00', '2022-04-08 18:00:00'),
(935, 1, 1, 9, NULL, '2022-04-10 08:00:00', '2022-04-10 16:00:00', '2022-04-10', '0.00', '8.00', '0.00', 1, '2022-04-09 18:00:00', '2022-04-09 18:00:00'),
(936, 1, 1, 9, NULL, '2022-04-11 08:00:00', '2022-04-11 16:00:00', '2022-04-11', '0.00', '8.00', '0.00', 1, '2022-04-10 18:00:00', '2022-04-10 18:00:00'),
(937, 1, 1, 9, NULL, '2022-04-12 08:00:00', '2022-04-12 16:00:00', '2022-04-12', '0.00', '8.00', '0.00', 1, '2022-04-11 18:00:00', '2022-04-11 18:00:00'),
(938, 1, 1, 9, NULL, '2022-04-13 08:00:00', '2022-04-13 16:00:00', '2022-04-13', '0.00', '8.00', '0.00', 1, '2022-04-12 18:00:00', '2022-04-12 18:00:00'),
(939, 1, 1, 9, NULL, '2022-04-14 08:00:00', '2022-04-14 16:00:00', '2022-04-14', '0.00', '8.00', '0.00', 1, '2022-04-13 18:00:00', '2022-04-13 18:00:00'),
(940, 1, 1, 9, NULL, '2022-04-16 08:00:00', '2022-04-16 16:00:00', '2022-04-16', '0.00', '8.00', '0.00', 1, '2022-04-15 18:00:00', '2022-04-15 18:00:00'),
(941, 1, 1, 9, NULL, '2022-04-17 08:00:00', '2022-04-17 16:00:00', '2022-04-17', '0.00', '8.00', '0.00', 1, '2022-04-16 18:00:00', '2022-04-16 18:00:00'),
(942, 1, 1, 9, NULL, '2022-04-18 08:00:00', '2022-04-18 16:00:00', '2022-04-18', '0.00', '8.00', '0.00', 1, '2022-04-17 18:00:00', '2022-04-17 18:00:00'),
(943, 1, 1, 9, NULL, '2022-04-19 08:00:00', '2022-04-19 16:00:00', '2022-04-19', '0.00', '8.00', '0.00', 1, '2022-04-18 18:00:00', '2022-04-18 18:00:00'),
(944, 1, 1, 9, NULL, '2022-04-20 08:00:00', '2022-04-20 16:00:00', '2022-04-20', '0.00', '8.00', '0.00', 1, '2022-04-19 18:00:00', '2022-04-19 18:00:00'),
(945, 1, 1, 9, NULL, '2022-04-21 08:00:00', '2022-04-21 16:00:00', '2022-04-21', '0.00', '8.00', '0.00', 1, '2022-04-20 18:00:00', '2022-04-20 18:00:00'),
(946, 1, 1, 9, NULL, '2022-04-23 08:00:00', '2022-04-23 16:00:00', '2022-04-23', '0.00', '8.00', '0.00', 1, '2022-04-22 18:00:00', '2022-04-22 18:00:00'),
(947, 1, 1, 9, NULL, '2022-04-24 08:00:00', '2022-04-24 16:00:00', '2022-04-24', '0.00', '8.00', '0.00', 1, '2022-04-23 18:00:00', '2022-04-23 18:00:00'),
(948, 1, 1, 9, NULL, '2022-04-25 08:00:00', '2022-04-25 16:00:00', '2022-04-25', '0.00', '8.00', '0.00', 1, '2022-04-24 18:00:00', '2022-04-24 18:00:00'),
(949, 1, 1, 9, NULL, '2022-04-26 08:00:00', '2022-04-26 16:00:00', '2022-04-26', '0.00', '8.00', '0.00', 1, '2022-04-25 18:00:00', '2022-04-25 18:00:00'),
(950, 1, 1, 9, NULL, '2022-04-27 08:00:00', '2022-04-27 16:00:00', '2022-04-27', '0.00', '8.00', '0.00', 1, '2022-04-26 18:00:00', '2022-04-26 18:00:00'),
(951, 1, NULL, 10, NULL, '2022-04-02 08:00:00', '2022-04-02 16:00:00', '2022-04-02', '0.00', '8.00', '0.00', 1, '2022-04-01 18:00:00', '2022-04-01 18:00:00'),
(952, 1, NULL, 10, NULL, '2022-04-03 08:00:00', '2022-04-03 16:00:00', '2022-04-03', '0.00', '8.00', '0.00', 1, '2022-04-02 18:00:00', '2022-04-02 18:00:00'),
(953, 1, NULL, 10, NULL, '2022-04-04 08:00:00', '2022-04-04 16:00:00', '2022-04-04', '0.00', '8.00', '0.00', 1, '2022-04-03 18:00:00', '2022-04-03 18:00:00'),
(954, 1, NULL, 10, NULL, '2022-04-05 08:00:00', '2022-04-05 16:00:00', '2022-04-05', '0.00', '8.00', '0.00', 1, '2022-04-04 18:00:00', '2022-04-04 18:00:00'),
(955, 1, NULL, 10, NULL, '2022-04-06 08:00:00', '2022-04-06 16:00:00', '2022-04-06', '0.00', '8.00', '0.00', 1, '2022-04-05 18:00:00', '2022-04-05 18:00:00'),
(956, 1, NULL, 10, NULL, '2022-04-07 08:00:00', '2022-04-07 16:00:00', '2022-04-07', '0.00', '8.00', '0.00', 1, '2022-04-06 18:00:00', '2022-04-06 18:00:00'),
(957, 1, NULL, 10, NULL, '2022-04-09 08:00:00', '2022-04-09 16:00:00', '2022-04-09', '0.00', '8.00', '0.00', 1, '2022-04-08 18:00:00', '2022-04-08 18:00:00'),
(958, 1, NULL, 10, NULL, '2022-04-10 08:00:00', '2022-04-10 16:00:00', '2022-04-10', '0.00', '8.00', '0.00', 1, '2022-04-09 18:00:00', '2022-04-09 18:00:00'),
(959, 1, NULL, 10, NULL, '2022-04-11 08:00:00', '2022-04-11 16:00:00', '2022-04-11', '0.00', '8.00', '0.00', 1, '2022-04-10 18:00:00', '2022-04-10 18:00:00'),
(960, 1, NULL, 10, NULL, '2022-04-12 08:00:00', '2022-04-12 16:00:00', '2022-04-12', '0.00', '8.00', '0.00', 1, '2022-04-11 18:00:00', '2022-04-11 18:00:00'),
(961, 1, NULL, 10, NULL, '2022-04-13 08:00:00', '2022-04-13 16:00:00', '2022-04-13', '0.00', '8.00', '0.00', 1, '2022-04-12 18:00:00', '2022-04-12 18:00:00'),
(962, 1, NULL, 10, NULL, '2022-04-14 08:00:00', '2022-04-14 16:00:00', '2022-04-14', '0.00', '8.00', '0.00', 1, '2022-04-13 18:00:00', '2022-04-13 18:00:00'),
(963, 1, NULL, 10, NULL, '2022-04-16 08:00:00', '2022-04-16 16:00:00', '2022-04-16', '0.00', '8.00', '0.00', 1, '2022-04-15 18:00:00', '2022-04-15 18:00:00'),
(964, 1, NULL, 10, NULL, '2022-04-17 08:00:00', '2022-04-17 16:00:00', '2022-04-17', '0.00', '8.00', '0.00', 1, '2022-04-16 18:00:00', '2022-04-16 18:00:00');
INSERT INTO `attendances` (`id`, `com_id`, `branch_id`, `employee_id`, `device_ip`, `checkin_time`, `checkout_time`, `attendance_date`, `overtime`, `working_hour`, `late`, `status`, `created_at`, `updated_at`) VALUES
(965, 1, NULL, 10, NULL, '2022-04-18 08:00:00', '2022-04-18 16:00:00', '2022-04-18', '0.00', '8.00', '0.00', 1, '2022-04-17 18:00:00', '2022-04-17 18:00:00'),
(966, 1, NULL, 10, NULL, '2022-04-19 08:00:00', '2022-04-19 16:00:00', '2022-04-19', '0.00', '8.00', '0.00', 1, '2022-04-18 18:00:00', '2022-04-18 18:00:00'),
(967, 1, NULL, 10, NULL, '2022-04-20 08:00:00', '2022-04-20 16:00:00', '2022-04-20', '0.00', '8.00', '0.00', 1, '2022-04-19 18:00:00', '2022-04-19 18:00:00'),
(968, 1, NULL, 10, NULL, '2022-04-21 08:00:00', '2022-04-21 16:00:00', '2022-04-21', '0.00', '8.00', '0.00', 1, '2022-04-20 18:00:00', '2022-04-20 18:00:00'),
(969, 1, NULL, 10, NULL, '2022-04-23 08:00:00', '2022-04-23 16:00:00', '2022-04-23', '0.00', '8.00', '0.00', 1, '2022-04-22 18:00:00', '2022-04-22 18:00:00'),
(970, 1, NULL, 10, NULL, '2022-04-24 08:00:00', '2022-04-24 16:00:00', '2022-04-24', '0.00', '8.00', '0.00', 1, '2022-04-23 18:00:00', '2022-04-23 18:00:00'),
(971, 1, NULL, 10, NULL, '2022-04-25 08:00:00', '2022-04-25 16:00:00', '2022-04-25', '0.00', '8.00', '0.00', 1, '2022-04-24 18:00:00', '2022-04-24 18:00:00'),
(972, 1, NULL, 10, NULL, '2022-04-26 08:00:00', '2022-04-26 16:00:00', '2022-04-26', '0.00', '8.00', '0.00', 1, '2022-04-25 18:00:00', '2022-04-25 18:00:00'),
(973, 1, NULL, 10, NULL, '2022-04-27 08:00:00', '2022-04-27 16:00:00', '2022-04-27', '0.00', '8.00', '0.00', 1, '2022-04-26 18:00:00', '2022-04-26 18:00:00'),
(974, 1, NULL, 10, NULL, '2022-04-28 08:00:00', '2022-04-28 16:00:00', '2022-04-28', '0.00', '8.00', '0.00', 1, '2022-04-27 18:00:00', '2022-04-27 18:00:00'),
(975, 1, NULL, 10, NULL, '2022-04-30 08:00:00', '2022-04-30 16:00:00', '2022-04-30', '0.00', '8.00', '0.00', 1, '2022-04-29 18:00:00', '2022-04-29 18:00:00'),
(976, 1, 1, 1, NULL, '2022-05-01 08:00:00', '2022-05-01 16:00:00', '2022-05-01', '0.00', '8.00', '0.00', 1, '2022-04-30 18:00:00', '2022-04-30 18:00:00'),
(977, 1, 1, 1, NULL, '2022-05-02 08:00:00', '2022-05-02 16:00:00', '2022-05-02', '0.00', '8.00', '0.00', 1, '2022-05-01 18:00:00', '2022-05-01 18:00:00'),
(978, 1, 1, 1, NULL, '2022-05-03 08:00:00', '2022-05-03 16:00:00', '2022-05-03', '0.00', '8.00', '0.00', 1, '2022-05-02 18:00:00', '2022-05-02 18:00:00'),
(979, 1, 1, 1, NULL, '2022-05-04 08:00:00', '2022-05-04 16:00:00', '2022-05-04', '0.00', '8.00', '0.00', 1, '2022-05-03 18:00:00', '2022-05-03 18:00:00'),
(980, 1, 1, 1, NULL, '2022-05-05 08:00:00', '2022-05-05 16:00:00', '2022-05-05', '0.00', '8.00', '0.00', 1, '2022-05-04 18:00:00', '2022-05-04 18:00:00'),
(981, 1, 1, 1, NULL, '2022-05-07 08:00:00', '2022-05-07 16:00:00', '2022-05-07', '0.00', '8.00', '0.00', 1, '2022-05-06 18:00:00', '2022-05-06 18:00:00'),
(982, 1, 1, 1, NULL, '2022-05-08 08:00:00', '2022-05-08 16:00:00', '2022-05-08', '0.00', '8.00', '0.00', 1, '2022-05-07 18:00:00', '2022-05-07 18:00:00'),
(983, 1, 1, 1, NULL, '2022-05-09 08:00:00', '2022-05-09 16:00:00', '2022-05-09', '0.00', '8.00', '0.00', 1, '2022-05-08 18:00:00', '2022-05-08 18:00:00'),
(984, 1, 1, 1, NULL, '2022-05-10 08:00:00', '2022-05-10 16:00:00', '2022-05-10', '0.00', '8.00', '0.00', 1, '2022-05-09 18:00:00', '2022-05-09 18:00:00'),
(985, 1, 1, 1, NULL, '2022-05-11 08:00:00', '2022-05-11 16:00:00', '2022-05-11', '0.00', '8.00', '0.00', 1, '2022-05-10 18:00:00', '2022-05-10 18:00:00'),
(986, 1, 1, 1, NULL, '2022-05-12 08:00:00', '2022-05-12 16:00:00', '2022-05-12', '0.00', '8.00', '0.00', 1, '2022-05-11 18:00:00', '2022-05-11 18:00:00'),
(987, 1, 1, 1, NULL, '2022-05-14 08:00:00', '2022-05-14 16:00:00', '2022-05-14', '0.00', '8.00', '0.00', 1, '2022-05-13 18:00:00', '2022-05-13 18:00:00'),
(988, 1, 1, 1, NULL, '2022-05-15 08:00:00', '2022-05-15 16:00:00', '2022-05-15', '0.00', '8.00', '0.00', 1, '2022-05-14 18:00:00', '2022-05-14 18:00:00'),
(989, 1, 1, 1, NULL, '2022-05-16 08:00:00', '2022-05-16 16:00:00', '2022-05-16', '0.00', '8.00', '0.00', 1, '2022-05-15 18:00:00', '2022-05-15 18:00:00'),
(990, 1, 1, 1, NULL, '2022-05-17 08:00:00', '2022-05-17 16:00:00', '2022-05-17', '0.00', '8.00', '0.00', 1, '2022-05-16 18:00:00', '2022-05-16 18:00:00'),
(991, 1, 1, 1, NULL, '2022-05-18 08:00:00', '2022-05-18 16:00:00', '2022-05-18', '0.00', '8.00', '0.00', 1, '2022-05-17 18:00:00', '2022-05-17 18:00:00'),
(992, 1, 1, 1, NULL, '2022-05-19 08:00:00', '2022-05-19 16:00:00', '2022-05-19', '0.00', '8.00', '0.00', 1, '2022-05-18 18:00:00', '2022-05-18 18:00:00'),
(993, 1, 1, 1, NULL, '2022-05-21 08:00:00', '2022-05-21 16:00:00', '2022-05-21', '0.00', '8.00', '0.00', 1, '2022-05-20 18:00:00', '2022-05-20 18:00:00'),
(994, 1, 1, 1, NULL, '2022-05-22 08:00:00', '2022-05-22 16:00:00', '2022-05-22', '0.00', '8.00', '0.00', 1, '2022-05-21 18:00:00', '2022-05-21 18:00:00'),
(995, 1, 1, 1, NULL, '2022-05-23 08:00:00', '2022-05-23 16:00:00', '2022-05-23', '0.00', '8.00', '0.00', 1, '2022-05-22 18:00:00', '2022-05-22 18:00:00'),
(996, 1, 1, 1, NULL, '2022-05-24 08:00:00', '2022-05-24 16:00:00', '2022-05-24', '0.00', '8.00', '0.00', 1, '2022-05-23 18:00:00', '2022-05-23 18:00:00'),
(997, 1, 1, 1, NULL, '2022-05-25 08:00:00', '2022-05-25 16:00:00', '2022-05-25', '0.00', '8.00', '0.00', 1, '2022-05-24 18:00:00', '2022-05-24 18:00:00'),
(998, 1, 1, 1, NULL, '2022-05-26 08:00:00', '2022-05-26 16:00:00', '2022-05-26', '0.00', '8.00', '0.00', 1, '2022-05-25 18:00:00', '2022-05-25 18:00:00'),
(999, 1, 1, 1, NULL, '2022-05-28 08:00:00', '2022-05-28 16:00:00', '2022-05-28', '0.00', '8.00', '0.00', 1, '2022-05-27 18:00:00', '2022-05-27 18:00:00'),
(1000, 1, NULL, 2, NULL, '2022-05-01 08:00:00', '2022-05-01 16:00:00', '2022-05-01', '0.00', '8.00', '0.00', 1, '2022-04-30 18:00:00', '2022-04-30 18:00:00'),
(1001, 1, NULL, 2, NULL, '2022-05-02 08:00:00', '2022-05-02 16:00:00', '2022-05-02', '0.00', '8.00', '0.00', 1, '2022-05-01 18:00:00', '2022-05-01 18:00:00'),
(1002, 1, NULL, 2, NULL, '2022-05-03 08:00:00', '2022-05-03 16:00:00', '2022-05-03', '0.00', '8.00', '0.00', 1, '2022-05-02 18:00:00', '2022-05-02 18:00:00'),
(1003, 1, NULL, 2, NULL, '2022-05-04 08:00:00', '2022-05-04 16:00:00', '2022-05-04', '0.00', '8.00', '0.00', 1, '2022-05-03 18:00:00', '2022-05-03 18:00:00'),
(1004, 1, NULL, 2, NULL, '2022-05-05 08:00:00', '2022-05-05 16:00:00', '2022-05-05', '0.00', '8.00', '0.00', 1, '2022-05-04 18:00:00', '2022-05-04 18:00:00'),
(1005, 1, NULL, 2, NULL, '2022-05-07 08:00:00', '2022-05-07 16:00:00', '2022-05-07', '0.00', '8.00', '0.00', 1, '2022-05-06 18:00:00', '2022-05-06 18:00:00'),
(1006, 1, NULL, 2, NULL, '2022-05-08 08:00:00', '2022-05-08 16:00:00', '2022-05-08', '0.00', '8.00', '0.00', 1, '2022-05-07 18:00:00', '2022-05-07 18:00:00'),
(1007, 1, NULL, 2, NULL, '2022-05-09 08:00:00', '2022-05-09 16:00:00', '2022-05-09', '0.00', '8.00', '0.00', 1, '2022-05-08 18:00:00', '2022-05-08 18:00:00'),
(1008, 1, NULL, 2, NULL, '2022-05-10 08:00:00', '2022-05-10 16:00:00', '2022-05-10', '0.00', '8.00', '0.00', 1, '2022-05-09 18:00:00', '2022-05-09 18:00:00'),
(1009, 1, NULL, 2, NULL, '2022-05-11 08:00:00', '2022-05-11 16:00:00', '2022-05-11', '0.00', '8.00', '0.00', 1, '2022-05-10 18:00:00', '2022-05-10 18:00:00'),
(1010, 1, NULL, 2, NULL, '2022-05-12 08:00:00', '2022-05-12 16:00:00', '2022-05-12', '0.00', '8.00', '0.00', 1, '2022-05-11 18:00:00', '2022-05-11 18:00:00'),
(1011, 1, NULL, 2, NULL, '2022-05-14 08:00:00', '2022-05-14 16:00:00', '2022-05-14', '0.00', '8.00', '0.00', 1, '2022-05-13 18:00:00', '2022-05-13 18:00:00'),
(1012, 1, NULL, 2, NULL, '2022-05-15 08:00:00', '2022-05-15 16:00:00', '2022-05-15', '0.00', '8.00', '0.00', 1, '2022-05-14 18:00:00', '2022-05-14 18:00:00'),
(1013, 1, NULL, 2, NULL, '2022-05-16 08:00:00', '2022-05-16 16:00:00', '2022-05-16', '0.00', '8.00', '0.00', 1, '2022-05-15 18:00:00', '2022-05-15 18:00:00'),
(1014, 1, NULL, 2, NULL, '2022-05-17 08:00:00', '2022-05-17 16:00:00', '2022-05-17', '0.00', '8.00', '0.00', 1, '2022-05-16 18:00:00', '2022-05-16 18:00:00'),
(1015, 1, NULL, 2, NULL, '2022-05-18 08:00:00', '2022-05-18 16:00:00', '2022-05-18', '0.00', '8.00', '0.00', 1, '2022-05-17 18:00:00', '2022-05-17 18:00:00'),
(1016, 1, NULL, 2, NULL, '2022-05-19 08:00:00', '2022-05-19 16:00:00', '2022-05-19', '0.00', '8.00', '0.00', 1, '2022-05-18 18:00:00', '2022-05-18 18:00:00'),
(1017, 1, NULL, 2, NULL, '2022-05-21 08:00:00', '2022-05-21 16:00:00', '2022-05-21', '0.00', '8.00', '0.00', 1, '2022-05-20 18:00:00', '2022-05-20 18:00:00'),
(1018, 1, NULL, 2, NULL, '2022-05-22 08:00:00', '2022-05-22 16:00:00', '2022-05-22', '0.00', '8.00', '0.00', 1, '2022-05-21 18:00:00', '2022-05-21 18:00:00'),
(1019, 1, NULL, 2, NULL, '2022-05-23 08:00:00', '2022-05-23 16:00:00', '2022-05-23', '0.00', '8.00', '0.00', 1, '2022-05-22 18:00:00', '2022-05-22 18:00:00'),
(1020, 1, NULL, 2, NULL, '2022-05-24 08:00:00', '2022-05-24 16:00:00', '2022-05-24', '0.00', '8.00', '0.00', 1, '2022-05-23 18:00:00', '2022-05-23 18:00:00'),
(1021, 1, NULL, 2, NULL, '2022-05-25 08:00:00', '2022-05-25 16:00:00', '2022-05-25', '0.00', '8.00', '0.00', 1, '2022-05-24 18:00:00', '2022-05-24 18:00:00'),
(1022, 1, NULL, 2, NULL, '2022-05-26 08:00:00', '2022-05-26 16:00:00', '2022-05-26', '0.00', '8.00', '0.00', 1, '2022-05-25 18:00:00', '2022-05-25 18:00:00'),
(1023, 1, NULL, 2, NULL, '2022-05-28 08:00:00', '2022-05-28 16:00:00', '2022-05-28', '0.00', '8.00', '0.00', 1, '2022-05-27 18:00:00', '2022-05-27 18:00:00'),
(1024, 1, NULL, 2, NULL, '2022-05-29 08:00:00', '2022-05-29 16:00:00', '2022-05-29', '0.00', '8.00', '0.00', 1, '2022-05-28 18:00:00', '2022-05-28 18:00:00'),
(1025, 1, NULL, 2, NULL, '2022-05-30 08:00:00', '2022-05-30 16:00:00', '2022-05-30', '0.00', '8.00', '0.00', 1, '2022-05-29 18:00:00', '2022-05-29 18:00:00'),
(1026, 1, NULL, 2, NULL, '2022-05-31 08:00:00', '2022-05-31 16:00:00', '2022-05-31', '0.00', '8.00', '0.00', 1, '2022-05-30 18:00:00', '2022-05-30 18:00:00'),
(1027, 1, 1, 3, NULL, '2022-05-01 08:00:00', '2022-05-01 16:00:00', '2022-05-01', '0.00', '8.00', '0.00', 1, '2022-04-30 18:00:00', '2022-04-30 18:00:00'),
(1028, 1, 1, 3, NULL, '2022-05-02 08:00:00', '2022-05-02 16:00:00', '2022-05-02', '0.00', '8.00', '0.00', 1, '2022-05-01 18:00:00', '2022-05-01 18:00:00'),
(1029, 1, 1, 3, NULL, '2022-05-03 08:00:00', '2022-05-03 16:00:00', '2022-05-03', '0.00', '8.00', '0.00', 1, '2022-05-02 18:00:00', '2022-05-02 18:00:00'),
(1030, 1, 1, 3, NULL, '2022-05-04 08:00:00', '2022-05-04 16:00:00', '2022-05-04', '0.00', '8.00', '0.00', 1, '2022-05-03 18:00:00', '2022-05-03 18:00:00'),
(1031, 1, 1, 3, NULL, '2022-05-05 08:00:00', '2022-05-05 16:00:00', '2022-05-05', '0.00', '8.00', '0.00', 1, '2022-05-04 18:00:00', '2022-05-04 18:00:00'),
(1032, 1, 1, 3, NULL, '2022-05-07 08:00:00', '2022-05-07 16:00:00', '2022-05-07', '0.00', '8.00', '0.00', 1, '2022-05-06 18:00:00', '2022-05-06 18:00:00'),
(1033, 1, 1, 3, NULL, '2022-05-08 08:00:00', '2022-05-08 16:00:00', '2022-05-08', '0.00', '8.00', '0.00', 1, '2022-05-07 18:00:00', '2022-05-07 18:00:00'),
(1034, 1, 1, 3, NULL, '2022-05-09 08:00:00', '2022-05-09 16:00:00', '2022-05-09', '0.00', '8.00', '0.00', 1, '2022-05-08 18:00:00', '2022-05-08 18:00:00'),
(1035, 1, 1, 3, NULL, '2022-05-10 08:00:00', '2022-05-10 16:00:00', '2022-05-10', '0.00', '8.00', '0.00', 1, '2022-05-09 18:00:00', '2022-05-09 18:00:00'),
(1036, 1, 1, 3, NULL, '2022-05-11 08:00:00', '2022-05-11 16:00:00', '2022-05-11', '0.00', '8.00', '0.00', 1, '2022-05-10 18:00:00', '2022-05-10 18:00:00'),
(1037, 1, 1, 3, NULL, '2022-05-12 08:00:00', '2022-05-12 16:00:00', '2022-05-12', '0.00', '8.00', '0.00', 1, '2022-05-11 18:00:00', '2022-05-11 18:00:00'),
(1038, 1, 1, 3, NULL, '2022-05-14 08:00:00', '2022-05-14 16:00:00', '2022-05-14', '0.00', '8.00', '0.00', 1, '2022-05-13 18:00:00', '2022-05-13 18:00:00'),
(1039, 1, 1, 3, NULL, '2022-05-15 08:00:00', '2022-05-15 16:00:00', '2022-05-15', '0.00', '8.00', '0.00', 1, '2022-05-14 18:00:00', '2022-05-14 18:00:00'),
(1040, 1, 1, 3, NULL, '2022-05-16 08:00:00', '2022-05-16 16:00:00', '2022-05-16', '0.00', '8.00', '0.00', 1, '2022-05-15 18:00:00', '2022-05-15 18:00:00'),
(1041, 1, 1, 3, NULL, '2022-05-17 08:00:00', '2022-05-17 16:00:00', '2022-05-17', '0.00', '8.00', '0.00', 1, '2022-05-16 18:00:00', '2022-05-16 18:00:00'),
(1042, 1, 1, 3, NULL, '2022-05-18 08:00:00', '2022-05-18 16:00:00', '2022-05-18', '0.00', '8.00', '0.00', 1, '2022-05-17 18:00:00', '2022-05-17 18:00:00'),
(1043, 1, 1, 3, NULL, '2022-05-19 08:00:00', '2022-05-19 16:00:00', '2022-05-19', '0.00', '8.00', '0.00', 1, '2022-05-18 18:00:00', '2022-05-18 18:00:00'),
(1044, 1, 1, 3, NULL, '2022-05-21 08:00:00', '2022-05-21 16:00:00', '2022-05-21', '0.00', '8.00', '0.00', 1, '2022-05-20 18:00:00', '2022-05-20 18:00:00'),
(1045, 1, 1, 3, NULL, '2022-05-22 08:00:00', '2022-05-22 16:00:00', '2022-05-22', '0.00', '8.00', '0.00', 1, '2022-05-21 18:00:00', '2022-05-21 18:00:00'),
(1046, 1, 1, 3, NULL, '2022-05-23 08:00:00', '2022-05-23 16:00:00', '2022-05-23', '0.00', '8.00', '0.00', 1, '2022-05-22 18:00:00', '2022-05-22 18:00:00'),
(1047, 1, 1, 3, NULL, '2022-05-24 08:00:00', '2022-05-24 16:00:00', '2022-05-24', '0.00', '8.00', '0.00', 1, '2022-05-23 18:00:00', '2022-05-23 18:00:00'),
(1048, 1, 1, 3, NULL, '2022-05-25 08:00:00', '2022-05-25 16:00:00', '2022-05-25', '0.00', '8.00', '0.00', 1, '2022-05-24 18:00:00', '2022-05-24 18:00:00'),
(1049, 1, 1, 3, NULL, '2022-05-26 08:00:00', '2022-05-26 16:00:00', '2022-05-26', '0.00', '8.00', '0.00', 1, '2022-05-25 18:00:00', '2022-05-25 18:00:00'),
(1050, 1, 1, 3, NULL, '2022-05-28 08:00:00', '2022-05-28 16:00:00', '2022-05-28', '0.00', '8.00', '0.00', 1, '2022-05-27 18:00:00', '2022-05-27 18:00:00'),
(1051, 1, NULL, 4, NULL, '2022-05-01 08:00:00', '2022-05-01 16:00:00', '2022-05-01', '0.00', '8.00', '0.00', 1, '2022-04-30 18:00:00', '2022-04-30 18:00:00'),
(1052, 1, NULL, 4, NULL, '2022-05-02 08:00:00', '2022-05-02 16:00:00', '2022-05-02', '0.00', '8.00', '0.00', 1, '2022-05-01 18:00:00', '2022-05-01 18:00:00'),
(1053, 1, NULL, 4, NULL, '2022-05-03 08:00:00', '2022-05-03 16:00:00', '2022-05-03', '0.00', '8.00', '0.00', 1, '2022-05-02 18:00:00', '2022-05-02 18:00:00'),
(1054, 1, NULL, 4, NULL, '2022-05-04 08:00:00', '2022-05-04 16:00:00', '2022-05-04', '0.00', '8.00', '0.00', 1, '2022-05-03 18:00:00', '2022-05-03 18:00:00'),
(1055, 1, NULL, 4, NULL, '2022-05-05 08:00:00', '2022-05-05 16:00:00', '2022-05-05', '0.00', '8.00', '0.00', 1, '2022-05-04 18:00:00', '2022-05-04 18:00:00'),
(1056, 1, NULL, 4, NULL, '2022-05-07 08:00:00', '2022-05-07 16:00:00', '2022-05-07', '0.00', '8.00', '0.00', 1, '2022-05-06 18:00:00', '2022-05-06 18:00:00'),
(1057, 1, NULL, 4, NULL, '2022-05-08 08:00:00', '2022-05-08 16:00:00', '2022-05-08', '0.00', '8.00', '0.00', 1, '2022-05-07 18:00:00', '2022-05-07 18:00:00'),
(1058, 1, NULL, 4, NULL, '2022-05-09 08:00:00', '2022-05-09 16:00:00', '2022-05-09', '0.00', '8.00', '0.00', 1, '2022-05-08 18:00:00', '2022-05-08 18:00:00'),
(1059, 1, NULL, 4, NULL, '2022-05-10 08:00:00', '2022-05-10 16:00:00', '2022-05-10', '0.00', '8.00', '0.00', 1, '2022-05-09 18:00:00', '2022-05-09 18:00:00'),
(1060, 1, NULL, 4, NULL, '2022-05-11 08:00:00', '2022-05-11 16:00:00', '2022-05-11', '0.00', '8.00', '0.00', 1, '2022-05-10 18:00:00', '2022-05-10 18:00:00'),
(1061, 1, NULL, 4, NULL, '2022-05-12 08:00:00', '2022-05-12 16:00:00', '2022-05-12', '0.00', '8.00', '0.00', 1, '2022-05-11 18:00:00', '2022-05-11 18:00:00'),
(1062, 1, NULL, 4, NULL, '2022-05-14 08:00:00', '2022-05-14 16:00:00', '2022-05-14', '0.00', '8.00', '0.00', 1, '2022-05-13 18:00:00', '2022-05-13 18:00:00'),
(1063, 1, NULL, 4, NULL, '2022-05-15 08:00:00', '2022-05-15 16:00:00', '2022-05-15', '0.00', '8.00', '0.00', 1, '2022-05-14 18:00:00', '2022-05-14 18:00:00'),
(1064, 1, NULL, 4, NULL, '2022-05-16 08:00:00', '2022-05-16 16:00:00', '2022-05-16', '0.00', '8.00', '0.00', 1, '2022-05-15 18:00:00', '2022-05-15 18:00:00'),
(1065, 1, NULL, 4, NULL, '2022-05-17 08:00:00', '2022-05-17 16:00:00', '2022-05-17', '0.00', '8.00', '0.00', 1, '2022-05-16 18:00:00', '2022-05-16 18:00:00'),
(1066, 1, NULL, 4, NULL, '2022-05-18 08:00:00', '2022-05-18 16:00:00', '2022-05-18', '0.00', '8.00', '0.00', 1, '2022-05-17 18:00:00', '2022-05-17 18:00:00'),
(1067, 1, NULL, 4, NULL, '2022-05-19 08:00:00', '2022-05-19 16:00:00', '2022-05-19', '0.00', '8.00', '0.00', 1, '2022-05-18 18:00:00', '2022-05-18 18:00:00'),
(1068, 1, NULL, 4, NULL, '2022-05-21 08:00:00', '2022-05-21 16:00:00', '2022-05-21', '0.00', '8.00', '0.00', 1, '2022-05-20 18:00:00', '2022-05-20 18:00:00'),
(1069, 1, NULL, 4, NULL, '2022-05-22 08:00:00', '2022-05-22 16:00:00', '2022-05-22', '0.00', '8.00', '0.00', 1, '2022-05-21 18:00:00', '2022-05-21 18:00:00'),
(1070, 1, NULL, 4, NULL, '2022-05-23 08:00:00', '2022-05-23 16:00:00', '2022-05-23', '0.00', '8.00', '0.00', 1, '2022-05-22 18:00:00', '2022-05-22 18:00:00'),
(1071, 1, NULL, 4, NULL, '2022-05-24 08:00:00', '2022-05-24 16:00:00', '2022-05-24', '0.00', '8.00', '0.00', 1, '2022-05-23 18:00:00', '2022-05-23 18:00:00'),
(1072, 1, NULL, 4, NULL, '2022-05-25 08:00:00', '2022-05-25 16:00:00', '2022-05-25', '0.00', '8.00', '0.00', 1, '2022-05-24 18:00:00', '2022-05-24 18:00:00'),
(1073, 1, NULL, 4, NULL, '2022-05-26 08:00:00', '2022-05-26 16:00:00', '2022-05-26', '0.00', '8.00', '0.00', 1, '2022-05-25 18:00:00', '2022-05-25 18:00:00'),
(1074, 1, NULL, 4, NULL, '2022-05-28 08:00:00', '2022-05-28 16:00:00', '2022-05-28', '0.00', '8.00', '0.00', 1, '2022-05-27 18:00:00', '2022-05-27 18:00:00'),
(1075, 1, NULL, 4, NULL, '2022-05-29 08:00:00', '2022-05-29 16:00:00', '2022-05-29', '0.00', '8.00', '0.00', 1, '2022-05-28 18:00:00', '2022-05-28 18:00:00'),
(1076, 1, NULL, 4, NULL, '2022-05-30 08:00:00', '2022-05-30 16:00:00', '2022-05-30', '0.00', '8.00', '0.00', 1, '2022-05-29 18:00:00', '2022-05-29 18:00:00'),
(1077, 1, NULL, 4, NULL, '2022-05-31 08:00:00', '2022-05-31 16:00:00', '2022-05-31', '0.00', '8.00', '0.00', 1, '2022-05-30 18:00:00', '2022-05-30 18:00:00'),
(1078, 1, 1, 5, NULL, '2022-05-01 08:00:00', '2022-05-01 16:00:00', '2022-05-01', '0.00', '8.00', '0.00', 1, '2022-04-30 18:00:00', '2022-04-30 18:00:00'),
(1079, 1, 1, 5, NULL, '2022-05-02 08:00:00', '2022-05-02 16:00:00', '2022-05-02', '0.00', '8.00', '0.00', 1, '2022-05-01 18:00:00', '2022-05-01 18:00:00'),
(1080, 1, 1, 5, NULL, '2022-05-03 08:00:00', '2022-05-03 16:00:00', '2022-05-03', '0.00', '8.00', '0.00', 1, '2022-05-02 18:00:00', '2022-05-02 18:00:00'),
(1081, 1, 1, 5, NULL, '2022-05-04 08:00:00', '2022-05-04 16:00:00', '2022-05-04', '0.00', '8.00', '0.00', 1, '2022-05-03 18:00:00', '2022-05-03 18:00:00'),
(1082, 1, 1, 5, NULL, '2022-05-05 08:00:00', '2022-05-05 16:00:00', '2022-05-05', '0.00', '8.00', '0.00', 1, '2022-05-04 18:00:00', '2022-05-04 18:00:00'),
(1083, 1, 1, 5, NULL, '2022-05-07 08:00:00', '2022-05-07 16:00:00', '2022-05-07', '0.00', '8.00', '0.00', 1, '2022-05-06 18:00:00', '2022-05-06 18:00:00'),
(1084, 1, 1, 5, NULL, '2022-05-08 08:00:00', '2022-05-08 16:00:00', '2022-05-08', '0.00', '8.00', '0.00', 1, '2022-05-07 18:00:00', '2022-05-07 18:00:00'),
(1085, 1, 1, 5, NULL, '2022-05-09 08:00:00', '2022-05-09 16:00:00', '2022-05-09', '0.00', '8.00', '0.00', 1, '2022-05-08 18:00:00', '2022-05-08 18:00:00'),
(1086, 1, 1, 5, NULL, '2022-05-10 08:00:00', '2022-05-10 16:00:00', '2022-05-10', '0.00', '8.00', '0.00', 1, '2022-05-09 18:00:00', '2022-05-09 18:00:00'),
(1087, 1, 1, 5, NULL, '2022-05-11 08:00:00', '2022-05-11 16:00:00', '2022-05-11', '0.00', '8.00', '0.00', 1, '2022-05-10 18:00:00', '2022-05-10 18:00:00'),
(1088, 1, 1, 5, NULL, '2022-05-12 08:00:00', '2022-05-12 16:00:00', '2022-05-12', '0.00', '8.00', '0.00', 1, '2022-05-11 18:00:00', '2022-05-11 18:00:00'),
(1089, 1, 1, 5, NULL, '2022-05-14 08:00:00', '2022-05-14 16:00:00', '2022-05-14', '0.00', '8.00', '0.00', 1, '2022-05-13 18:00:00', '2022-05-13 18:00:00'),
(1090, 1, 1, 5, NULL, '2022-05-15 08:00:00', '2022-05-15 16:00:00', '2022-05-15', '0.00', '8.00', '0.00', 1, '2022-05-14 18:00:00', '2022-05-14 18:00:00'),
(1091, 1, 1, 5, NULL, '2022-05-16 08:00:00', '2022-05-16 16:00:00', '2022-05-16', '0.00', '8.00', '0.00', 1, '2022-05-15 18:00:00', '2022-05-15 18:00:00'),
(1092, 1, 1, 5, NULL, '2022-05-17 08:00:00', '2022-05-17 16:00:00', '2022-05-17', '0.00', '8.00', '0.00', 1, '2022-05-16 18:00:00', '2022-05-16 18:00:00'),
(1093, 1, 1, 5, NULL, '2022-05-18 08:00:00', '2022-05-18 16:00:00', '2022-05-18', '0.00', '8.00', '0.00', 1, '2022-05-17 18:00:00', '2022-05-17 18:00:00'),
(1094, 1, 1, 5, NULL, '2022-05-19 08:00:00', '2022-05-19 16:00:00', '2022-05-19', '0.00', '8.00', '0.00', 1, '2022-05-18 18:00:00', '2022-05-18 18:00:00'),
(1095, 1, 1, 5, NULL, '2022-05-21 08:00:00', '2022-05-21 16:00:00', '2022-05-21', '0.00', '8.00', '0.00', 1, '2022-05-20 18:00:00', '2022-05-20 18:00:00'),
(1096, 1, 1, 5, NULL, '2022-05-22 08:00:00', '2022-05-22 16:00:00', '2022-05-22', '0.00', '8.00', '0.00', 1, '2022-05-21 18:00:00', '2022-05-21 18:00:00'),
(1097, 1, 1, 5, NULL, '2022-05-23 08:00:00', '2022-05-23 16:00:00', '2022-05-23', '0.00', '8.00', '0.00', 1, '2022-05-22 18:00:00', '2022-05-22 18:00:00'),
(1098, 1, 1, 5, NULL, '2022-05-24 08:00:00', '2022-05-24 16:00:00', '2022-05-24', '0.00', '8.00', '0.00', 1, '2022-05-23 18:00:00', '2022-05-23 18:00:00'),
(1099, 1, 1, 5, NULL, '2022-05-25 08:00:00', '2022-05-25 16:00:00', '2022-05-25', '0.00', '8.00', '0.00', 1, '2022-05-24 18:00:00', '2022-05-24 18:00:00'),
(1100, 1, 1, 5, NULL, '2022-05-26 08:00:00', '2022-05-26 16:00:00', '2022-05-26', '0.00', '8.00', '0.00', 1, '2022-05-25 18:00:00', '2022-05-25 18:00:00'),
(1101, 1, 1, 5, NULL, '2022-05-28 08:00:00', '2022-05-28 16:00:00', '2022-05-28', '0.00', '8.00', '0.00', 1, '2022-05-27 18:00:00', '2022-05-27 18:00:00'),
(1102, 1, NULL, 6, NULL, '2022-05-01 08:00:00', '2022-05-01 16:00:00', '2022-05-01', '0.00', '8.00', '0.00', 1, '2022-04-30 18:00:00', '2022-04-30 18:00:00'),
(1103, 1, NULL, 6, NULL, '2022-05-02 08:00:00', '2022-05-02 16:00:00', '2022-05-02', '0.00', '8.00', '0.00', 1, '2022-05-01 18:00:00', '2022-05-01 18:00:00'),
(1104, 1, NULL, 6, NULL, '2022-05-03 08:00:00', '2022-05-03 16:00:00', '2022-05-03', '0.00', '8.00', '0.00', 1, '2022-05-02 18:00:00', '2022-05-02 18:00:00'),
(1105, 1, NULL, 6, NULL, '2022-05-04 08:00:00', '2022-05-04 16:00:00', '2022-05-04', '0.00', '8.00', '0.00', 1, '2022-05-03 18:00:00', '2022-05-03 18:00:00'),
(1106, 1, NULL, 6, NULL, '2022-05-05 08:00:00', '2022-05-05 16:00:00', '2022-05-05', '0.00', '8.00', '0.00', 1, '2022-05-04 18:00:00', '2022-05-04 18:00:00'),
(1107, 1, NULL, 6, NULL, '2022-05-07 08:00:00', '2022-05-07 16:00:00', '2022-05-07', '0.00', '8.00', '0.00', 1, '2022-05-06 18:00:00', '2022-05-06 18:00:00'),
(1108, 1, NULL, 6, NULL, '2022-05-08 08:00:00', '2022-05-08 16:00:00', '2022-05-08', '0.00', '8.00', '0.00', 1, '2022-05-07 18:00:00', '2022-05-07 18:00:00'),
(1109, 1, NULL, 6, NULL, '2022-05-09 08:00:00', '2022-05-09 16:00:00', '2022-05-09', '0.00', '8.00', '0.00', 1, '2022-05-08 18:00:00', '2022-05-08 18:00:00'),
(1110, 1, NULL, 6, NULL, '2022-05-10 08:00:00', '2022-05-10 16:00:00', '2022-05-10', '0.00', '8.00', '0.00', 1, '2022-05-09 18:00:00', '2022-05-09 18:00:00'),
(1111, 1, NULL, 6, NULL, '2022-05-11 08:00:00', '2022-05-11 16:00:00', '2022-05-11', '0.00', '8.00', '0.00', 1, '2022-05-10 18:00:00', '2022-05-10 18:00:00'),
(1112, 1, NULL, 6, NULL, '2022-05-12 08:00:00', '2022-05-12 16:00:00', '2022-05-12', '0.00', '8.00', '0.00', 1, '2022-05-11 18:00:00', '2022-05-11 18:00:00'),
(1113, 1, NULL, 6, NULL, '2022-05-14 08:00:00', '2022-05-14 16:00:00', '2022-05-14', '0.00', '8.00', '0.00', 1, '2022-05-13 18:00:00', '2022-05-13 18:00:00'),
(1114, 1, NULL, 6, NULL, '2022-05-15 08:00:00', '2022-05-15 16:00:00', '2022-05-15', '0.00', '8.00', '0.00', 1, '2022-05-14 18:00:00', '2022-05-14 18:00:00'),
(1115, 1, NULL, 6, NULL, '2022-05-16 08:00:00', '2022-05-16 16:00:00', '2022-05-16', '0.00', '8.00', '0.00', 1, '2022-05-15 18:00:00', '2022-05-15 18:00:00'),
(1116, 1, NULL, 6, NULL, '2022-05-17 08:00:00', '2022-05-17 16:00:00', '2022-05-17', '0.00', '8.00', '0.00', 1, '2022-05-16 18:00:00', '2022-05-16 18:00:00'),
(1117, 1, NULL, 6, NULL, '2022-05-18 08:00:00', '2022-05-18 16:00:00', '2022-05-18', '0.00', '8.00', '0.00', 1, '2022-05-17 18:00:00', '2022-05-17 18:00:00'),
(1118, 1, NULL, 6, NULL, '2022-05-19 08:00:00', '2022-05-19 16:00:00', '2022-05-19', '0.00', '8.00', '0.00', 1, '2022-05-18 18:00:00', '2022-05-18 18:00:00'),
(1119, 1, NULL, 6, NULL, '2022-05-21 08:00:00', '2022-05-21 16:00:00', '2022-05-21', '0.00', '8.00', '0.00', 1, '2022-05-20 18:00:00', '2022-05-20 18:00:00'),
(1120, 1, NULL, 6, NULL, '2022-05-22 08:00:00', '2022-05-22 16:00:00', '2022-05-22', '0.00', '8.00', '0.00', 1, '2022-05-21 18:00:00', '2022-05-21 18:00:00'),
(1121, 1, NULL, 6, NULL, '2022-05-23 08:00:00', '2022-05-23 16:00:00', '2022-05-23', '0.00', '8.00', '0.00', 1, '2022-05-22 18:00:00', '2022-05-22 18:00:00'),
(1122, 1, NULL, 6, NULL, '2022-05-24 08:00:00', '2022-05-24 16:00:00', '2022-05-24', '0.00', '8.00', '0.00', 1, '2022-05-23 18:00:00', '2022-05-23 18:00:00'),
(1123, 1, NULL, 6, NULL, '2022-05-25 08:00:00', '2022-05-25 16:00:00', '2022-05-25', '0.00', '8.00', '0.00', 1, '2022-05-24 18:00:00', '2022-05-24 18:00:00'),
(1124, 1, NULL, 6, NULL, '2022-05-26 08:00:00', '2022-05-26 16:00:00', '2022-05-26', '0.00', '8.00', '0.00', 1, '2022-05-25 18:00:00', '2022-05-25 18:00:00'),
(1125, 1, NULL, 6, NULL, '2022-05-28 08:00:00', '2022-05-28 16:00:00', '2022-05-28', '0.00', '8.00', '0.00', 1, '2022-05-27 18:00:00', '2022-05-27 18:00:00'),
(1126, 1, NULL, 6, NULL, '2022-05-29 08:00:00', '2022-05-29 16:00:00', '2022-05-29', '0.00', '8.00', '0.00', 1, '2022-05-28 18:00:00', '2022-05-28 18:00:00'),
(1127, 1, NULL, 6, NULL, '2022-05-30 08:00:00', '2022-05-30 16:00:00', '2022-05-30', '0.00', '8.00', '0.00', 1, '2022-05-29 18:00:00', '2022-05-29 18:00:00'),
(1128, 1, NULL, 6, NULL, '2022-05-31 08:00:00', '2022-05-31 16:00:00', '2022-05-31', '0.00', '8.00', '0.00', 1, '2022-05-30 18:00:00', '2022-05-30 18:00:00'),
(1129, 1, 1, 7, NULL, '2022-05-01 08:00:00', '2022-05-01 16:00:00', '2022-05-01', '0.00', '8.00', '0.00', 1, '2022-04-30 18:00:00', '2022-04-30 18:00:00'),
(1130, 1, 1, 7, NULL, '2022-05-02 08:00:00', '2022-05-02 16:00:00', '2022-05-02', '0.00', '8.00', '0.00', 1, '2022-05-01 18:00:00', '2022-05-01 18:00:00'),
(1131, 1, 1, 7, NULL, '2022-05-03 08:00:00', '2022-05-03 16:00:00', '2022-05-03', '0.00', '8.00', '0.00', 1, '2022-05-02 18:00:00', '2022-05-02 18:00:00'),
(1132, 1, 1, 7, NULL, '2022-05-04 08:00:00', '2022-05-04 16:00:00', '2022-05-04', '0.00', '8.00', '0.00', 1, '2022-05-03 18:00:00', '2022-05-03 18:00:00'),
(1133, 1, 1, 7, NULL, '2022-05-05 08:00:00', '2022-05-05 16:00:00', '2022-05-05', '0.00', '8.00', '0.00', 1, '2022-05-04 18:00:00', '2022-05-04 18:00:00'),
(1134, 1, 1, 7, NULL, '2022-05-07 08:00:00', '2022-05-07 16:00:00', '2022-05-07', '0.00', '8.00', '0.00', 1, '2022-05-06 18:00:00', '2022-05-06 18:00:00'),
(1135, 1, 1, 7, NULL, '2022-05-08 08:00:00', '2022-05-08 16:00:00', '2022-05-08', '0.00', '8.00', '0.00', 1, '2022-05-07 18:00:00', '2022-05-07 18:00:00'),
(1136, 1, 1, 7, NULL, '2022-05-09 08:00:00', '2022-05-09 16:00:00', '2022-05-09', '0.00', '8.00', '0.00', 1, '2022-05-08 18:00:00', '2022-05-08 18:00:00'),
(1137, 1, 1, 7, NULL, '2022-05-10 08:00:00', '2022-05-10 16:00:00', '2022-05-10', '0.00', '8.00', '0.00', 1, '2022-05-09 18:00:00', '2022-05-09 18:00:00'),
(1138, 1, 1, 7, NULL, '2022-05-11 08:00:00', '2022-05-11 16:00:00', '2022-05-11', '0.00', '8.00', '0.00', 1, '2022-05-10 18:00:00', '2022-05-10 18:00:00'),
(1139, 1, 1, 7, NULL, '2022-05-12 08:00:00', '2022-05-12 16:00:00', '2022-05-12', '0.00', '8.00', '0.00', 1, '2022-05-11 18:00:00', '2022-05-11 18:00:00'),
(1140, 1, 1, 7, NULL, '2022-05-14 08:00:00', '2022-05-14 16:00:00', '2022-05-14', '0.00', '8.00', '0.00', 1, '2022-05-13 18:00:00', '2022-05-13 18:00:00'),
(1141, 1, 1, 7, NULL, '2022-05-15 08:00:00', '2022-05-15 16:00:00', '2022-05-15', '0.00', '8.00', '0.00', 1, '2022-05-14 18:00:00', '2022-05-14 18:00:00'),
(1142, 1, 1, 7, NULL, '2022-05-16 08:00:00', '2022-05-16 16:00:00', '2022-05-16', '0.00', '8.00', '0.00', 1, '2022-05-15 18:00:00', '2022-05-15 18:00:00'),
(1143, 1, 1, 7, NULL, '2022-05-17 08:00:00', '2022-05-17 16:00:00', '2022-05-17', '0.00', '8.00', '0.00', 1, '2022-05-16 18:00:00', '2022-05-16 18:00:00'),
(1144, 1, 1, 7, NULL, '2022-05-18 08:00:00', '2022-05-18 16:00:00', '2022-05-18', '0.00', '8.00', '0.00', 1, '2022-05-17 18:00:00', '2022-05-17 18:00:00'),
(1145, 1, 1, 7, NULL, '2022-05-19 08:00:00', '2022-05-19 16:00:00', '2022-05-19', '0.00', '8.00', '0.00', 1, '2022-05-18 18:00:00', '2022-05-18 18:00:00'),
(1146, 1, 1, 7, NULL, '2022-05-21 08:00:00', '2022-05-21 16:00:00', '2022-05-21', '0.00', '8.00', '0.00', 1, '2022-05-20 18:00:00', '2022-05-20 18:00:00'),
(1147, 1, 1, 7, NULL, '2022-05-22 08:00:00', '2022-05-22 16:00:00', '2022-05-22', '0.00', '8.00', '0.00', 1, '2022-05-21 18:00:00', '2022-05-21 18:00:00'),
(1148, 1, 1, 7, NULL, '2022-05-23 08:00:00', '2022-05-23 16:00:00', '2022-05-23', '0.00', '8.00', '0.00', 1, '2022-05-22 18:00:00', '2022-05-22 18:00:00'),
(1149, 1, 1, 7, NULL, '2022-05-24 08:00:00', '2022-05-24 16:00:00', '2022-05-24', '0.00', '8.00', '0.00', 1, '2022-05-23 18:00:00', '2022-05-23 18:00:00'),
(1150, 1, 1, 7, NULL, '2022-05-25 08:00:00', '2022-05-25 16:00:00', '2022-05-25', '0.00', '8.00', '0.00', 1, '2022-05-24 18:00:00', '2022-05-24 18:00:00'),
(1151, 1, 1, 7, NULL, '2022-05-26 08:00:00', '2022-05-26 16:00:00', '2022-05-26', '0.00', '8.00', '0.00', 1, '2022-05-25 18:00:00', '2022-05-25 18:00:00'),
(1152, 1, 1, 7, NULL, '2022-05-28 08:00:00', '2022-05-28 16:00:00', '2022-05-28', '0.00', '8.00', '0.00', 1, '2022-05-27 18:00:00', '2022-05-27 18:00:00'),
(1153, 1, NULL, 8, NULL, '2022-05-01 08:00:00', '2022-05-01 16:00:00', '2022-05-01', '0.00', '8.00', '0.00', 1, '2022-04-30 18:00:00', '2022-04-30 18:00:00'),
(1154, 1, NULL, 8, NULL, '2022-05-02 08:00:00', '2022-05-02 16:00:00', '2022-05-02', '0.00', '8.00', '0.00', 1, '2022-05-01 18:00:00', '2022-05-01 18:00:00'),
(1155, 1, NULL, 8, NULL, '2022-05-03 08:00:00', '2022-05-03 16:00:00', '2022-05-03', '0.00', '8.00', '0.00', 1, '2022-05-02 18:00:00', '2022-05-02 18:00:00'),
(1156, 1, NULL, 8, NULL, '2022-05-04 08:00:00', '2022-05-04 16:00:00', '2022-05-04', '0.00', '8.00', '0.00', 1, '2022-05-03 18:00:00', '2022-05-03 18:00:00'),
(1157, 1, NULL, 8, NULL, '2022-05-05 08:00:00', '2022-05-05 16:00:00', '2022-05-05', '0.00', '8.00', '0.00', 1, '2022-05-04 18:00:00', '2022-05-04 18:00:00'),
(1158, 1, NULL, 8, NULL, '2022-05-07 08:00:00', '2022-05-07 16:00:00', '2022-05-07', '0.00', '8.00', '0.00', 1, '2022-05-06 18:00:00', '2022-05-06 18:00:00'),
(1159, 1, NULL, 8, NULL, '2022-05-08 08:00:00', '2022-05-08 16:00:00', '2022-05-08', '0.00', '8.00', '0.00', 1, '2022-05-07 18:00:00', '2022-05-07 18:00:00'),
(1160, 1, NULL, 8, NULL, '2022-05-09 08:00:00', '2022-05-09 16:00:00', '2022-05-09', '0.00', '8.00', '0.00', 1, '2022-05-08 18:00:00', '2022-05-08 18:00:00'),
(1161, 1, NULL, 8, NULL, '2022-05-10 08:00:00', '2022-05-10 16:00:00', '2022-05-10', '0.00', '8.00', '0.00', 1, '2022-05-09 18:00:00', '2022-05-09 18:00:00'),
(1162, 1, NULL, 8, NULL, '2022-05-11 08:00:00', '2022-05-11 16:00:00', '2022-05-11', '0.00', '8.00', '0.00', 1, '2022-05-10 18:00:00', '2022-05-10 18:00:00'),
(1163, 1, NULL, 8, NULL, '2022-05-12 08:00:00', '2022-05-12 16:00:00', '2022-05-12', '0.00', '8.00', '0.00', 1, '2022-05-11 18:00:00', '2022-05-11 18:00:00'),
(1164, 1, NULL, 8, NULL, '2022-05-14 08:00:00', '2022-05-14 16:00:00', '2022-05-14', '0.00', '8.00', '0.00', 1, '2022-05-13 18:00:00', '2022-05-13 18:00:00'),
(1165, 1, NULL, 8, NULL, '2022-05-15 08:00:00', '2022-05-15 16:00:00', '2022-05-15', '0.00', '8.00', '0.00', 1, '2022-05-14 18:00:00', '2022-05-14 18:00:00'),
(1166, 1, NULL, 8, NULL, '2022-05-16 08:00:00', '2022-05-16 16:00:00', '2022-05-16', '0.00', '8.00', '0.00', 1, '2022-05-15 18:00:00', '2022-05-15 18:00:00'),
(1167, 1, NULL, 8, NULL, '2022-05-17 08:00:00', '2022-05-17 16:00:00', '2022-05-17', '0.00', '8.00', '0.00', 1, '2022-05-16 18:00:00', '2022-05-16 18:00:00'),
(1168, 1, NULL, 8, NULL, '2022-05-18 08:00:00', '2022-05-18 16:00:00', '2022-05-18', '0.00', '8.00', '0.00', 1, '2022-05-17 18:00:00', '2022-05-17 18:00:00'),
(1169, 1, NULL, 8, NULL, '2022-05-19 08:00:00', '2022-05-19 16:00:00', '2022-05-19', '0.00', '8.00', '0.00', 1, '2022-05-18 18:00:00', '2022-05-18 18:00:00'),
(1170, 1, NULL, 8, NULL, '2022-05-21 08:00:00', '2022-05-21 16:00:00', '2022-05-21', '0.00', '8.00', '0.00', 1, '2022-05-20 18:00:00', '2022-05-20 18:00:00'),
(1171, 1, NULL, 8, NULL, '2022-05-22 08:00:00', '2022-05-22 16:00:00', '2022-05-22', '0.00', '8.00', '0.00', 1, '2022-05-21 18:00:00', '2022-05-21 18:00:00'),
(1172, 1, NULL, 8, NULL, '2022-05-23 08:00:00', '2022-05-23 16:00:00', '2022-05-23', '0.00', '8.00', '0.00', 1, '2022-05-22 18:00:00', '2022-05-22 18:00:00'),
(1173, 1, NULL, 8, NULL, '2022-05-24 08:00:00', '2022-05-24 16:00:00', '2022-05-24', '0.00', '8.00', '0.00', 1, '2022-05-23 18:00:00', '2022-05-23 18:00:00'),
(1174, 1, NULL, 8, NULL, '2022-05-25 08:00:00', '2022-05-25 16:00:00', '2022-05-25', '0.00', '8.00', '0.00', 1, '2022-05-24 18:00:00', '2022-05-24 18:00:00'),
(1175, 1, NULL, 8, NULL, '2022-05-26 08:00:00', '2022-05-26 16:00:00', '2022-05-26', '0.00', '8.00', '0.00', 1, '2022-05-25 18:00:00', '2022-05-25 18:00:00'),
(1176, 1, NULL, 8, NULL, '2022-05-28 08:00:00', '2022-05-28 16:00:00', '2022-05-28', '0.00', '8.00', '0.00', 1, '2022-05-27 18:00:00', '2022-05-27 18:00:00'),
(1177, 1, NULL, 8, NULL, '2022-05-29 08:00:00', '2022-05-29 16:00:00', '2022-05-29', '0.00', '8.00', '0.00', 1, '2022-05-28 18:00:00', '2022-05-28 18:00:00'),
(1178, 1, NULL, 8, NULL, '2022-05-30 08:00:00', '2022-05-30 16:00:00', '2022-05-30', '0.00', '8.00', '0.00', 1, '2022-05-29 18:00:00', '2022-05-29 18:00:00'),
(1179, 1, NULL, 8, NULL, '2022-05-31 08:00:00', '2022-05-31 16:00:00', '2022-05-31', '0.00', '8.00', '0.00', 1, '2022-05-30 18:00:00', '2022-05-30 18:00:00'),
(1180, 1, 1, 9, NULL, '2022-05-01 08:00:00', '2022-05-01 16:00:00', '2022-05-01', '0.00', '8.00', '0.00', 1, '2022-04-30 18:00:00', '2022-04-30 18:00:00'),
(1181, 1, 1, 9, NULL, '2022-05-02 08:00:00', '2022-05-02 16:00:00', '2022-05-02', '0.00', '8.00', '0.00', 1, '2022-05-01 18:00:00', '2022-05-01 18:00:00'),
(1182, 1, 1, 9, NULL, '2022-05-03 08:00:00', '2022-05-03 16:00:00', '2022-05-03', '0.00', '8.00', '0.00', 1, '2022-05-02 18:00:00', '2022-05-02 18:00:00'),
(1183, 1, 1, 9, NULL, '2022-05-04 08:00:00', '2022-05-04 16:00:00', '2022-05-04', '0.00', '8.00', '0.00', 1, '2022-05-03 18:00:00', '2022-05-03 18:00:00'),
(1184, 1, 1, 9, NULL, '2022-05-05 08:00:00', '2022-05-05 16:00:00', '2022-05-05', '0.00', '8.00', '0.00', 1, '2022-05-04 18:00:00', '2022-05-04 18:00:00'),
(1185, 1, 1, 9, NULL, '2022-05-07 08:00:00', '2022-05-07 16:00:00', '2022-05-07', '0.00', '8.00', '0.00', 1, '2022-05-06 18:00:00', '2022-05-06 18:00:00'),
(1186, 1, 1, 9, NULL, '2022-05-08 08:00:00', '2022-05-08 16:00:00', '2022-05-08', '0.00', '8.00', '0.00', 1, '2022-05-07 18:00:00', '2022-05-07 18:00:00'),
(1187, 1, 1, 9, NULL, '2022-05-09 08:00:00', '2022-05-09 16:00:00', '2022-05-09', '0.00', '8.00', '0.00', 1, '2022-05-08 18:00:00', '2022-05-08 18:00:00'),
(1188, 1, 1, 9, NULL, '2022-05-10 08:00:00', '2022-05-10 16:00:00', '2022-05-10', '0.00', '8.00', '0.00', 1, '2022-05-09 18:00:00', '2022-05-09 18:00:00'),
(1189, 1, 1, 9, NULL, '2022-05-11 08:00:00', '2022-05-11 16:00:00', '2022-05-11', '0.00', '8.00', '0.00', 1, '2022-05-10 18:00:00', '2022-05-10 18:00:00'),
(1190, 1, 1, 9, NULL, '2022-05-12 08:00:00', '2022-05-12 16:00:00', '2022-05-12', '0.00', '8.00', '0.00', 1, '2022-05-11 18:00:00', '2022-05-11 18:00:00'),
(1191, 1, 1, 9, NULL, '2022-05-14 08:00:00', '2022-05-14 16:00:00', '2022-05-14', '0.00', '8.00', '0.00', 1, '2022-05-13 18:00:00', '2022-05-13 18:00:00'),
(1192, 1, 1, 9, NULL, '2022-05-15 08:00:00', '2022-05-15 16:00:00', '2022-05-15', '0.00', '8.00', '0.00', 1, '2022-05-14 18:00:00', '2022-05-14 18:00:00'),
(1193, 1, 1, 9, NULL, '2022-05-16 08:00:00', '2022-05-16 16:00:00', '2022-05-16', '0.00', '8.00', '0.00', 1, '2022-05-15 18:00:00', '2022-05-15 18:00:00'),
(1194, 1, 1, 9, NULL, '2022-05-17 08:00:00', '2022-05-17 16:00:00', '2022-05-17', '0.00', '8.00', '0.00', 1, '2022-05-16 18:00:00', '2022-05-16 18:00:00'),
(1195, 1, 1, 9, NULL, '2022-05-18 08:00:00', '2022-05-18 16:00:00', '2022-05-18', '0.00', '8.00', '0.00', 1, '2022-05-17 18:00:00', '2022-05-17 18:00:00'),
(1196, 1, 1, 9, NULL, '2022-05-19 08:00:00', '2022-05-19 16:00:00', '2022-05-19', '0.00', '8.00', '0.00', 1, '2022-05-18 18:00:00', '2022-05-18 18:00:00'),
(1197, 1, 1, 9, NULL, '2022-05-21 08:00:00', '2022-05-21 16:00:00', '2022-05-21', '0.00', '8.00', '0.00', 1, '2022-05-20 18:00:00', '2022-05-20 18:00:00'),
(1198, 1, 1, 9, NULL, '2022-05-22 08:00:00', '2022-05-22 16:00:00', '2022-05-22', '0.00', '8.00', '0.00', 1, '2022-05-21 18:00:00', '2022-05-21 18:00:00'),
(1199, 1, 1, 9, NULL, '2022-05-23 08:00:00', '2022-05-23 16:00:00', '2022-05-23', '0.00', '8.00', '0.00', 1, '2022-05-22 18:00:00', '2022-05-22 18:00:00'),
(1200, 1, 1, 9, NULL, '2022-05-24 08:00:00', '2022-05-24 16:00:00', '2022-05-24', '0.00', '8.00', '0.00', 1, '2022-05-23 18:00:00', '2022-05-23 18:00:00'),
(1201, 1, 1, 9, NULL, '2022-05-25 08:00:00', '2022-05-25 16:00:00', '2022-05-25', '0.00', '8.00', '0.00', 1, '2022-05-24 18:00:00', '2022-05-24 18:00:00'),
(1202, 1, 1, 9, NULL, '2022-05-26 08:00:00', '2022-05-26 16:00:00', '2022-05-26', '0.00', '8.00', '0.00', 1, '2022-05-25 18:00:00', '2022-05-25 18:00:00'),
(1203, 1, 1, 9, NULL, '2022-05-28 08:00:00', '2022-05-28 16:00:00', '2022-05-28', '0.00', '8.00', '0.00', 1, '2022-05-27 18:00:00', '2022-05-27 18:00:00'),
(1204, 1, NULL, 10, NULL, '2022-05-01 08:00:00', '2022-05-01 16:00:00', '2022-05-01', '0.00', '8.00', '0.00', 1, '2022-04-30 18:00:00', '2022-04-30 18:00:00'),
(1205, 1, NULL, 10, NULL, '2022-05-02 08:00:00', '2022-05-02 16:00:00', '2022-05-02', '0.00', '8.00', '0.00', 1, '2022-05-01 18:00:00', '2022-05-01 18:00:00'),
(1206, 1, NULL, 10, NULL, '2022-05-03 08:00:00', '2022-05-03 16:00:00', '2022-05-03', '0.00', '8.00', '0.00', 1, '2022-05-02 18:00:00', '2022-05-02 18:00:00'),
(1207, 1, NULL, 10, NULL, '2022-05-04 08:00:00', '2022-05-04 16:00:00', '2022-05-04', '0.00', '8.00', '0.00', 1, '2022-05-03 18:00:00', '2022-05-03 18:00:00'),
(1208, 1, NULL, 10, NULL, '2022-05-05 08:00:00', '2022-05-05 16:00:00', '2022-05-05', '0.00', '8.00', '0.00', 1, '2022-05-04 18:00:00', '2022-05-04 18:00:00'),
(1209, 1, NULL, 10, NULL, '2022-05-07 08:00:00', '2022-05-07 16:00:00', '2022-05-07', '0.00', '8.00', '0.00', 1, '2022-05-06 18:00:00', '2022-05-06 18:00:00'),
(1210, 1, NULL, 10, NULL, '2022-05-08 08:00:00', '2022-05-08 16:00:00', '2022-05-08', '0.00', '8.00', '0.00', 1, '2022-05-07 18:00:00', '2022-05-07 18:00:00'),
(1211, 1, NULL, 10, NULL, '2022-05-09 08:00:00', '2022-05-09 16:00:00', '2022-05-09', '0.00', '8.00', '0.00', 1, '2022-05-08 18:00:00', '2022-05-08 18:00:00'),
(1212, 1, NULL, 10, NULL, '2022-05-10 08:00:00', '2022-05-10 16:00:00', '2022-05-10', '0.00', '8.00', '0.00', 1, '2022-05-09 18:00:00', '2022-05-09 18:00:00'),
(1213, 1, NULL, 10, NULL, '2022-05-11 08:00:00', '2022-05-11 16:00:00', '2022-05-11', '0.00', '8.00', '0.00', 1, '2022-05-10 18:00:00', '2022-05-10 18:00:00'),
(1214, 1, NULL, 10, NULL, '2022-05-12 08:00:00', '2022-05-12 16:00:00', '2022-05-12', '0.00', '8.00', '0.00', 1, '2022-05-11 18:00:00', '2022-05-11 18:00:00'),
(1215, 1, NULL, 10, NULL, '2022-05-14 08:00:00', '2022-05-14 16:00:00', '2022-05-14', '0.00', '8.00', '0.00', 1, '2022-05-13 18:00:00', '2022-05-13 18:00:00'),
(1216, 1, NULL, 10, NULL, '2022-05-15 08:00:00', '2022-05-15 16:00:00', '2022-05-15', '0.00', '8.00', '0.00', 1, '2022-05-14 18:00:00', '2022-05-14 18:00:00'),
(1217, 1, NULL, 10, NULL, '2022-05-16 08:00:00', '2022-05-16 16:00:00', '2022-05-16', '0.00', '8.00', '0.00', 1, '2022-05-15 18:00:00', '2022-05-15 18:00:00'),
(1218, 1, NULL, 10, NULL, '2022-05-17 08:00:00', '2022-05-17 16:00:00', '2022-05-17', '0.00', '8.00', '0.00', 1, '2022-05-16 18:00:00', '2022-05-16 18:00:00'),
(1219, 1, NULL, 10, NULL, '2022-05-18 08:00:00', '2022-05-18 16:00:00', '2022-05-18', '0.00', '8.00', '0.00', 1, '2022-05-17 18:00:00', '2022-05-17 18:00:00'),
(1220, 1, NULL, 10, NULL, '2022-05-19 08:00:00', '2022-05-19 16:00:00', '2022-05-19', '0.00', '8.00', '0.00', 1, '2022-05-18 18:00:00', '2022-05-18 18:00:00'),
(1221, 1, NULL, 10, NULL, '2022-05-21 08:00:00', '2022-05-21 16:00:00', '2022-05-21', '0.00', '8.00', '0.00', 1, '2022-05-20 18:00:00', '2022-05-20 18:00:00'),
(1222, 1, NULL, 10, NULL, '2022-05-22 08:00:00', '2022-05-22 16:00:00', '2022-05-22', '0.00', '8.00', '0.00', 1, '2022-05-21 18:00:00', '2022-05-21 18:00:00'),
(1223, 1, NULL, 10, NULL, '2022-05-23 08:00:00', '2022-05-23 16:00:00', '2022-05-23', '0.00', '8.00', '0.00', 1, '2022-05-22 18:00:00', '2022-05-22 18:00:00'),
(1224, 1, NULL, 10, NULL, '2022-05-24 08:00:00', '2022-05-24 16:00:00', '2022-05-24', '0.00', '8.00', '0.00', 1, '2022-05-23 18:00:00', '2022-05-23 18:00:00'),
(1225, 1, NULL, 10, NULL, '2022-05-25 08:00:00', '2022-05-25 16:00:00', '2022-05-25', '0.00', '8.00', '0.00', 1, '2022-05-24 18:00:00', '2022-05-24 18:00:00'),
(1226, 1, NULL, 10, NULL, '2022-05-26 08:00:00', '2022-05-26 16:00:00', '2022-05-26', '0.00', '8.00', '0.00', 1, '2022-05-25 18:00:00', '2022-05-25 18:00:00'),
(1227, 1, NULL, 10, NULL, '2022-05-28 08:00:00', '2022-05-28 16:00:00', '2022-05-28', '0.00', '8.00', '0.00', 1, '2022-05-27 18:00:00', '2022-05-27 18:00:00'),
(1228, 1, NULL, 10, NULL, '2022-05-29 08:00:00', '2022-05-29 16:00:00', '2022-05-29', '0.00', '8.00', '0.00', 1, '2022-05-28 18:00:00', '2022-05-28 18:00:00'),
(1229, 1, NULL, 10, NULL, '2022-05-30 08:00:00', '2022-05-30 16:00:00', '2022-05-30', '0.00', '8.00', '0.00', 1, '2022-05-29 18:00:00', '2022-05-29 18:00:00'),
(1230, 1, NULL, 10, NULL, '2022-05-31 08:00:00', '2022-05-31 16:00:00', '2022-05-31', '0.00', '8.00', '0.00', 1, '2022-05-30 18:00:00', '2022-05-30 18:00:00');

-- --------------------------------------------------------

--
-- Table structure for table `attendance_deduction_policies`
--

CREATE TABLE `attendance_deduction_policies` (
  `id` bigint(20) UNSIGNED NOT NULL,
  `com_id` bigint(20) UNSIGNED DEFAULT NULL,
  `type` varchar(20) COLLATE utf8mb4_unicode_ci DEFAULT NULL,
  `absent` int(11) DEFAULT NULL,
  `deduction_amount` decimal(6,2) DEFAULT NULL,
  `is_percent` tinyint(4) DEFAULT 0,
  `details` text COLLATE utf8mb4_unicode_ci DEFAULT NULL,
  `status` tinyint(4) NOT NULL DEFAULT 1,
  `created_by` int(11) NOT NULL DEFAULT 0,
  `created_at` timestamp NULL DEFAULT NULL,
  `updated_at` timestamp NULL DEFAULT NULL,
  `deleted_at` timestamp NULL DEFAULT NULL
) ENGINE=InnoDB DEFAULT CHARSET=utf8mb4 COLLATE=utf8mb4_unicode_ci;

--
-- Dumping data for table `attendance_deduction_policies`
--

INSERT INTO `attendance_deduction_policies` (`id`, `com_id`, `type`, `absent`, `deduction_amount`, `is_percent`, `details`, `status`, `created_by`, `created_at`, `updated_at`, `deleted_at`) VALUES
(1, 1, 'Day', 3, '300.00', 0, 'if employee absent 3 days $300 will deduct from his salary.', 1, 0, '2022-06-10 03:49:07', NULL, NULL),
(2, 1, 'Hour', 3, '100.00', 0, 'if employee absent 3 hour $100 will deduct from his salary.', 1, 0, '2022-06-10 03:49:07', NULL, NULL);

-- --------------------------------------------------------

--
-- Table structure for table `attendance_log`
--

CREATE TABLE `attendance_log` (
  `id` bigint(20) UNSIGNED NOT NULL,
  `com_id` bigint(20) UNSIGNED DEFAULT NULL,
  `branch_id` bigint(20) UNSIGNED DEFAULT NULL,
  `employee_id` bigint(20) UNSIGNED DEFAULT NULL,
  `device_ip` varchar(150) COLLATE utf8mb4_unicode_ci DEFAULT NULL,
  `punch_time` datetime DEFAULT NULL,
  `state` varchar(150) COLLATE utf8mb4_unicode_ci DEFAULT NULL,
  `type` varchar(150) COLLATE utf8mb4_unicode_ci DEFAULT NULL,
  `location` mediumtext COLLATE utf8mb4_unicode_ci DEFAULT NULL,
  `latitude` decimal(10,8) DEFAULT NULL,
  `longitude` decimal(11,8) DEFAULT NULL,
  `status` tinyint(4) DEFAULT 0,
  `created_at` timestamp NULL DEFAULT NULL,
  `updated_at` timestamp NULL DEFAULT NULL
) ENGINE=InnoDB DEFAULT CHARSET=utf8mb4 COLLATE=utf8mb4_unicode_ci;

-- --------------------------------------------------------

--
-- Table structure for table `branches`
--

CREATE TABLE `branches` (
  `id` bigint(20) UNSIGNED NOT NULL,
  `com_id` bigint(20) UNSIGNED DEFAULT NULL,
  `name` varchar(150) COLLATE utf8mb4_unicode_ci NOT NULL,
  `email` varchar(150) COLLATE utf8mb4_unicode_ci NOT NULL,
  `phone` varchar(150) COLLATE utf8mb4_unicode_ci NOT NULL,
  `address` varchar(150) COLLATE utf8mb4_unicode_ci NOT NULL,
  `status` tinyint(4) NOT NULL DEFAULT 1,
  `created_at` timestamp NULL DEFAULT NULL,
  `updated_at` timestamp NULL DEFAULT NULL,
  `deleted_at` timestamp NULL DEFAULT NULL,
  `created_by` int(11) NOT NULL DEFAULT 0,
  `updated_by` int(11) NOT NULL DEFAULT 0
) ENGINE=InnoDB DEFAULT CHARSET=utf8mb4 COLLATE=utf8mb4_unicode_ci;

--
-- Dumping data for table `branches`
--

INSERT INTO `branches` (`id`, `com_id`, `name`, `email`, `phone`, `address`, `status`, `created_at`, `updated_at`, `deleted_at`, `created_by`, `updated_by`) VALUES
(1, 1, 'Demo Branch', 'branch@demo.com', '01826319556', 'Dhaka, Bangladesh', 1, NULL, NULL, NULL, 0, 0);

-- --------------------------------------------------------

--
-- Table structure for table `branch_settings`
--

CREATE TABLE `branch_settings` (
  `id` bigint(20) UNSIGNED NOT NULL,
  `com_id` bigint(20) UNSIGNED DEFAULT NULL,
  `branch_id` bigint(20) UNSIGNED DEFAULT NULL,
  `allow_employee_login` tinyint(4) DEFAULT NULL,
  `allow_overtime` tinyint(4) DEFAULT NULL,
  `attendance` enum('ip_based','manual') COLLATE utf8mb4_unicode_ci DEFAULT NULL,
  `device_ip` varchar(20) COLLATE utf8mb4_unicode_ci DEFAULT NULL,
  `enable_device` tinyint(4) DEFAULT 0,
  `created_at` timestamp NULL DEFAULT NULL,
  `updated_at` timestamp NULL DEFAULT NULL
) ENGINE=InnoDB DEFAULT CHARSET=utf8mb4 COLLATE=utf8mb4_unicode_ci;

--
-- Dumping data for table `branch_settings`
--

INSERT INTO `branch_settings` (`id`, `com_id`, `branch_id`, `allow_employee_login`, `allow_overtime`, `attendance`, `device_ip`, `enable_device`, `created_at`, `updated_at`) VALUES
(1, 1, 1, 1, NULL, NULL, NULL, 0, NULL, NULL);

-- --------------------------------------------------------

--
-- Table structure for table `companies`
--

CREATE TABLE `companies` (
  `id` bigint(20) UNSIGNED NOT NULL,
  `name` varchar(150) COLLATE utf8mb4_unicode_ci NOT NULL,
  `email` varchar(150) COLLATE utf8mb4_unicode_ci NOT NULL,
  `phone` varchar(150) COLLATE utf8mb4_unicode_ci DEFAULT NULL,
  `details` varchar(150) COLLATE utf8mb4_unicode_ci DEFAULT NULL,
  `address` varchar(150) COLLATE utf8mb4_unicode_ci DEFAULT NULL,
  `status` tinyint(4) DEFAULT 0,
  `deleted_at` timestamp NULL DEFAULT NULL,
  `created_at` timestamp NULL DEFAULT NULL,
  `updated_at` timestamp NULL DEFAULT NULL,
  `created_by` int(11) NOT NULL DEFAULT 0,
  `updated_by` int(11) NOT NULL DEFAULT 0
) ENGINE=InnoDB DEFAULT CHARSET=utf8mb4 COLLATE=utf8mb4_unicode_ci;

--
-- Dumping data for table `companies`
--

INSERT INTO `companies` (`id`, `name`, `email`, `phone`, `details`, `address`, `status`, `deleted_at`, `created_at`, `updated_at`, `created_by`, `updated_by`) VALUES
(1, 'Demo Company', 'company@demo.com', '01826319556', 'This is testing master agent', 'Dhaka, Bangladesh', 1, NULL, NULL, NULL, 0, 0);

-- --------------------------------------------------------

--
-- Table structure for table `company_settings`
--

CREATE TABLE `company_settings` (
  `id` bigint(20) UNSIGNED NOT NULL,
  `com_id` bigint(20) UNSIGNED DEFAULT NULL,
  `yearly_leave` int(11) DEFAULT 10,
  `employee_id_prefix` varchar(10) COLLATE utf8mb4_unicode_ci DEFAULT NULL,
  `employee_id_length` int(11) DEFAULT 6,
  `has_provision_period` tinyint(4) NOT NULL DEFAULT 0,
  `allow_overtime` tinyint(4) NOT NULL DEFAULT 0,
  `attendance` enum('ip_based','manual') COLLATE utf8mb4_unicode_ci DEFAULT NULL,
  `has_attendance_deduction_policy` tinyint(4) NOT NULL DEFAULT 0,
  `has_allowances` tinyint(4) NOT NULL DEFAULT 0,
  `allow_employee_login` tinyint(4) NOT NULL DEFAULT 0,
  `allow_holiday_work_as_overtime` tinyint(4) NOT NULL DEFAULT 0,
  `enable_device` tinyint(4) DEFAULT 0,
  `allow_bulk_upload` tinyint(4) DEFAULT 0,
  `device_ip` varchar(20) COLLATE utf8mb4_unicode_ci DEFAULT NULL,
  `created_at` timestamp NULL DEFAULT NULL,
  `updated_at` timestamp NULL DEFAULT NULL
) ENGINE=InnoDB DEFAULT CHARSET=utf8mb4 COLLATE=utf8mb4_unicode_ci;

--
-- Dumping data for table `company_settings`
--

INSERT INTO `company_settings` (`id`, `com_id`, `yearly_leave`, `employee_id_prefix`, `employee_id_length`, `has_provision_period`, `allow_overtime`, `attendance`, `has_attendance_deduction_policy`, `has_allowances`, `allow_employee_login`, `allow_holiday_work_as_overtime`, `enable_device`, `allow_bulk_upload`, `device_ip`, `created_at`, `updated_at`) VALUES
(1, 1, 10, 'DC', 6, 0, 0, 'manual', 0, 0, 1, 0, 0, 0, NULL, NULL, NULL);

-- --------------------------------------------------------

--
-- Table structure for table `countries`
--

CREATE TABLE `countries` (
  `id` int(10) UNSIGNED NOT NULL,
  `name` varchar(255) COLLATE utf8mb4_unicode_ci NOT NULL,
  `full_name` varchar(255) COLLATE utf8mb4_unicode_ci DEFAULT NULL,
  `capital` varchar(255) COLLATE utf8mb4_unicode_ci DEFAULT NULL,
  `currency_id` int(10) UNSIGNED DEFAULT NULL,
  `timezone_id` int(10) UNSIGNED DEFAULT NULL,
  `citizenship` varchar(255) COLLATE utf8mb4_unicode_ci DEFAULT NULL,
  `iso_code` varchar(2) COLLATE utf8mb4_unicode_ci NOT NULL,
  `iso_numeric` varchar(3) COLLATE utf8mb4_unicode_ci DEFAULT NULL,
  `calling_code` varchar(3) COLLATE utf8mb4_unicode_ci DEFAULT NULL,
  `flag` varchar(6) COLLATE utf8mb4_unicode_ci DEFAULT NULL,
  `eea` tinyint(1) DEFAULT 0,
  `active` tinyint(1) DEFAULT 0,
  `created_at` timestamp NULL DEFAULT NULL,
  `updated_at` timestamp NULL DEFAULT NULL
) ENGINE=InnoDB DEFAULT CHARSET=utf8mb4 COLLATE=utf8mb4_unicode_ci;

--
-- Dumping data for table `countries`
--

INSERT INTO `countries` (`id`, `name`, `full_name`, `capital`, `currency_id`, `timezone_id`, `citizenship`, `iso_code`, `iso_numeric`, `calling_code`, `flag`, `eea`, `active`, `created_at`, `updated_at`) VALUES
(4, 'Afghanistan', 'Islamic Republic of Afghanistan', 'Kabul', NULL, NULL, 'Afghan', 'AF', '004', '93', 'AF.png', 0, 1, '2022-06-10 03:48:02', '2022-06-10 03:48:02'),
(8, 'Albania', 'Republic of Albania', 'Tirana', NULL, NULL, 'Albanian', 'AL', '008', '355', 'AL.png', 0, 1, '2022-06-10 03:48:02', '2022-06-10 03:48:02'),
(10, 'Antarctica', 'Antarctica', 'Antartica', NULL, NULL, 'of Antartica', 'AQ', '010', '672', 'AQ.png', 0, 1, '2022-06-10 03:48:02', '2022-06-10 03:48:02'),
(12, 'Algeria', 'Peoples Democratic Republic of Algeria', 'Algiers', NULL, NULL, 'Algerian', 'DZ', '012', '213', 'DZ.png', 0, 1, '2022-06-10 03:48:03', '2022-06-10 03:48:03'),
(16, 'American Samoa', 'Territory of American', 'Pago Pago', NULL, NULL, 'American Samoan', 'AS', '016', '1', 'AS.png', 0, 1, '2022-06-10 03:48:03', '2022-06-10 03:48:03'),
(20, 'Andorra', 'Principality of Andorra', 'Andorra la Vella', NULL, NULL, 'Andorran', 'AD', '020', '376', 'AD.png', 0, 1, '2022-06-10 03:48:03', '2022-06-10 03:48:03'),
(24, 'Angola', 'Republic of Angola', 'Luanda', NULL, NULL, 'Angolan', 'AO', '024', '244', 'AO.png', 0, 1, '2022-06-10 03:48:03', '2022-06-10 03:48:03'),
(28, 'Antigua and Barbuda', 'Antigua and Barbuda', 'St Johns', NULL, NULL, 'of Antigua and Barbuda', 'AG', '028', '1', 'AG.png', 0, 1, '2022-06-10 03:48:03', '2022-06-10 03:48:03'),
(31, 'Azerbaijan', 'Republic of Azerbaijan', 'Baku', NULL, NULL, 'Azerbaijani', 'AZ', '031', '994', 'AZ.png', 0, 1, '2022-06-10 03:48:03', '2022-06-10 03:48:03'),
(32, 'Argentina', 'Argentine Republic', 'Buenos Aires', NULL, NULL, 'Argentinian', 'AR', '032', '54', 'AR.png', 0, 1, '2022-06-10 03:48:03', '2022-06-10 03:48:03'),
(36, 'Australia', 'Commonwealth of Australia', 'Canberra', NULL, NULL, 'Australian', 'AU', '036', '61', 'AU.png', 0, 1, '2022-06-10 03:48:03', '2022-06-10 03:48:03'),
(40, 'Austria', 'Republic of Austria', 'Vienna', NULL, NULL, 'Austrian', 'AT', '040', '43', 'AT.png', 1, 1, '2022-06-10 03:48:03', '2022-06-10 03:48:03'),
(44, 'Bahamas', 'Commonwealth of the Bahamas', 'Nassau', NULL, NULL, 'Bahamian', 'BS', '044', '1', 'BS.png', 0, 1, '2022-06-10 03:48:04', '2022-06-10 03:48:04'),
(48, 'Bahrain', 'Kingdom of Bahrain', 'Manama', NULL, NULL, 'Bahraini', 'BH', '048', '973', 'BH.png', 0, 1, '2022-06-10 03:48:04', '2022-06-10 03:48:04'),
(50, 'Bangladesh', 'Peoples Republic of Bangladesh', 'Dhaka', NULL, NULL, 'Bangladeshi', 'BD', '050', '880', 'BD.png', 0, 1, '2022-06-10 03:48:04', '2022-06-10 03:48:04'),
(51, 'Armenia', 'Republic of Armenia', 'Yerevan', NULL, NULL, 'Armenian', 'AM', '051', '374', 'AM.png', 0, 1, '2022-06-10 03:48:04', '2022-06-10 03:48:04'),
(52, 'Barbados', 'Barbados', 'Bridgetown', NULL, NULL, 'Barbadian', 'BB', '052', '1', 'BB.png', 0, 1, '2022-06-10 03:48:04', '2022-06-10 03:48:04'),
(56, 'Belgium', 'Kingdom of Belgium', 'Brussels', NULL, NULL, 'Belgian', 'BE', '056', '32', 'BE.png', 1, 1, '2022-06-10 03:48:04', '2022-06-10 03:48:04'),
(60, 'Bermuda', 'Bermuda', 'Hamilton', NULL, NULL, 'Bermudian', 'BM', '060', '1', 'BM.png', 0, 1, '2022-06-10 03:48:04', '2022-06-10 03:48:04'),
(64, 'Bhutan', 'Kingdom of Bhutan', 'Thimphu', NULL, NULL, 'Bhutanese', 'BT', '064', '975', 'BT.png', 0, 1, '2022-06-10 03:48:04', '2022-06-10 03:48:04'),
(68, 'Bolivia, Plurinational State of', 'Plurinational State of Bolivia', 'Sucre (BO1)', NULL, NULL, 'Bolivian', 'BO', '068', '591', 'BO.png', 0, 1, '2022-06-10 03:48:04', '2022-06-10 03:48:04'),
(70, 'Bosnia and Herzegovina', 'Bosnia and Herzegovina', 'Sarajevo', NULL, NULL, 'of Bosnia and Herzegovina', 'BA', '070', '387', 'BA.png', 0, 1, '2022-06-10 03:48:04', '2022-06-10 03:48:04'),
(72, 'Botswana', 'Republic of Botswana', 'Gaborone', NULL, NULL, 'Botswanan', 'BW', '072', '267', 'BW.png', 0, 1, '2022-06-10 03:48:05', '2022-06-10 03:48:05'),
(74, 'Bouvet Island', 'Bouvet Island', 'Bouvet island', NULL, NULL, 'of Bouvet island', 'BV', '074', '47', 'BV.png', 0, 1, '2022-06-10 03:48:05', '2022-06-10 03:48:05'),
(76, 'Brazil', 'Federative Republic of Brazil', 'Brasilia', NULL, NULL, 'Brazilian', 'BR', '076', '55', 'BR.png', 0, 1, '2022-06-10 03:48:05', '2022-06-10 03:48:05'),
(84, 'Belize', 'Belize', 'Belmopan', NULL, NULL, 'Belizean', 'BZ', '084', '501', 'BZ.png', 0, 1, '2022-06-10 03:48:05', '2022-06-10 03:48:05'),
(86, 'British Indian Ocean Territory', 'British Indian Ocean Territory', 'Diego Garcia', NULL, NULL, 'Changosian', 'IO', '086', '246', 'IO.png', 0, 1, '2022-06-10 03:48:06', '2022-06-10 03:48:06'),
(90, 'Solomon Islands', 'Solomon Islands', 'Honiara', NULL, NULL, 'Solomon Islander', 'SB', '090', '677', 'SB.png', 0, 1, '2022-06-10 03:48:06', '2022-06-10 03:48:06'),
(92, 'Virgin Islands, British', 'British Virgin Islands', 'Road Town', NULL, NULL, 'British Virgin Islander;', 'VG', '092', '1', 'VG.png', 0, 1, '2022-06-10 03:48:06', '2022-06-10 03:48:06'),
(96, 'Brunei Darussalam', 'Brunei Darussalam', 'Bandar Seri Begawan', NULL, NULL, 'Bruneian', 'BN', '096', '673', 'BN.png', 0, 1, '2022-06-10 03:48:06', '2022-06-10 03:48:06'),
(100, 'Bulgaria', 'Republic of Bulgaria', 'Sofia', NULL, NULL, 'Bulgarian', 'BG', '100', '359', 'BG.png', 1, 1, '2022-06-10 03:48:07', '2022-06-10 03:48:07'),
(104, 'Myanmar', 'Union of Myanmar/', 'Yangon', NULL, NULL, 'Burmese', 'MM', '104', '95', 'MM.png', 0, 1, '2022-06-10 03:48:07', '2022-06-10 03:48:07'),
(108, 'Burundi', 'Republic of Burundi', 'Bujumbura', NULL, NULL, 'Burundian', 'BI', '108', '257', 'BI.png', 0, 1, '2022-06-10 03:48:07', '2022-06-10 03:48:07'),
(112, 'Belarus', 'Republic of Belarus', 'Minsk', NULL, NULL, 'Belarusian', 'BY', '112', '375', 'BY.png', 0, 1, '2022-06-10 03:48:07', '2022-06-10 03:48:07'),
(116, 'Cambodia', 'Kingdom of Cambodia', 'Phnom Penh', NULL, NULL, 'Cambodian', 'KH', '116', '855', 'KH.png', 0, 1, '2022-06-10 03:48:07', '2022-06-10 03:48:07'),
(120, 'Cameroon', 'Republic of Cameroon', 'Yaound', NULL, NULL, 'Cameroonian', 'CM', '120', '237', 'CM.png', 0, 1, '2022-06-10 03:48:07', '2022-06-10 03:48:07'),
(124, 'Canada', 'Canada', 'Ottawa', NULL, NULL, 'Canadian', 'CA', '124', '1', 'CA.png', 0, 1, '2022-06-10 03:48:07', '2022-06-10 03:48:07'),
(132, 'Cape Verde', 'Republic of Cape Verde', 'Praia', NULL, NULL, 'Cape Verdean', 'CV', '132', '238', 'CV.png', 0, 1, '2022-06-10 03:48:07', '2022-06-10 03:48:07'),
(136, 'Cayman Islands', 'Cayman Islands', 'George Town', NULL, NULL, 'Caymanian', 'KY', '136', '1', 'KY.png', 0, 1, '2022-06-10 03:48:07', '2022-06-10 03:48:07'),
(140, 'Central African Republic', 'Central African Republic', 'Bangui', NULL, NULL, 'Central African', 'CF', '140', '236', 'CF.png', 0, 1, '2022-06-10 03:48:07', '2022-06-10 03:48:07'),
(144, 'Sri Lanka', 'Democratic Socialist Republic of Sri Lanka', 'Colombo', NULL, NULL, 'Sri Lankan', 'LK', '144', '94', 'LK.png', 0, 1, '2022-06-10 03:48:07', '2022-06-10 03:48:07'),
(148, 'Chad', 'Republic of Chad', 'NDjamena', NULL, NULL, 'Chadian', 'TD', '148', '235', 'TD.png', 0, 1, '2022-06-10 03:48:08', '2022-06-10 03:48:08'),
(152, 'Chile', 'Republic of Chile', 'Santiago', NULL, NULL, 'Chilean', 'CL', '152', '56', 'CL.png', 0, 1, '2022-06-10 03:48:08', '2022-06-10 03:48:08'),
(156, 'China', 'Peoples Republic of China', 'Beijing', NULL, NULL, 'Chinese', 'CN', '156', '86', 'CN.png', 0, 1, '2022-06-10 03:48:08', '2022-06-10 03:48:08'),
(158, 'Taiwan, Province of China', 'Republic of China, Taiwan (TW1)', 'Taipei', NULL, NULL, 'Taiwanese', 'TW', '158', '886', 'TW.png', 0, 1, '2022-06-10 03:48:08', '2022-06-10 03:48:08'),
(162, 'Christmas Island', 'Christmas Island Territory', 'Flying Fish Cove', NULL, NULL, 'Christmas Islander', 'CX', '162', '61', 'CX.png', 0, 1, '2022-06-10 03:48:08', '2022-06-10 03:48:08'),
(166, 'Cocos (Keeling) Islands', 'Territory of Cocos (Keeling) Islands', 'Bantam', NULL, NULL, 'Cocos Islander', 'CC', '166', '61', 'CC.png', 0, 1, '2022-06-10 03:48:08', '2022-06-10 03:48:08'),
(170, 'Colombia', 'Republic of Colombia', 'Santa Fe de Bogot', NULL, NULL, 'Colombian', 'CO', '170', '57', 'CO.png', 0, 1, '2022-06-10 03:48:08', '2022-06-10 03:48:08'),
(174, 'Comoros', 'Union of the Comoros', 'Moroni', NULL, NULL, 'Comorian', 'KM', '174', '269', 'KM.png', 0, 1, '2022-06-10 03:48:08', '2022-06-10 03:48:08'),
(175, 'Mayotte', 'Departmental Collectivity of Mayotte', 'Mamoudzou', NULL, NULL, 'Mahorais', 'YT', '175', '262', 'YT.png', 0, 1, '2022-06-10 03:48:08', '2022-06-10 03:48:08'),
(178, 'Congo', 'Republic of the Congo', 'Brazzaville', NULL, NULL, 'Congolese', 'CG', '178', '242', 'CG.png', 0, 1, '2022-06-10 03:48:08', '2022-06-10 03:48:08'),
(180, 'Congo, the Democratic Republic of the', 'Democratic Republic of the Congo', 'Kinshasa', NULL, NULL, 'Congolese', 'CD', '180', '243', 'CD.png', 0, 1, '2022-06-10 03:48:09', '2022-06-10 03:48:09'),
(184, 'Cook Islands', 'Cook Islands', 'Avarua', NULL, NULL, 'Cook Islander', 'CK', '184', '682', 'CK.png', 0, 1, '2022-06-10 03:48:09', '2022-06-10 03:48:09'),
(188, 'Costa Rica', 'Republic of Costa Rica', 'San Jos', NULL, NULL, 'Costa Rican', 'CR', '188', '506', 'CR.png', 0, 1, '2022-06-10 03:48:09', '2022-06-10 03:48:09'),
(191, 'Croatia', 'Republic of Croatia', 'Zagreb', NULL, NULL, 'Croatian', 'HR', '191', '385', 'HR.png', 1, 1, '2022-06-10 03:48:09', '2022-06-10 03:48:09'),
(192, 'Cuba', 'Republic of Cuba', 'Havana', NULL, NULL, 'Cuban', 'CU', '192', '53', 'CU.png', 0, 1, '2022-06-10 03:48:09', '2022-06-10 03:48:09'),
(196, 'Cyprus', 'Republic of Cyprus', 'Nicosia', NULL, NULL, 'Cypriot', 'CY', '196', '357', 'CY.png', 1, 1, '2022-06-10 03:48:09', '2022-06-10 03:48:09'),
(203, 'Czech Republic', 'Czech Republic', 'Prague', NULL, NULL, 'Czech', 'CZ', '203', '420', 'CZ.png', 1, 1, '2022-06-10 03:48:09', '2022-06-10 03:48:09'),
(204, 'Benin', 'Republic of Benin', 'Porto Novo (BJ1)', NULL, NULL, 'Beninese', 'BJ', '204', '229', 'BJ.png', 0, 1, '2022-06-10 03:48:09', '2022-06-10 03:48:09'),
(208, 'Denmark', 'Kingdom of Denmark', 'Copenhagen', NULL, NULL, 'Danish', 'DK', '208', '45', 'DK.png', 1, 1, '2022-06-10 03:48:09', '2022-06-10 03:48:09'),
(212, 'Dominica', 'Commonwealth of Dominica', 'Roseau', NULL, NULL, 'Dominican', 'DM', '212', '1', 'DM.png', 0, 1, '2022-06-10 03:48:09', '2022-06-10 03:48:09'),
(214, 'Dominican Republic', 'Dominican Republic', 'Santo Domingo', NULL, NULL, 'Dominican', 'DO', '214', '1', 'DO.png', 0, 1, '2022-06-10 03:48:10', '2022-06-10 03:48:10'),
(218, 'Ecuador', 'Republic of Ecuador', 'Quito', NULL, NULL, 'Ecuadorian', 'EC', '218', '593', 'EC.png', 0, 1, '2022-06-10 03:48:10', '2022-06-10 03:48:10'),
(222, 'El Salvador', 'Republic of El Salvador', 'San Salvador', NULL, NULL, 'Salvadoran', 'SV', '222', '503', 'SV.png', 0, 1, '2022-06-10 03:48:10', '2022-06-10 03:48:10'),
(226, 'Equatorial Guinea', 'Republic of Equatorial Guinea', 'Malabo', NULL, NULL, 'Equatorial Guinean', 'GQ', '226', '240', 'GQ.png', 0, 1, '2022-06-10 03:48:10', '2022-06-10 03:48:10'),
(231, 'Ethiopia', 'Federal Democratic Republic of Ethiopia', 'Addis Ababa', NULL, NULL, 'Ethiopian', 'ET', '231', '251', 'ET.png', 0, 1, '2022-06-10 03:48:10', '2022-06-10 03:48:10'),
(232, 'Eritrea', 'State of Eritrea', 'Asmara', NULL, NULL, 'Eritrean', 'ER', '232', '291', 'ER.png', 0, 1, '2022-06-10 03:48:10', '2022-06-10 03:48:10'),
(233, 'Estonia', 'Republic of Estonia', 'Tallinn', NULL, NULL, 'Estonian', 'EE', '233', '372', 'EE.png', 1, 1, '2022-06-10 03:48:10', '2022-06-10 03:48:10'),
(234, 'Faroe Islands', 'Faeroe Islands', 'Trshavn', NULL, NULL, 'Faeroese', 'FO', '234', '298', 'FO.png', 0, 1, '2022-06-10 03:48:11', '2022-06-10 03:48:11'),
(238, 'Falkland Islands (Malvinas)', 'Falkland Islands', 'Stanley', NULL, NULL, 'Falkland Islander', 'FK', '238', '500', 'FK.png', 0, 1, '2022-06-10 03:48:11', '2022-06-10 03:48:11'),
(239, 'South Georgia and the South Sandwich Islands', 'South Georgia and the South Sandwich Islands', 'King Edward Point (Grytviken)', NULL, NULL, 'of South Georgia and the South Sandwich Islands', 'GS', '239', '44', 'GS.png', 0, 1, '2022-06-10 03:48:11', '2022-06-10 03:48:11'),
(242, 'Fiji', 'Republic of Fiji', 'Suva', NULL, NULL, 'Fijian', 'FJ', '242', '679', 'FJ.png', 0, 1, '2022-06-10 03:48:11', '2022-06-10 03:48:11'),
(246, 'Finland', 'Republic of Finland', 'Helsinki', NULL, NULL, 'Finnish', 'FI', '246', '358', 'FI.png', 1, 1, '2022-06-10 03:48:11', '2022-06-10 03:48:11'),
(248, 'land Islands', 'land Islands', 'Mariehamn', NULL, NULL, 'land Islander', 'AX', '248', '358', NULL, 0, 1, '2022-06-10 03:48:11', '2022-06-10 03:48:11'),
(250, 'France', 'French Republic', 'Paris', NULL, NULL, 'French', 'FR', '250', '33', 'FR.png', 1, 1, '2022-06-10 03:48:11', '2022-06-10 03:48:11'),
(254, 'French Guiana', 'French Guiana', 'Cayenne', NULL, NULL, 'Guianese', 'GF', '254', '594', 'GF.png', 0, 1, '2022-06-10 03:48:11', '2022-06-10 03:48:11'),
(258, 'French Polynesia', 'French Polynesia', 'Papeete', NULL, NULL, 'Polynesian', 'PF', '258', '689', 'PF.png', 0, 1, '2022-06-10 03:48:11', '2022-06-10 03:48:11'),
(260, 'French Southern Territories', 'French Southern and Antarctic Lands', 'Port-aux-Francais', NULL, NULL, 'of French Southern and Antarctic Lands', 'TF', '260', '33', 'TF.png', 0, 1, '2022-06-10 03:48:11', '2022-06-10 03:48:11'),
(262, 'Djibouti', 'Republic of Djibouti', 'Djibouti', NULL, NULL, 'Djiboutian', 'DJ', '262', '253', 'DJ.png', 0, 1, '2022-06-10 03:48:11', '2022-06-10 03:48:11'),
(266, 'Gabon', 'Gabonese Republic', 'Libreville', NULL, NULL, 'Gabonese', 'GA', '266', '241', 'GA.png', 0, 1, '2022-06-10 03:48:12', '2022-06-10 03:48:12'),
(268, 'Georgia', 'Georgia', 'Tbilisi', NULL, NULL, 'Georgian', 'GE', '268', '995', 'GE.png', 0, 1, '2022-06-10 03:48:12', '2022-06-10 03:48:12'),
(270, 'Gambia', 'Republic of the Gambia', 'Banjul', NULL, NULL, 'Gambian', 'GM', '270', '220', 'GM.png', 0, 1, '2022-06-10 03:48:12', '2022-06-10 03:48:12'),
(275, 'Palestinian Territory, Occupied', NULL, NULL, NULL, NULL, 'Palestinian', 'PS', '275', '970', 'PS.png', 0, 1, '2022-06-10 03:48:12', '2022-06-10 03:48:12'),
(276, 'Germany', 'Federal Republic of Germany', 'Berlin', NULL, NULL, 'German', 'DE', '276', '49', 'DE.png', 1, 1, '2022-06-10 03:48:12', '2022-06-10 03:48:12'),
(288, 'Ghana', 'Republic of Ghana', 'Accra', NULL, NULL, 'Ghanaian', 'GH', '288', '233', 'GH.png', 0, 1, '2022-06-10 03:48:12', '2022-06-10 03:48:12'),
(292, 'Gibraltar', 'Gibraltar', 'Gibraltar', NULL, NULL, 'Gibraltarian', 'GI', '292', '350', 'GI.png', 0, 1, '2022-06-10 03:48:12', '2022-06-10 03:48:12'),
(296, 'Kiribati', 'Republic of Kiribati', 'Tarawa', NULL, NULL, 'Kiribatian', 'KI', '296', '686', 'KI.png', 0, 1, '2022-06-10 03:48:12', '2022-06-10 03:48:12'),
(300, 'Greece', 'Hellenic Republic', 'Athens', NULL, NULL, 'Greek', 'GR', '300', '30', 'GR.png', 1, 1, '2022-06-10 03:48:12', '2022-06-10 03:48:12'),
(304, 'Greenland', 'Greenland', 'Nuuk', NULL, NULL, 'Greenlander', 'GL', '304', '299', 'GL.png', 0, 1, '2022-06-10 03:48:12', '2022-06-10 03:48:12'),
(308, 'Grenada', 'Grenada', 'St Georges', NULL, NULL, 'Grenadian', 'GD', '308', '1', 'GD.png', 0, 1, '2022-06-10 03:48:12', '2022-06-10 03:48:12'),
(312, 'Guadeloupe', 'Guadeloupe', 'Basse Terre', NULL, NULL, 'Guadeloupean', 'GP', '312', '590', 'GP.png', 0, 1, '2022-06-10 03:48:12', '2022-06-10 03:48:12'),
(316, 'Guam', 'Territory of Guam', 'Agaa (Hagta)', NULL, NULL, 'Guamanian', 'GU', '316', '1', 'GU.png', 0, 1, '2022-06-10 03:48:13', '2022-06-10 03:48:13'),
(320, 'Guatemala', 'Republic of Guatemala', 'Guatemala City', NULL, NULL, 'Guatemalan', 'GT', '320', '502', 'GT.png', 0, 1, '2022-06-10 03:48:13', '2022-06-10 03:48:13'),
(324, 'Guinea', 'Republic of Guinea', 'Conakry', NULL, NULL, 'Guinean', 'GN', '324', '224', 'GN.png', 0, 1, '2022-06-10 03:48:13', '2022-06-10 03:48:13'),
(328, 'Guyana', 'Cooperative Republic of Guyana', 'Georgetown', NULL, NULL, 'Guyanese', 'GY', '328', '592', 'GY.png', 0, 1, '2022-06-10 03:48:13', '2022-06-10 03:48:13'),
(332, 'Haiti', 'Republic of Haiti', 'Port-au-Prince', NULL, NULL, 'Haitian', 'HT', '332', '509', 'HT.png', 0, 1, '2022-06-10 03:48:13', '2022-06-10 03:48:13'),
(334, 'Heard Island and McDonald Islands', 'Territory of Heard Island and McDonald Islands', 'Territory of Heard Island and McDonald Islands', NULL, NULL, 'of Territory of Heard Island and McDonald Islands', 'HM', '334', '61', 'HM.png', 0, 1, '2022-06-10 03:48:13', '2022-06-10 03:48:13'),
(336, 'Holy See (Vatican City State)', 'the Holy See/ Vatican City State', 'Vatican City', NULL, NULL, 'of the Holy See/of the Vatican', 'VA', '336', '39', 'VA.png', 0, 1, '2022-06-10 03:48:13', '2022-06-10 03:48:13'),
(340, 'Honduras', 'Republic of Honduras', 'Tegucigalpa', NULL, NULL, 'Honduran', 'HN', '340', '504', 'HN.png', 0, 1, '2022-06-10 03:48:13', '2022-06-10 03:48:13'),
(344, 'Hong Kong', 'Hong Kong Special Administrative Region of the Peoples Republic of China (HK2)', '(HK3)', NULL, NULL, 'Hong Kong Chinese', 'HK', '344', '852', 'HK.png', 0, 1, '2022-06-10 03:48:14', '2022-06-10 03:48:14'),
(348, 'Hungary', 'Republic of Hungary', 'Budapest', NULL, NULL, 'Hungarian', 'HU', '348', '36', 'HU.png', 1, 1, '2022-06-10 03:48:14', '2022-06-10 03:48:14'),
(352, 'Iceland', 'Republic of Iceland', 'Reykjavik', NULL, NULL, 'Icelander', 'IS', '352', '354', 'IS.png', 1, 1, '2022-06-10 03:48:14', '2022-06-10 03:48:14'),
(356, 'India', 'Republic of India', 'New Delhi', NULL, NULL, 'Indian', 'IN', '356', '91', 'IN.png', 0, 1, '2022-06-10 03:48:14', '2022-06-10 03:48:14'),
(360, 'Indonesia', 'Republic of Indonesia', 'Jakarta', NULL, NULL, 'Indonesian', 'ID', '360', '62', 'ID.png', 0, 1, '2022-06-10 03:48:14', '2022-06-10 03:48:14'),
(364, 'Iran, Islamic Republic of', 'Islamic Republic of Iran', 'Tehran', NULL, NULL, 'Iranian', 'IR', '364', '98', 'IR.png', 0, 1, '2022-06-10 03:48:14', '2022-06-10 03:48:14'),
(368, 'Iraq', 'Republic of Iraq', 'Baghdad', NULL, NULL, 'Iraqi', 'IQ', '368', '964', 'IQ.png', 0, 1, '2022-06-10 03:48:15', '2022-06-10 03:48:15'),
(372, 'Ireland', 'Ireland (IE1)', 'Dublin', NULL, NULL, 'Irish', 'IE', '372', '353', 'IE.png', 1, 1, '2022-06-10 03:48:15', '2022-06-10 03:48:15'),
(376, 'Israel', 'State of Israel', '(IL1)', NULL, NULL, 'Israeli', 'IL', '376', '972', 'IL.png', 0, 1, '2022-06-10 03:48:15', '2022-06-10 03:48:15'),
(380, 'Italy', 'Italian Republic', 'Rome', NULL, NULL, 'Italian', 'IT', '380', '39', 'IT.png', 1, 1, '2022-06-10 03:48:15', '2022-06-10 03:48:15'),
(384, 'Cte d\'Ivoire', 'Republic of Cte dIvoire', 'Yamoussoukro (CI1)', NULL, NULL, 'Ivorian', 'CI', '384', '225', 'CI.png', 0, 1, '2022-06-10 03:48:15', '2022-06-10 03:48:15'),
(388, 'Jamaica', 'Jamaica', 'Kingston', NULL, NULL, 'Jamaican', 'JM', '388', '1', 'JM.png', 0, 1, '2022-06-10 03:48:15', '2022-06-10 03:48:15'),
(392, 'Japan', 'Japan', 'Tokyo', NULL, NULL, 'Japanese', 'JP', '392', '81', 'JP.png', 0, 1, '2022-06-10 03:48:15', '2022-06-10 03:48:15'),
(398, 'Kazakhstan', 'Republic of Kazakhstan', 'Astana', NULL, NULL, 'Kazakh', 'KZ', '398', '7', 'KZ.png', 0, 1, '2022-06-10 03:48:15', '2022-06-10 03:48:15'),
(400, 'Jordan', 'Hashemite Kingdom of Jordan', 'Amman', NULL, NULL, 'Jordanian', 'JO', '400', '962', 'JO.png', 0, 1, '2022-06-10 03:48:16', '2022-06-10 03:48:16'),
(404, 'Kenya', 'Republic of Kenya', 'Nairobi', NULL, NULL, 'Kenyan', 'KE', '404', '254', 'KE.png', 0, 1, '2022-06-10 03:48:16', '2022-06-10 03:48:16'),
(408, 'Korea, Democratic People\'s Republic of', 'Democratic Peoples Republic of Korea', 'Pyongyang', NULL, NULL, 'North Korean', 'KP', '408', '850', 'KP.png', 0, 1, '2022-06-10 03:48:16', '2022-06-10 03:48:16'),
(410, 'Korea, Republic of', 'Republic of Korea', 'Seoul', NULL, NULL, 'South Korean', 'KR', '410', '82', 'KR.png', 0, 1, '2022-06-10 03:48:16', '2022-06-10 03:48:16'),
(414, 'Kuwait', 'State of Kuwait', 'Kuwait City', NULL, NULL, 'Kuwaiti', 'KW', '414', '965', 'KW.png', 0, 1, '2022-06-10 03:48:16', '2022-06-10 03:48:16'),
(417, 'Kyrgyzstan', 'Kyrgyz Republic', 'Bishkek', NULL, NULL, 'Kyrgyz', 'KG', '417', '996', 'KG.png', 0, 1, '2022-06-10 03:48:16', '2022-06-10 03:48:16'),
(418, 'Lao People\'s Democratic Republic', 'Lao Peoples Democratic Republic', 'Vientiane', NULL, NULL, 'Lao', 'LA', '418', '856', 'LA.png', 0, 1, '2022-06-10 03:48:16', '2022-06-10 03:48:16'),
(422, 'Lebanon', 'Lebanese Republic', 'Beirut', NULL, NULL, 'Lebanese', 'LB', '422', '961', 'LB.png', 0, 1, '2022-06-10 03:48:16', '2022-06-10 03:48:16'),
(426, 'Lesotho', 'Kingdom of Lesotho', 'Maseru', NULL, NULL, 'Basotho', 'LS', '426', '266', 'LS.png', 0, 1, '2022-06-10 03:48:16', '2022-06-10 03:48:16'),
(428, 'Latvia', 'Republic of Latvia', 'Riga', NULL, NULL, 'Latvian', 'LV', '428', '371', 'LV.png', 1, 1, '2022-06-10 03:48:16', '2022-06-10 03:48:16'),
(430, 'Liberia', 'Republic of Liberia', 'Monrovia', NULL, NULL, 'Liberian', 'LR', '430', '231', 'LR.png', 0, 1, '2022-06-10 03:48:17', '2022-06-10 03:48:17'),
(434, 'Libya', 'Socialist Peoples Libyan Arab Jamahiriya', 'Tripoli', NULL, NULL, 'Libyan', 'LY', '434', '218', 'LY.png', 0, 1, '2022-06-10 03:48:17', '2022-06-10 03:48:17'),
(438, 'Liechtenstein', 'Principality of Liechtenstein', 'Vaduz', NULL, NULL, 'Liechtensteiner', 'LI', '438', '423', 'LI.png', 1, 1, '2022-06-10 03:48:17', '2022-06-10 03:48:17'),
(440, 'Lithuania', 'Republic of Lithuania', 'Vilnius', NULL, NULL, 'Lithuanian', 'LT', '440', '370', 'LT.png', 1, 1, '2022-06-10 03:48:17', '2022-06-10 03:48:17'),
(442, 'Luxembourg', 'Grand Duchy of Luxembourg', 'Luxembourg', NULL, NULL, 'Luxembourger', 'LU', '442', '352', 'LU.png', 1, 1, '2022-06-10 03:48:17', '2022-06-10 03:48:17'),
(446, 'Macao', 'Macao Special Administrative Region of the Peoples Republic of China (MO2)', 'Macao (MO3)', NULL, NULL, 'Macanese', 'MO', '446', '853', 'MO.png', 0, 1, '2022-06-10 03:48:17', '2022-06-10 03:48:17'),
(450, 'Madagascar', 'Republic of Madagascar', 'Antananarivo', NULL, NULL, 'Malagasy', 'MG', '450', '261', 'MG.png', 0, 1, '2022-06-10 03:48:17', '2022-06-10 03:48:17'),
(454, 'Malawi', 'Republic of Malawi', 'Lilongwe', NULL, NULL, 'Malawian', 'MW', '454', '265', 'MW.png', 0, 1, '2022-06-10 03:48:18', '2022-06-10 03:48:18'),
(458, 'Malaysia', 'Malaysia', 'Kuala Lumpur (MY1)', NULL, NULL, 'Malaysian', 'MY', '458', '60', 'MY.png', 0, 1, '2022-06-10 03:48:18', '2022-06-10 03:48:18'),
(462, 'Maldives', 'Republic of Maldives', 'Mal', NULL, NULL, 'Maldivian', 'MV', '462', '960', 'MV.png', 0, 1, '2022-06-10 03:48:18', '2022-06-10 03:48:18'),
(466, 'Mali', 'Republic of Mali', 'Bamako', NULL, NULL, 'Malian', 'ML', '466', '223', 'ML.png', 0, 1, '2022-06-10 03:48:19', '2022-06-10 03:48:19'),
(470, 'Malta', 'Republic of Malta', 'Valletta', NULL, NULL, 'Maltese', 'MT', '470', '356', 'MT.png', 1, 1, '2022-06-10 03:48:19', '2022-06-10 03:48:19'),
(474, 'Martinique', 'Martinique', 'Fort-de-France', NULL, NULL, 'Martinican', 'MQ', '474', '596', 'MQ.png', 0, 1, '2022-06-10 03:48:19', '2022-06-10 03:48:19'),
(478, 'Mauritania', 'Islamic Republic of Mauritania', 'Nouakchott', NULL, NULL, 'Mauritanian', 'MR', '478', '222', 'MR.png', 0, 1, '2022-06-10 03:48:19', '2022-06-10 03:48:19'),
(480, 'Mauritius', 'Republic of Mauritius', 'Port Louis', NULL, NULL, 'Mauritian', 'MU', '480', '230', 'MU.png', 0, 1, '2022-06-10 03:48:19', '2022-06-10 03:48:19'),
(484, 'Mexico', 'United Mexican States', 'Mexico City', NULL, NULL, 'Mexican', 'MX', '484', '52', 'MX.png', 0, 1, '2022-06-10 03:48:19', '2022-06-10 03:48:19'),
(492, 'Monaco', 'Principality of Monaco', 'Monaco', NULL, NULL, 'Monegasque', 'MC', '492', '377', 'MC.png', 0, 1, '2022-06-10 03:48:19', '2022-06-10 03:48:19'),
(496, 'Mongolia', 'Mongolia', 'Ulan Bator', NULL, NULL, 'Mongolian', 'MN', '496', '976', 'MN.png', 0, 1, '2022-06-10 03:48:19', '2022-06-10 03:48:19'),
(498, 'Moldova, Republic of', 'Republic of Moldova', 'Chisinau', NULL, NULL, 'Moldovan', 'MD', '498', '373', 'MD.png', 0, 1, '2022-06-10 03:48:20', '2022-06-10 03:48:20'),
(499, 'Montenegro', 'Montenegro', 'Podgorica', NULL, NULL, 'Montenegrin', 'ME', '499', '382', NULL, 0, 1, '2022-06-10 03:48:20', '2022-06-10 03:48:20'),
(500, 'Montserrat', 'Montserrat', 'Plymouth (MS2)', NULL, NULL, 'Montserratian', 'MS', '500', '1', 'MS.png', 0, 1, '2022-06-10 03:48:20', '2022-06-10 03:48:20'),
(504, 'Morocco', 'Kingdom of Morocco', 'Rabat', NULL, NULL, 'Moroccan', 'MA', '504', '212', 'MA.png', 0, 1, '2022-06-10 03:48:20', '2022-06-10 03:48:20'),
(508, 'Mozambique', 'Republic of Mozambique', 'Maputo', NULL, NULL, 'Mozambican', 'MZ', '508', '258', 'MZ.png', 0, 1, '2022-06-10 03:48:20', '2022-06-10 03:48:20'),
(512, 'Oman', 'Sultanate of Oman', 'Muscat', NULL, NULL, 'Omani', 'OM', '512', '968', 'OM.png', 0, 1, '2022-06-10 03:48:20', '2022-06-10 03:48:20'),
(516, 'Namibia', 'Republic of Namibia', 'Windhoek', NULL, NULL, 'Namibian', 'NA', '516', '264', 'NA.png', 0, 1, '2022-06-10 03:48:20', '2022-06-10 03:48:20'),
(520, 'Nauru', 'Republic of Nauru', 'Yaren', NULL, NULL, 'Nauruan', 'NR', '520', '674', 'NR.png', 0, 1, '2022-06-10 03:48:20', '2022-06-10 03:48:20'),
(524, 'Nepal', 'Nepal', 'Kathmandu', NULL, NULL, 'Nepalese', 'NP', '524', '977', 'NP.png', 0, 1, '2022-06-10 03:48:20', '2022-06-10 03:48:20'),
(528, 'Netherlands', 'Kingdom of the Netherlands', 'Amsterdam (NL2)', NULL, NULL, 'Dutch', 'NL', '528', '31', 'NL.png', 1, 1, '2022-06-10 03:48:20', '2022-06-10 03:48:20'),
(531, 'Curaao', 'Curaao', 'Willemstad', NULL, NULL, 'Curaaoan', 'CW', '531', '599', NULL, 0, 1, '2022-06-10 03:48:21', '2022-06-10 03:48:21'),
(533, 'Aruba', 'Aruba', 'Oranjestad', NULL, NULL, 'Aruban', 'AW', '533', '297', 'AW.png', 0, 1, '2022-06-10 03:48:21', '2022-06-10 03:48:21'),
(534, 'Sint Maarten (Dutch part)', 'Sint Maarten', 'Philipsburg', NULL, NULL, 'Sint Maartener', 'SX', '534', '721', NULL, 0, 1, '2022-06-10 03:48:21', '2022-06-10 03:48:21'),
(535, 'Bonaire, Sint Eustatius and Saba', NULL, NULL, NULL, NULL, 'of Bonaire, Sint Eustatius and Saba', 'BQ', '535', '599', NULL, 0, 1, '2022-06-10 03:48:21', '2022-06-10 03:48:21'),
(540, 'New Caledonia', 'New Caledonia', 'Nouma', NULL, NULL, 'New Caledonian', 'NC', '540', '687', 'NC.png', 0, 1, '2022-06-10 03:48:21', '2022-06-10 03:48:21'),
(548, 'Vanuatu', 'Republic of Vanuatu', 'Port Vila', NULL, NULL, 'Vanuatuan', 'VU', '548', '678', 'VU.png', 0, 1, '2022-06-10 03:48:21', '2022-06-10 03:48:21'),
(554, 'New Zealand', 'New Zealand', 'Wellington', NULL, NULL, 'New Zealander', 'NZ', '554', '64', 'NZ.png', 0, 1, '2022-06-10 03:48:21', '2022-06-10 03:48:21'),
(558, 'Nicaragua', 'Republic of Nicaragua', 'Managua', NULL, NULL, 'Nicaraguan', 'NI', '558', '505', 'NI.png', 0, 1, '2022-06-10 03:48:21', '2022-06-10 03:48:21'),
(562, 'Niger', 'Republic of Niger', 'Niamey', NULL, NULL, 'Nigerien', 'NE', '562', '227', 'NE.png', 0, 1, '2022-06-10 03:48:22', '2022-06-10 03:48:22'),
(566, 'Nigeria', 'Federal Republic of Nigeria', 'Abuja', NULL, NULL, 'Nigerian', 'NG', '566', '234', 'NG.png', 0, 1, '2022-06-10 03:48:22', '2022-06-10 03:48:22'),
(570, 'Niue', 'Niue', 'Alofi', NULL, NULL, 'Niuean', 'NU', '570', '683', 'NU.png', 0, 1, '2022-06-10 03:48:22', '2022-06-10 03:48:22'),
(574, 'Norfolk Island', 'Territory of Norfolk Island', 'Kingston', NULL, NULL, 'Norfolk Islander', 'NF', '574', '672', 'NF.png', 0, 1, '2022-06-10 03:48:23', '2022-06-10 03:48:23'),
(578, 'Norway', 'Kingdom of Norway', 'Oslo', NULL, NULL, 'Norwegian', 'NO', '578', '47', 'NO.png', 1, 1, '2022-06-10 03:48:23', '2022-06-10 03:48:23'),
(580, 'Northern Mariana Islands', 'Commonwealth of the Northern Mariana Islands', 'Saipan', NULL, NULL, 'Northern Mariana Islander', 'MP', '580', '1', 'MP.png', 0, 1, '2022-06-10 03:48:23', '2022-06-10 03:48:23'),
(581, 'United States Minor Outlying Islands', 'United States Minor Outlying Islands', 'United States Minor Outlying Islands', NULL, NULL, 'of United States Minor Outlying Islands', 'UM', '581', '1', 'UM.png', 0, 1, '2022-06-10 03:48:23', '2022-06-10 03:48:23'),
(583, 'Micronesia, Federated States of', 'Federated States of Micronesia', 'Palikir', NULL, NULL, 'Micronesian', 'FM', '583', '691', 'FM.png', 0, 1, '2022-06-10 03:48:23', '2022-06-10 03:48:23'),
(584, 'Marshall Islands', 'Republic of the Marshall Islands', 'Majuro', NULL, NULL, 'Marshallese', 'MH', '584', '692', 'MH.png', 0, 1, '2022-06-10 03:48:23', '2022-06-10 03:48:23'),
(585, 'Palau', 'Republic of Palau', 'Melekeok', NULL, NULL, 'Palauan', 'PW', '585', '680', 'PW.png', 0, 1, '2022-06-10 03:48:24', '2022-06-10 03:48:24'),
(586, 'Pakistan', 'Islamic Republic of Pakistan', 'Islamabad', NULL, NULL, 'Pakistani', 'PK', '586', '92', 'PK.png', 0, 1, '2022-06-10 03:48:24', '2022-06-10 03:48:24'),
(591, 'Panama', 'Republic of Panama', 'Panama City', NULL, NULL, 'Panamanian', 'PA', '591', '507', 'PA.png', 0, 1, '2022-06-10 03:48:24', '2022-06-10 03:48:24'),
(598, 'Papua New Guinea', 'Independent State of Papua New Guinea', 'Port Moresby', NULL, NULL, 'Papua New Guinean', 'PG', '598', '675', 'PG.png', 0, 1, '2022-06-10 03:48:24', '2022-06-10 03:48:24'),
(600, 'Paraguay', 'Republic of Paraguay', 'Asuncin', NULL, NULL, 'Paraguayan', 'PY', '600', '595', 'PY.png', 0, 1, '2022-06-10 03:48:24', '2022-06-10 03:48:24'),
(604, 'Peru', 'Republic of Peru', 'Lima', NULL, NULL, 'Peruvian', 'PE', '604', '51', 'PE.png', 0, 1, '2022-06-10 03:48:24', '2022-06-10 03:48:24'),
(608, 'Philippines', 'Republic of the Philippines', 'Manila', NULL, NULL, 'Filipino', 'PH', '608', '63', 'PH.png', 0, 1, '2022-06-10 03:48:24', '2022-06-10 03:48:24'),
(612, 'Pitcairn', 'Pitcairn Islands', 'Adamstown', NULL, NULL, 'Pitcairner', 'PN', '612', '649', 'PN.png', 0, 1, '2022-06-10 03:48:25', '2022-06-10 03:48:25'),
(616, 'Poland', 'Republic of Poland', 'Warsaw', NULL, NULL, 'Polish', 'PL', '616', '48', 'PL.png', 1, 1, '2022-06-10 03:48:25', '2022-06-10 03:48:25'),
(620, 'Portugal', 'Portuguese Republic', 'Lisbon', NULL, NULL, 'Portuguese', 'PT', '620', '351', 'PT.png', 1, 1, '2022-06-10 03:48:25', '2022-06-10 03:48:25'),
(624, 'Guinea-Bissau', 'Republic of Guinea-Bissau', 'Bissau', NULL, NULL, 'Guinea-Bissau national', 'GW', '624', '245', 'GW.png', 0, 1, '2022-06-10 03:48:25', '2022-06-10 03:48:25'),
(626, 'Timor-Leste', 'Democratic Republic of East Timor', 'Dili', NULL, NULL, 'East Timorese', 'TL', '626', '670', 'TL.png', 0, 1, '2022-06-10 03:48:25', '2022-06-10 03:48:25'),
(630, 'Puerto Rico', 'Commonwealth of Puerto Rico', 'San Juan', NULL, NULL, 'Puerto Rican', 'PR', '630', '1', 'PR.png', 0, 1, '2022-06-10 03:48:25', '2022-06-10 03:48:25'),
(634, 'Qatar', 'State of Qatar', 'Doha', NULL, NULL, 'Qatari', 'QA', '634', '974', 'QA.png', 0, 1, '2022-06-10 03:48:26', '2022-06-10 03:48:26'),
(638, 'Runion', 'Runion', 'Saint-Denis', NULL, NULL, 'Reunionese', 'RE', '638', '262', 'RE.png', 0, 1, '2022-06-10 03:48:26', '2022-06-10 03:48:26'),
(642, 'Romania', 'Romania', 'Bucharest', NULL, NULL, 'Romanian', 'RO', '642', '40', 'RO.png', 1, 1, '2022-06-10 03:48:26', '2022-06-10 03:48:26'),
(643, 'Russian Federation', 'Russian Federation', 'Moscow', NULL, NULL, 'Russian', 'RU', '643', '7', 'RU.png', 0, 1, '2022-06-10 03:48:26', '2022-06-10 03:48:26'),
(646, 'Rwanda', 'Republic of Rwanda', 'Kigali', NULL, NULL, 'Rwandan; Rwandese', 'RW', '646', '250', 'RW.png', 0, 1, '2022-06-10 03:48:26', '2022-06-10 03:48:26'),
(652, 'Saint Barthlemy', 'Collectivity of Saint Barthlemy', 'Gustavia', NULL, NULL, 'of Saint Barthlemy', 'BL', '652', '590', NULL, 0, 1, '2022-06-10 03:48:26', '2022-06-10 03:48:26'),
(654, 'Saint Helena, Ascension and Tristan da Cunha', 'Saint Helena, Ascension and Tristan da Cunha', 'Jamestown', NULL, NULL, 'Saint Helenian', 'SH', '654', '290', 'SH.png', 0, 1, '2022-06-10 03:48:26', '2022-06-10 03:48:26'),
(659, 'Saint Kitts and Nevis', 'Federation of Saint Kitts and Nevis', 'Basseterre', NULL, NULL, 'Kittsian; Nevisian', 'KN', '659', '1', 'KN.png', 0, 1, '2022-06-10 03:48:26', '2022-06-10 03:48:26'),
(660, 'Anguilla', 'Anguilla', 'The Valley', NULL, NULL, 'Anguillan', 'AI', '660', '1', 'AI.png', 0, 1, '2022-06-10 03:48:26', '2022-06-10 03:48:26'),
(662, 'Saint Lucia', 'Saint Lucia', 'Castries', NULL, NULL, 'Saint Lucian', 'LC', '662', '1', 'LC.png', 0, 1, '2022-06-10 03:48:27', '2022-06-10 03:48:27'),
(663, 'Saint Martin (French part)', 'Collectivity of Saint Martin', 'Marigot', NULL, NULL, 'of Saint Martin', 'MF', '663', '590', NULL, 0, 1, '2022-06-10 03:48:27', '2022-06-10 03:48:27'),
(666, 'Saint Pierre and Miquelon', 'Territorial Collectivity of Saint Pierre and Miquelon', 'Saint-Pierre', NULL, NULL, 'St-Pierrais; Miquelonnais', 'PM', '666', '508', 'PM.png', 0, 1, '2022-06-10 03:48:27', '2022-06-10 03:48:27'),
(670, 'Saint Vincent and the Grenadines', 'Saint Vincent and the Grenadines', 'Kingstown', NULL, NULL, 'Vincentian', 'VC', '670', '1', 'VC.png', 0, 1, '2022-06-10 03:48:27', '2022-06-10 03:48:27'),
(674, 'San Marino', 'Republic of San Marino', 'San Marino', NULL, NULL, 'San Marinese', 'SM', '674', '378', 'SM.png', 0, 1, '2022-06-10 03:48:27', '2022-06-10 03:48:27'),
(678, 'Sao Tome and Principe', 'Democratic Republic of So Tom and Prncipe', 'So Tom', NULL, NULL, 'So Toman', 'ST', '678', '239', 'ST.png', 0, 1, '2022-06-10 03:48:27', '2022-06-10 03:48:27'),
(682, 'Saudi Arabia', 'Kingdom of Saudi Arabia', 'Riyadh', NULL, NULL, 'Saudi Arabian', 'SA', '682', '966', 'SA.png', 0, 1, '2022-06-10 03:48:27', '2022-06-10 03:48:27'),
(686, 'Senegal', 'Republic of Senegal', 'Dakar', NULL, NULL, 'Senegalese', 'SN', '686', '221', 'SN.png', 0, 1, '2022-06-10 03:48:27', '2022-06-10 03:48:27'),
(688, 'Serbia', 'Republic of Serbia', 'Belgrade', NULL, NULL, 'Serb', 'RS', '688', '381', NULL, 0, 1, '2022-06-10 03:48:27', '2022-06-10 03:48:27'),
(690, 'Seychelles', 'Republic of Seychelles', 'Victoria', NULL, NULL, 'Seychellois', 'SC', '690', '248', 'SC.png', 0, 1, '2022-06-10 03:48:27', '2022-06-10 03:48:27'),
(694, 'Sierra Leone', 'Republic of Sierra Leone', 'Freetown', NULL, NULL, 'Sierra Leonean', 'SL', '694', '232', 'SL.png', 0, 1, '2022-06-10 03:48:27', '2022-06-10 03:48:27'),
(702, 'Singapore', 'Republic of Singapore', 'Singapore', NULL, NULL, 'Singaporean', 'SG', '702', '65', 'SG.png', 0, 1, '2022-06-10 03:48:27', '2022-06-10 03:48:27'),
(703, 'Slovakia', 'Slovak Republic', 'Bratislava', NULL, NULL, 'Slovak', 'SK', '703', '421', 'SK.png', 1, 1, '2022-06-10 03:48:28', '2022-06-10 03:48:28'),
(704, 'Viet Nam', 'Socialist Republic of Vietnam', 'Hanoi', NULL, NULL, 'Vietnamese', 'VN', '704', '84', 'VN.png', 0, 1, '2022-06-10 03:48:28', '2022-06-10 03:48:28'),
(705, 'Slovenia', 'Republic of Slovenia', 'Ljubljana', NULL, NULL, 'Slovene', 'SI', '705', '386', 'SI.png', 1, 1, '2022-06-10 03:48:28', '2022-06-10 03:48:28'),
(706, 'Somalia', 'Somali Republic', 'Mogadishu', NULL, NULL, 'Somali', 'SO', '706', '252', 'SO.png', 0, 1, '2022-06-10 03:48:28', '2022-06-10 03:48:28'),
(710, 'South Africa', 'Republic of South Africa', 'Pretoria (ZA1)', NULL, NULL, 'South African', 'ZA', '710', '27', 'ZA.png', 0, 1, '2022-06-10 03:48:28', '2022-06-10 03:48:28'),
(716, 'Zimbabwe', 'Republic of Zimbabwe', 'Harare', NULL, NULL, 'Zimbabwean', 'ZW', '716', '263', 'ZW.png', 0, 1, '2022-06-10 03:48:28', '2022-06-10 03:48:28'),
(724, 'Spain', 'Kingdom of Spain', 'Madrid', NULL, NULL, 'Spaniard', 'ES', '724', '34', 'ES.png', 1, 1, '2022-06-10 03:48:28', '2022-06-10 03:48:28'),
(728, 'South Sudan', 'Republic of South Sudan', 'Juba', NULL, NULL, 'South Sudanese', 'SS', '728', '211', NULL, 0, 1, '2022-06-10 03:48:28', '2022-06-10 03:48:28'),
(729, 'Sudan', 'Republic of the Sudan', 'Khartoum', NULL, NULL, 'Sudanese', 'SD', '729', '249', NULL, 0, 1, '2022-06-10 03:48:28', '2022-06-10 03:48:28'),
(732, 'Western Sahara', 'Western Sahara', 'Al aaiun', NULL, NULL, 'Sahrawi', 'EH', '732', '212', 'EH.png', 0, 1, '2022-06-10 03:48:28', '2022-06-10 03:48:28'),
(740, 'Suriname', 'Republic of Suriname', 'Paramaribo', NULL, NULL, 'Surinamese', 'SR', '740', '597', 'SR.png', 0, 1, '2022-06-10 03:48:29', '2022-06-10 03:48:29'),
(744, 'Svalbard and Jan Mayen', 'Svalbard and Jan Mayen', 'Longyearbyen', NULL, NULL, 'of Svalbard', 'SJ', '744', '47', 'SJ.png', 0, 1, '2022-06-10 03:48:29', '2022-06-10 03:48:29'),
(748, 'Swaziland', 'Kingdom of Swaziland', 'Mbabane', NULL, NULL, 'Swazi', 'SZ', '748', '268', 'SZ.png', 0, 1, '2022-06-10 03:48:29', '2022-06-10 03:48:29'),
(752, 'Sweden', 'Kingdom of Sweden', 'Stockholm', NULL, NULL, 'Swedish', 'SE', '752', '46', 'SE.png', 1, 1, '2022-06-10 03:48:29', '2022-06-10 03:48:29'),
(756, 'Switzerland', 'Swiss Confederation', 'Berne', NULL, NULL, 'Swiss', 'CH', '756', '41', 'CH.png', 1, 1, '2022-06-10 03:48:29', '2022-06-10 03:48:29'),
(760, 'Syrian Arab Republic', 'Syrian Arab Republic', 'Damascus', NULL, NULL, 'Syrian', 'SY', '760', '963', 'SY.png', 0, 1, '2022-06-10 03:48:29', '2022-06-10 03:48:29'),
(762, 'Tajikistan', 'Republic of Tajikistan', 'Dushanbe', NULL, NULL, 'Tajik', 'TJ', '762', '992', 'TJ.png', 0, 1, '2022-06-10 03:48:29', '2022-06-10 03:48:29'),
(764, 'Thailand', 'Kingdom of Thailand', 'Bangkok', NULL, NULL, 'Thai', 'TH', '764', '66', 'TH.png', 0, 1, '2022-06-10 03:48:29', '2022-06-10 03:48:29'),
(768, 'Togo', 'Togolese Republic', 'Lom', NULL, NULL, 'Togolese', 'TG', '768', '228', 'TG.png', 0, 1, '2022-06-10 03:48:29', '2022-06-10 03:48:29'),
(772, 'Tokelau', 'Tokelau', '(TK2)', NULL, NULL, 'Tokelauan', 'TK', '772', '690', 'TK.png', 0, 1, '2022-06-10 03:48:29', '2022-06-10 03:48:29'),
(776, 'Tonga', 'Kingdom of Tonga', 'Nukualofa', NULL, NULL, 'Tongan', 'TO', '776', '676', 'TO.png', 0, 1, '2022-06-10 03:48:29', '2022-06-10 03:48:29'),
(780, 'Trinidad and Tobago', 'Republic of Trinidad and Tobago', 'Port of Spain', NULL, NULL, 'Trinidadian; Tobagonian', 'TT', '780', '1', 'TT.png', 0, 1, '2022-06-10 03:48:29', '2022-06-10 03:48:29'),
(784, 'United Arab Emirates', 'United Arab Emirates', 'Abu Dhabi', NULL, NULL, 'Emirian', 'AE', '784', '971', 'AE.png', 0, 1, '2022-06-10 03:48:29', '2022-06-10 03:48:29'),
(788, 'Tunisia', 'Republic of Tunisia', 'Tunis', NULL, NULL, 'Tunisian', 'TN', '788', '216', 'TN.png', 0, 1, '2022-06-10 03:48:29', '2022-06-10 03:48:29'),
(792, 'Turkey', 'Republic of Turkey', 'Ankara', NULL, NULL, 'Turk', 'TR', '792', '90', 'TR.png', 0, 1, '2022-06-10 03:48:29', '2022-06-10 03:48:29'),
(795, 'Turkmenistan', 'Turkmenistan', 'Ashgabat', NULL, NULL, 'Turkmen', 'TM', '795', '993', 'TM.png', 0, 1, '2022-06-10 03:48:30', '2022-06-10 03:48:30'),
(796, 'Turks and Caicos Islands', 'Turks and Caicos Islands', 'Cockburn Town', NULL, NULL, 'Turks and Caicos Islander', 'TC', '796', '1', 'TC.png', 0, 1, '2022-06-10 03:48:30', '2022-06-10 03:48:30'),
(798, 'Tuvalu', 'Tuvalu', 'Funafuti', NULL, NULL, 'Tuvaluan', 'TV', '798', '688', 'TV.png', 0, 1, '2022-06-10 03:48:30', '2022-06-10 03:48:30'),
(800, 'Uganda', 'Republic of Uganda', 'Kampala', NULL, NULL, 'Ugandan', 'UG', '800', '256', 'UG.png', 0, 1, '2022-06-10 03:48:30', '2022-06-10 03:48:30'),
(804, 'Ukraine', 'Ukraine', 'Kiev', NULL, NULL, 'Ukrainian', 'UA', '804', '380', 'UA.png', 0, 1, '2022-06-10 03:48:30', '2022-06-10 03:48:30'),
(807, 'Macedonia, the former Yugoslav Republic of', 'the former Yugoslav Republic of Macedonia', 'Skopje', NULL, NULL, 'of the former Yugoslav Republic of Macedonia', 'MK', '807', '389', 'MK.png', 0, 1, '2022-06-10 03:48:30', '2022-06-10 03:48:30'),
(818, 'Egypt', 'Arab Republic of Egypt', 'Cairo', NULL, NULL, 'Egyptian', 'EG', '818', '20', 'EG.png', 0, 1, '2022-06-10 03:48:30', '2022-06-10 03:48:30'),
(826, 'United Kingdom', 'United Kingdom of Great Britain and Northern Ireland', 'London', NULL, NULL, 'British', 'GB', '826', '44', 'GB.png', 1, 1, '2022-06-10 03:48:30', '2022-06-10 03:48:30'),
(831, 'Guernsey', 'Bailiwick of Guernsey', 'St Peter Port', NULL, NULL, 'of Guernsey', 'GG', '831', '44', NULL, 0, 1, '2022-06-10 03:48:30', '2022-06-10 03:48:30'),
(832, 'Jersey', 'Bailiwick of Jersey', 'St Helier', NULL, NULL, 'of Jersey', 'JE', '832', '44', NULL, 0, 1, '2022-06-10 03:48:30', '2022-06-10 03:48:30'),
(833, 'Isle of Man', 'Isle of Man', 'Douglas', NULL, NULL, 'Manxman; Manxwoman', 'IM', '833', '44', NULL, 0, 1, '2022-06-10 03:48:30', '2022-06-10 03:48:30'),
(834, 'Tanzania, United Republic of', 'United Republic of Tanzania', 'Dodoma (TZ1)', NULL, NULL, 'Tanzanian', 'TZ', '834', '255', 'TZ.png', 0, 1, '2022-06-10 03:48:30', '2022-06-10 03:48:30'),
(840, 'United States', 'United States of America', 'Washington DC', NULL, NULL, 'American', 'US', '840', '1', 'US.png', 0, 1, '2022-06-10 03:48:30', '2022-06-10 03:48:30'),
(850, 'Virgin Islands, U.S.', 'United States Virgin Islands', 'Charlotte Amalie', NULL, NULL, 'US Virgin Islander', 'VI', '850', '1', 'VI.png', 0, 1, '2022-06-10 03:48:30', '2022-06-10 03:48:30'),
(854, 'Burkina Faso', 'Burkina Faso', 'Ouagadougou', NULL, NULL, 'Burkinabe', 'BF', '854', '226', 'BF.png', 0, 1, '2022-06-10 03:48:31', '2022-06-10 03:48:31'),
(858, 'Uruguay', 'Eastern Republic of Uruguay', 'Montevideo', NULL, NULL, 'Uruguayan', 'UY', '858', '598', 'UY.png', 0, 1, '2022-06-10 03:48:31', '2022-06-10 03:48:31'),
(860, 'Uzbekistan', 'Republic of Uzbekistan', 'Tashkent', NULL, NULL, 'Uzbek', 'UZ', '860', '998', 'UZ.png', 0, 1, '2022-06-10 03:48:31', '2022-06-10 03:48:31'),
(862, 'Venezuela, Bolivarian Republic of', 'Bolivarian Republic of Venezuela', 'Caracas', NULL, NULL, 'Venezuelan', 'VE', '862', '58', 'VE.png', 0, 1, '2022-06-10 03:48:31', '2022-06-10 03:48:31'),
(876, 'Wallis and Futuna', 'Wallis and Futuna', 'Mata-Utu', NULL, NULL, 'Wallisian; Futunan; Wallis and Futuna Islander', 'WF', '876', '681', 'WF.png', 0, 1, '2022-06-10 03:48:31', '2022-06-10 03:48:31'),
(882, 'Samoa', 'Independent State of Samoa', 'Apia', NULL, NULL, 'Samoan', 'WS', '882', '685', 'WS.png', 0, 1, '2022-06-10 03:48:31', '2022-06-10 03:48:31'),
(887, 'Yemen', 'Republic of Yemen', 'Sana', NULL, NULL, 'Yemenite', 'YE', '887', '967', 'YE.png', 0, 1, '2022-06-10 03:48:31', '2022-06-10 03:48:31'),
(894, 'Zambia', 'Republic of Zambia', 'Lusaka', NULL, NULL, 'Zambian', 'ZM', '894', '260', 'ZM.png', 0, 1, '2022-06-10 03:48:31', '2022-06-10 03:48:31');

-- --------------------------------------------------------

--
-- Table structure for table `currencies`
--

CREATE TABLE `currencies` (
  `id` int(10) UNSIGNED NOT NULL,
  `iso_code` varchar(3) COLLATE utf8mb4_unicode_ci NOT NULL,
  `iso_numeric` varchar(3) COLLATE utf8mb4_unicode_ci DEFAULT NULL,
  `name` varchar(255) COLLATE utf8mb4_unicode_ci NOT NULL,
  `symbol` varchar(255) COLLATE utf8mb4_unicode_ci DEFAULT NULL,
  `disambiguate_symbol` varchar(255) COLLATE utf8mb4_unicode_ci DEFAULT NULL,
  `subunit` varchar(255) COLLATE utf8mb4_unicode_ci DEFAULT NULL,
  `subunit_to_unit` int(11) NOT NULL DEFAULT 100,
  `symbol_first` tinyint(1) NOT NULL DEFAULT 1,
  `html_entity` varchar(255) COLLATE utf8mb4_unicode_ci DEFAULT NULL,
  `decimal_mark` varchar(25) COLLATE utf8mb4_unicode_ci DEFAULT NULL,
  `thousands_separator` varchar(25) COLLATE utf8mb4_unicode_ci DEFAULT NULL,
  `smallest_denomination` int(11) NOT NULL DEFAULT 1,
  `priority` int(11) DEFAULT 100,
  `active` tinyint(1) DEFAULT 0,
  `created_at` timestamp NULL DEFAULT NULL,
  `updated_at` timestamp NULL DEFAULT NULL
) ENGINE=InnoDB DEFAULT CHARSET=utf8mb4 COLLATE=utf8mb4_unicode_ci;

--
-- Dumping data for table `currencies`
--

INSERT INTO `currencies` (`id`, `iso_code`, `iso_numeric`, `name`, `symbol`, `disambiguate_symbol`, `subunit`, `subunit_to_unit`, `symbol_first`, `html_entity`, `decimal_mark`, `thousands_separator`, `smallest_denomination`, `priority`, `active`, `created_at`, `updated_at`) VALUES
(1, 'AED', '784', 'United Arab Emirates Dirham', '.', NULL, 'Fils', 100, 0, '', '.', ',', 25, 100, 0, '2022-06-10 03:48:31', '2022-06-10 03:48:31'),
(2, 'AFN', '971', 'Afghani', '', NULL, 'Pul', 100, 0, '', '.', ',', 100, 100, 0, '2022-06-10 03:48:32', '2022-06-10 03:48:32'),
(3, 'ALL', '008', 'Albanian Lek', 'L', 'Lek', 'Qintar', 100, 0, '', '.', ',', 100, 100, 0, '2022-06-10 03:48:32', '2022-06-10 03:48:32'),
(4, 'AMD', '051', 'Armenian Dram', '.', NULL, 'Luma', 100, 0, '', '.', ',', 10, 100, 0, '2022-06-10 03:48:32', '2022-06-10 03:48:32'),
(5, 'ANG', '532', 'Netherlands Antillean Gulden', '', NULL, 'Cent', 100, 1, '&#x0192;', ',', '.', 1, 100, 0, '2022-06-10 03:48:32', '2022-06-10 03:48:32'),
(6, 'AOA', '973', 'Angolan Kwanza', 'Kz', NULL, 'Cntimo', 100, 0, '', '.', ',', 10, 100, 0, '2022-06-10 03:48:32', '2022-06-10 03:48:32'),
(7, 'ARS', '032', 'Argentine Peso', '$', '$m/n', 'Centavo', 100, 1, '&#x20B1;', ',', '.', 1, 100, 0, '2022-06-10 03:48:32', '2022-06-10 03:48:32'),
(8, 'AUD', '036', 'Australian Dollar', '$', 'A$', 'Cent', 100, 1, '$', '.', ',', 5, 4, 0, '2022-06-10 03:48:32', '2022-06-10 03:48:32'),
(9, 'AWG', '533', 'Aruban Florin', '', NULL, 'Cent', 100, 0, '&#x0192;', '.', ',', 5, 100, 0, '2022-06-10 03:48:32', '2022-06-10 03:48:32'),
(10, 'AZN', '944', 'Azerbaijani Manat', '', NULL, 'Qpik', 100, 1, '', '.', ',', 1, 100, 0, '2022-06-10 03:48:32', '2022-06-10 03:48:32'),
(11, 'BAM', '977', 'Bosnia and Herzegovina Convertible Mark', '', NULL, 'Fening', 100, 1, '', '.', ',', 5, 100, 0, '2022-06-10 03:48:32', '2022-06-10 03:48:32'),
(12, 'BBD', '052', 'Barbadian Dollar', '$', 'Bds$', 'Cent', 100, 0, '$', '.', ',', 1, 100, 0, '2022-06-10 03:48:32', '2022-06-10 03:48:32'),
(13, 'BDT', '050', 'Bangladeshi Taka', '', NULL, 'Paisa', 100, 1, '', '.', ',', 1, 10, 1, '2022-06-10 03:48:32', '2022-06-10 03:48:32'),
(14, 'BGN', '975', 'Bulgarian Lev', '.', NULL, 'Stotinka', 100, 0, '', '.', ',', 1, 100, 0, '2022-06-10 03:48:32', '2022-06-10 03:48:32'),
(15, 'BHD', '048', 'Bahraini Dinar', '.', NULL, 'Fils', 1000, 1, '', '.', ',', 5, 100, 0, '2022-06-10 03:48:32', '2022-06-10 03:48:32'),
(16, 'BIF', '108', 'Burundian Franc', 'Fr', 'FBu', 'Centime', 1, 0, '', '.', ',', 100, 100, 0, '2022-06-10 03:48:32', '2022-06-10 03:48:32'),
(17, 'BMD', '060', 'Bermudian Dollar', '$', 'BD$', 'Cent', 100, 1, '$', '.', ',', 1, 100, 0, '2022-06-10 03:48:32', '2022-06-10 03:48:32'),
(18, 'BND', '096', 'Brunei Dollar', '$', 'BND', 'Sen', 100, 1, '$', '.', ',', 1, 100, 0, '2022-06-10 03:48:32', '2022-06-10 03:48:32'),
(19, 'BOB', '068', 'Bolivian Boliviano', 'Bs.', NULL, 'Centavo', 100, 1, '', '.', ',', 10, 100, 0, '2022-06-10 03:48:32', '2022-06-10 03:48:32'),
(20, 'BRL', '986', 'Brazilian Real', 'R$', NULL, 'Centavo', 100, 1, 'R$', ',', '.', 5, 100, 0, '2022-06-10 03:48:32', '2022-06-10 03:48:32'),
(21, 'BSD', '044', 'Bahamian Dollar', '$', 'BSD', 'Cent', 100, 1, '$', '.', ',', 1, 100, 0, '2022-06-10 03:48:33', '2022-06-10 03:48:33'),
(22, 'BTN', '064', 'Bhutanese Ngultrum', 'Nu.', NULL, 'Chertrum', 100, 0, '', '.', ',', 5, 100, 0, '2022-06-10 03:48:33', '2022-06-10 03:48:33'),
(23, 'BWP', '072', 'Botswana Pula', 'P', NULL, 'Thebe', 100, 1, '', '.', ',', 5, 100, 0, '2022-06-10 03:48:33', '2022-06-10 03:48:33'),
(24, 'BYN', '933', 'Belarusian Ruble', 'Br', 'BYN', 'Kapeyka', 100, 0, '', ',', ' ', 1, 100, 0, '2022-06-10 03:48:33', '2022-06-10 03:48:33'),
(25, 'BYR', '974', 'Belarusian Ruble', 'Br', 'BYR', NULL, 1, 0, '', ',', ' ', 100, 50, 0, '2022-06-10 03:48:33', '2022-06-10 03:48:33'),
(26, 'BZD', '084', 'Belize Dollar', '$', 'BZ$', 'Cent', 100, 1, '$', '.', ',', 1, 100, 0, '2022-06-10 03:48:33', '2022-06-10 03:48:33'),
(27, 'CAD', '124', 'Canadian Dollar', '$', 'C$', 'Cent', 100, 1, '$', '.', ',', 5, 5, 0, '2022-06-10 03:48:33', '2022-06-10 03:48:33'),
(28, 'CDF', '976', 'Congolese Franc', 'Fr', 'FC', 'Centime', 100, 0, '', '.', ',', 1, 100, 0, '2022-06-10 03:48:33', '2022-06-10 03:48:33'),
(29, 'CHF', '756', 'Swiss Franc', 'CHF', NULL, 'Rappen', 100, 1, '', '.', ',', 5, 100, 0, '2022-06-10 03:48:33', '2022-06-10 03:48:33'),
(30, 'CLF', '990', 'Unidad de Fomento', 'UF', NULL, 'Peso', 10000, 1, '&#x20B1;', ',', '.', 1, 100, 0, '2022-06-10 03:48:33', '2022-06-10 03:48:33'),
(31, 'CLP', '152', 'Chilean Peso', '$', 'CLP', 'Peso', 1, 1, '&#36;', ',', '.', 1, 100, 0, '2022-06-10 03:48:33', '2022-06-10 03:48:33'),
(32, 'CNY', '156', 'Chinese Renminbi Yuan', '', NULL, 'Fen', 100, 1, '', '.', ',', 1, 100, 0, '2022-06-10 03:48:33', '2022-06-10 03:48:33'),
(33, 'COP', '170', 'Colombian Peso', '$', 'COL$', 'Centavo', 100, 1, '&#36;', ',', '.', 20, 100, 0, '2022-06-10 03:48:34', '2022-06-10 03:48:34'),
(34, 'CRC', '188', 'Costa Rican Coln', '', NULL, 'Cntimo', 100, 1, '&#x20A1;', ',', '.', 500, 100, 0, '2022-06-10 03:48:34', '2022-06-10 03:48:34'),
(35, 'CUC', '931', 'Cuban Convertible Peso', '$', 'CUC$', 'Centavo', 100, 0, '', '.', ',', 1, 100, 0, '2022-06-10 03:48:34', '2022-06-10 03:48:34'),
(36, 'CUP', '192', 'Cuban Peso', '$', '$MN', 'Centavo', 100, 1, '&#x20B1;', '.', ',', 1, 100, 0, '2022-06-10 03:48:34', '2022-06-10 03:48:34'),
(37, 'CVE', '132', 'Cape Verdean Escudo', '$', 'Esc', 'Centavo', 100, 0, '', '.', ',', 100, 100, 0, '2022-06-10 03:48:34', '2022-06-10 03:48:34'),
(38, 'CZK', '203', 'Czech Koruna', 'K', NULL, 'Hal', 100, 0, '', ',', ' ', 100, 100, 0, '2022-06-10 03:48:34', '2022-06-10 03:48:34'),
(39, 'DJF', '262', 'Djiboutian Franc', 'Fdj', NULL, 'Centime', 1, 0, '', '.', ',', 100, 100, 0, '2022-06-10 03:48:34', '2022-06-10 03:48:34'),
(40, 'DKK', '208', 'Danish Krone', 'kr.', 'DKK', 're', 100, 0, '', ',', '.', 50, 100, 0, '2022-06-10 03:48:34', '2022-06-10 03:48:34'),
(41, 'DOP', '214', 'Dominican Peso', '$', 'RD$', 'Centavo', 100, 1, '&#x20B1;', '.', ',', 100, 100, 0, '2022-06-10 03:48:34', '2022-06-10 03:48:34'),
(42, 'DZD', '012', 'Algerian Dinar', '.', NULL, 'Centime', 100, 0, '', '.', ',', 100, 100, 0, '2022-06-10 03:48:34', '2022-06-10 03:48:34'),
(43, 'EGP', '818', 'Egyptian Pound', '.', NULL, 'Piastre', 100, 1, '&#x00A3;', '.', ',', 25, 100, 0, '2022-06-10 03:48:35', '2022-06-10 03:48:35'),
(44, 'ERN', '232', 'Eritrean Nakfa', 'Nfk', NULL, 'Cent', 100, 0, '', '.', ',', 1, 100, 0, '2022-06-10 03:48:35', '2022-06-10 03:48:35'),
(45, 'ETB', '230', 'Ethiopian Birr', 'Br', 'ETB', 'Santim', 100, 0, '', '.', ',', 1, 100, 0, '2022-06-10 03:48:35', '2022-06-10 03:48:35'),
(46, 'EUR', '978', 'Euro', '', NULL, 'Cent', 100, 1, '&#x20AC;', ',', '.', 1, 2, 1, '2022-06-10 03:48:35', '2022-06-10 03:48:35'),
(47, 'FJD', '242', 'Fijian Dollar', '$', 'FJ$', 'Cent', 100, 0, '$', '.', ',', 5, 100, 0, '2022-06-10 03:48:35', '2022-06-10 03:48:35'),
(48, 'FKP', '238', 'Falkland Pound', '', 'FK', 'Penny', 100, 0, '&#x00A3;', '.', ',', 1, 100, 0, '2022-06-10 03:48:35', '2022-06-10 03:48:35'),
(49, 'GBP', '826', 'British Pound', '', NULL, 'Penny', 100, 1, '&#x00A3;', '.', ',', 1, 3, 0, '2022-06-10 03:48:35', '2022-06-10 03:48:35'),
(50, 'GEL', '981', 'Georgian Lari', '', NULL, 'Tetri', 100, 0, '', '.', ',', 1, 100, 0, '2022-06-10 03:48:35', '2022-06-10 03:48:35'),
(51, 'GHS', '936', 'Ghanaian Cedi', '', NULL, 'Pesewa', 100, 1, '&#x20B5;', '.', ',', 1, 100, 0, '2022-06-10 03:48:35', '2022-06-10 03:48:35'),
(52, 'GIP', '292', 'Gibraltar Pound', '', 'GIP', 'Penny', 100, 1, '&#x00A3;', '.', ',', 1, 100, 0, '2022-06-10 03:48:35', '2022-06-10 03:48:35'),
(53, 'GMD', '270', 'Gambian Dalasi', 'D', NULL, 'Butut', 100, 0, '', '.', ',', 1, 100, 0, '2022-06-10 03:48:35', '2022-06-10 03:48:35'),
(54, 'GNF', '324', 'Guinean Franc', 'Fr', 'FG', 'Centime', 1, 0, '', '.', ',', 100, 100, 0, '2022-06-10 03:48:36', '2022-06-10 03:48:36'),
(55, 'GTQ', '320', 'Guatemalan Quetzal', 'Q', NULL, 'Centavo', 100, 1, '', '.', ',', 1, 100, 0, '2022-06-10 03:48:36', '2022-06-10 03:48:36'),
(56, 'GYD', '328', 'Guyanese Dollar', '$', 'G$', 'Cent', 100, 0, '$', '.', ',', 100, 100, 0, '2022-06-10 03:48:36', '2022-06-10 03:48:36'),
(57, 'HKD', '344', 'Hong Kong Dollar', '$', 'HK$', 'Cent', 100, 1, '$', '.', ',', 10, 100, 0, '2022-06-10 03:48:36', '2022-06-10 03:48:36'),
(58, 'HNL', '340', 'Honduran Lempira', 'L', 'HNL', 'Centavo', 100, 1, '', '.', ',', 5, 100, 0, '2022-06-10 03:48:36', '2022-06-10 03:48:36'),
(59, 'HRK', '191', 'Croatian Kuna', 'kn', NULL, 'Lipa', 100, 0, '', ',', '.', 1, 100, 0, '2022-06-10 03:48:36', '2022-06-10 03:48:36'),
(60, 'HTG', '332', 'Haitian Gourde', 'G', NULL, 'Centime', 100, 0, '', '.', ',', 5, 100, 0, '2022-06-10 03:48:36', '2022-06-10 03:48:36'),
(61, 'HUF', '348', 'Hungarian Forint', 'Ft', NULL, 'Fillr', 1, 0, '', ',', '.', 5, 100, 0, '2022-06-10 03:48:36', '2022-06-10 03:48:36'),
(62, 'IDR', '360', 'Indonesian Rupiah', 'Rp', NULL, 'Sen', 100, 1, '', ',', '.', 5000, 100, 0, '2022-06-10 03:48:37', '2022-06-10 03:48:37'),
(63, 'ILS', '376', 'Israeli New Sheqel', '', NULL, 'Agora', 100, 1, '&#x20AA;', '.', ',', 10, 100, 0, '2022-06-10 03:48:37', '2022-06-10 03:48:37'),
(64, 'INR', '356', 'Indian Rupee', '', NULL, 'Paisa', 100, 1, '&#x20b9;', '.', ',', 50, 59, 1, '2022-06-10 03:48:37', '2022-06-10 03:48:37'),
(65, 'IQD', '368', 'Iraqi Dinar', '.', NULL, 'Fils', 1000, 0, '', '.', ',', 50000, 100, 0, '2022-06-10 03:48:37', '2022-06-10 03:48:37'),
(66, 'IRR', '364', 'Iranian Rial', '', NULL, NULL, 100, 1, '&#xFDFC;', '.', ',', 5000, 100, 0, '2022-06-10 03:48:37', '2022-06-10 03:48:37'),
(67, 'ISK', '352', 'Icelandic Krna', 'kr', NULL, NULL, 1, 1, '', ',', '.', 1, 100, 0, '2022-06-10 03:48:37', '2022-06-10 03:48:37'),
(68, 'JMD', '388', 'Jamaican Dollar', '$', 'J$', 'Cent', 100, 1, '$', '.', ',', 1, 100, 0, '2022-06-10 03:48:37', '2022-06-10 03:48:37'),
(69, 'JOD', '400', 'Jordanian Dinar', '.', NULL, 'Fils', 1000, 1, '', '.', ',', 5, 100, 0, '2022-06-10 03:48:37', '2022-06-10 03:48:37'),
(70, 'JPY', '392', 'Japanese Yen', '', NULL, NULL, 1, 1, '&#x00A5;', '.', ',', 1, 6, 1, '2022-06-10 03:48:38', '2022-06-10 03:48:38'),
(71, 'KES', '404', 'Kenyan Shilling', 'KSh', NULL, 'Cent', 100, 1, '', '.', ',', 50, 100, 0, '2022-06-10 03:48:38', '2022-06-10 03:48:38'),
(72, 'KGS', '417', 'Kyrgyzstani Som', 'som', NULL, 'Tyiyn', 100, 0, '', '.', ',', 1, 100, 0, '2022-06-10 03:48:38', '2022-06-10 03:48:38'),
(73, 'KHR', '116', 'Cambodian Riel', '', NULL, 'Sen', 100, 0, '&#x17DB;', '.', ',', 5000, 100, 0, '2022-06-10 03:48:38', '2022-06-10 03:48:38'),
(74, 'KMF', '174', 'Comorian Franc', 'Fr', 'CF', 'Centime', 1, 0, '', '.', ',', 100, 100, 0, '2022-06-10 03:48:38', '2022-06-10 03:48:38'),
(75, 'KPW', '408', 'North Korean Won', '', NULL, 'Chn', 100, 0, '&#x20A9;', '.', ',', 1, 100, 0, '2022-06-10 03:48:38', '2022-06-10 03:48:38'),
(76, 'KRW', '410', 'South Korean Won', '', NULL, NULL, 1, 1, '&#x20A9;', '.', ',', 1, 100, 0, '2022-06-10 03:48:38', '2022-06-10 03:48:38'),
(77, 'KWD', '414', 'Kuwaiti Dinar', '.', NULL, 'Fils', 1000, 1, '', '.', ',', 5, 100, 0, '2022-06-10 03:48:38', '2022-06-10 03:48:38'),
(78, 'KYD', '136', 'Cayman Islands Dollar', '$', 'CI$', 'Cent', 100, 1, '$', '.', ',', 1, 100, 0, '2022-06-10 03:48:38', '2022-06-10 03:48:38'),
(79, 'KZT', '398', 'Kazakhstani Tenge', '', NULL, 'Tiyn', 100, 0, '', '.', ',', 100, 100, 0, '2022-06-10 03:48:38', '2022-06-10 03:48:38'),
(80, 'LAK', '418', 'Lao Kip', '', NULL, 'Att', 100, 0, '&#x20AD;', '.', ',', 10, 100, 0, '2022-06-10 03:48:38', '2022-06-10 03:48:38'),
(81, 'LBP', '422', 'Lebanese Pound', '.', NULL, 'Piastre', 100, 1, '&#x00A3;', '.', ',', 25000, 100, 0, '2022-06-10 03:48:38', '2022-06-10 03:48:38'),
(82, 'LKR', '144', 'Sri Lankan Rupee', '', 'SLRs', 'Cent', 100, 0, '&#x0BF9;', '.', ',', 100, 100, 0, '2022-06-10 03:48:38', '2022-06-10 03:48:38'),
(83, 'LRD', '430', 'Liberian Dollar', '$', 'L$', 'Cent', 100, 0, '$', '.', ',', 5, 100, 0, '2022-06-10 03:48:38', '2022-06-10 03:48:38'),
(84, 'LSL', '426', 'Lesotho Loti', 'L', 'M', 'Sente', 100, 0, '', '.', ',', 1, 100, 0, '2022-06-10 03:48:38', '2022-06-10 03:48:38'),
(85, 'LTL', '440', 'Lithuanian Litas', 'Lt', NULL, 'Centas', 100, 0, '', '.', ',', 1, 100, 0, '2022-06-10 03:48:39', '2022-06-10 03:48:39'),
(86, 'LVL', '428', 'Latvian Lats', 'Ls', NULL, 'Santms', 100, 1, '', '.', ',', 1, 100, 0, '2022-06-10 03:48:39', '2022-06-10 03:48:39'),
(87, 'LYD', '434', 'Libyan Dinar', '.', NULL, 'Dirham', 1000, 0, '', '.', ',', 50, 100, 0, '2022-06-10 03:48:39', '2022-06-10 03:48:39'),
(88, 'MAD', '504', 'Moroccan Dirham', '..', NULL, 'Centime', 100, 0, '', '.', ',', 1, 100, 0, '2022-06-10 03:48:39', '2022-06-10 03:48:39'),
(89, 'MDL', '498', 'Moldovan Leu', 'L', NULL, 'Ban', 100, 0, '', '.', ',', 1, 100, 0, '2022-06-10 03:48:39', '2022-06-10 03:48:39'),
(90, 'MGA', '969', 'Malagasy Ariary', 'Ar', NULL, 'Iraimbilanja', 5, 1, '', '.', ',', 1, 100, 0, '2022-06-10 03:48:39', '2022-06-10 03:48:39'),
(91, 'MKD', '807', 'Macedonian Denar', '', NULL, 'Deni', 100, 0, '', '.', ',', 100, 100, 0, '2022-06-10 03:48:39', '2022-06-10 03:48:39'),
(92, 'MMK', '104', 'Myanmar Kyat', 'K', 'MMK', 'Pya', 100, 0, '', '.', ',', 50, 100, 0, '2022-06-10 03:48:39', '2022-06-10 03:48:39'),
(93, 'MNT', '496', 'Mongolian Tgrg', '', NULL, 'Mng', 100, 0, '&#x20AE;', '.', ',', 2000, 100, 0, '2022-06-10 03:48:39', '2022-06-10 03:48:39'),
(94, 'MOP', '446', 'Macanese Pataca', 'P', NULL, 'Avo', 100, 0, '', '.', ',', 10, 100, 0, '2022-06-10 03:48:39', '2022-06-10 03:48:39'),
(95, 'MRO', '478', 'Mauritanian Ouguiya', 'UM', NULL, 'Khoums', 5, 0, '', '.', ',', 1, 100, 0, '2022-06-10 03:48:39', '2022-06-10 03:48:39'),
(96, 'MUR', '480', 'Mauritian Rupee', '', NULL, 'Cent', 100, 1, '&#x20A8;', '.', ',', 100, 100, 0, '2022-06-10 03:48:39', '2022-06-10 03:48:39'),
(97, 'MVR', '462', 'Maldivian Rufiyaa', 'MVR', NULL, 'Laari', 100, 0, '', '.', ',', 1, 100, 0, '2022-06-10 03:48:39', '2022-06-10 03:48:39'),
(98, 'MWK', '454', 'Malawian Kwacha', 'MK', NULL, 'Tambala', 100, 0, '', '.', ',', 1, 100, 0, '2022-06-10 03:48:40', '2022-06-10 03:48:40'),
(99, 'MXN', '484', 'Mexican Peso', '$', 'MEX$', 'Centavo', 100, 1, '$', '.', ',', 5, 100, 0, '2022-06-10 03:48:40', '2022-06-10 03:48:40'),
(100, 'MYR', '458', 'Malaysian Ringgit', 'RM', NULL, 'Sen', 100, 1, '', '.', ',', 5, 100, 0, '2022-06-10 03:48:40', '2022-06-10 03:48:40'),
(101, 'MZN', '943', 'Mozambican Metical', 'MTn', NULL, 'Centavo', 100, 1, '', ',', '.', 1, 100, 0, '2022-06-10 03:48:40', '2022-06-10 03:48:40'),
(102, 'NAD', '516', 'Namibian Dollar', '$', 'N$', 'Cent', 100, 0, '$', '.', ',', 5, 100, 0, '2022-06-10 03:48:40', '2022-06-10 03:48:40'),
(103, 'NGN', '566', 'Nigerian Naira', '', NULL, 'Kobo', 100, 1, '&#x20A6;', '.', ',', 50, 100, 0, '2022-06-10 03:48:40', '2022-06-10 03:48:40'),
(104, 'NIO', '558', 'Nicaraguan Crdoba', 'C$', NULL, 'Centavo', 100, 0, '', '.', ',', 5, 100, 0, '2022-06-10 03:48:40', '2022-06-10 03:48:40'),
(105, 'NOK', '578', 'Norwegian Krone', 'kr', 'NOK', 're', 100, 0, 'kr', ',', '.', 100, 100, 0, '2022-06-10 03:48:40', '2022-06-10 03:48:40'),
(106, 'NPR', '524', 'Nepalese Rupee', '', 'NPR', 'Paisa', 100, 1, '&#x20A8;', '.', ',', 1, 100, 0, '2022-06-10 03:48:40', '2022-06-10 03:48:40'),
(107, 'NZD', '554', 'New Zealand Dollar', '$', 'NZ$', 'Cent', 100, 1, '$', '.', ',', 10, 100, 0, '2022-06-10 03:48:41', '2022-06-10 03:48:41'),
(108, 'OMR', '512', 'Omani Rial', '..', NULL, 'Baisa', 1000, 1, '&#xFDFC;', '.', ',', 5, 100, 0, '2022-06-10 03:48:41', '2022-06-10 03:48:41'),
(109, 'PAB', '590', 'Panamanian Balboa', 'B/.', NULL, 'Centsimo', 100, 0, '', '.', ',', 1, 100, 0, '2022-06-10 03:48:41', '2022-06-10 03:48:41'),
(110, 'PEN', '604', 'Peruvian Nuevo Sol', 'S/.', NULL, 'Cntimo', 100, 1, 'S/.', '.', ',', 1, 100, 0, '2022-06-10 03:48:41', '2022-06-10 03:48:41'),
(111, 'PGK', '598', 'Papua New Guinean Kina', 'K', 'PGK', 'Toea', 100, 0, '', '.', ',', 5, 100, 0, '2022-06-10 03:48:41', '2022-06-10 03:48:41'),
(112, 'PHP', '608', 'Philippine Peso', '', NULL, 'Centavo', 100, 1, '&#x20B1;', '.', ',', 1, 100, 0, '2022-06-10 03:48:41', '2022-06-10 03:48:41'),
(113, 'PKR', '586', 'Pakistani Rupee', '', 'PKR', 'Paisa', 100, 1, '&#x20A8;', '.', ',', 100, 100, 0, '2022-06-10 03:48:41', '2022-06-10 03:48:41'),
(114, 'PLN', '985', 'Polish Zoty', 'z', NULL, 'Grosz', 100, 0, 'z&#322;', ',', ' ', 1, 100, 0, '2022-06-10 03:48:41', '2022-06-10 03:48:41'),
(115, 'PYG', '600', 'Paraguayan Guaran', '', NULL, 'Cntimo', 1, 1, '&#x20B2;', '.', ',', 5000, 100, 0, '2022-06-10 03:48:41', '2022-06-10 03:48:41'),
(116, 'QAR', '634', 'Qatari Riyal', '.', NULL, 'Dirham', 100, 0, '&#xFDFC;', '.', ',', 1, 100, 0, '2022-06-10 03:48:41', '2022-06-10 03:48:41'),
(117, 'RON', '946', 'Romanian Leu', 'Lei', NULL, 'Bani', 100, 0, '', ',', '.', 1, 100, 0, '2022-06-10 03:48:41', '2022-06-10 03:48:41'),
(118, 'RSD', '941', 'Serbian Dinar', '', NULL, 'Para', 100, 1, '', '.', ',', 100, 100, 0, '2022-06-10 03:48:41', '2022-06-10 03:48:41'),
(119, 'RUB', '643', 'Russian Ruble', '', NULL, 'Kopeck', 100, 0, '&#x20BD;', ',', '.', 1, 100, 0, '2022-06-10 03:48:41', '2022-06-10 03:48:41'),
(120, 'RWF', '646', 'Rwandan Franc', 'FRw', NULL, 'Centime', 1, 0, '', '.', ',', 100, 100, 0, '2022-06-10 03:48:41', '2022-06-10 03:48:41'),
(121, 'SAR', '682', 'Saudi Riyal', '.', NULL, 'Hallallah', 100, 1, '&#xFDFC;', '.', ',', 5, 100, 0, '2022-06-10 03:48:42', '2022-06-10 03:48:42'),
(122, 'SBD', '090', 'Solomon Islands Dollar', '$', 'SI$', 'Cent', 100, 0, '$', '.', ',', 10, 100, 0, '2022-06-10 03:48:42', '2022-06-10 03:48:42'),
(123, 'SCR', '690', 'Seychellois Rupee', '', 'SRe', 'Cent', 100, 0, '&#x20A8;', '.', ',', 1, 100, 0, '2022-06-10 03:48:43', '2022-06-10 03:48:43'),
(124, 'SDG', '938', 'Sudanese Pound', '', 'SDG', 'Piastre', 100, 1, '', '.', ',', 1, 100, 0, '2022-06-10 03:48:43', '2022-06-10 03:48:43'),
(125, 'SEK', '752', 'Swedish Krona', 'kr', 'SEK', 're', 100, 0, '', ',', ' ', 100, 100, 0, '2022-06-10 03:48:43', '2022-06-10 03:48:43'),
(126, 'SGD', '702', 'Singapore Dollar', '$', 'S$', 'Cent', 100, 1, '$', '.', ',', 1, 100, 0, '2022-06-10 03:48:43', '2022-06-10 03:48:43'),
(127, 'SHP', '654', 'Saint Helenian Pound', '', 'SHP', 'Penny', 100, 0, '&#x00A3;', '.', ',', 1, 100, 0, '2022-06-10 03:48:43', '2022-06-10 03:48:43'),
(128, 'SKK', '703', 'Slovak Koruna', 'Sk', NULL, 'Halier', 100, 1, '', '.', ',', 50, 100, 0, '2022-06-10 03:48:43', '2022-06-10 03:48:43'),
(129, 'SLL', '694', 'Sierra Leonean Leone', 'Le', NULL, 'Cent', 100, 0, '', '.', ',', 1000, 100, 0, '2022-06-10 03:48:43', '2022-06-10 03:48:43'),
(130, 'SOS', '706', 'Somali Shilling', 'Sh', NULL, 'Cent', 100, 0, '', '.', ',', 1, 100, 0, '2022-06-10 03:48:44', '2022-06-10 03:48:44'),
(131, 'SRD', '968', 'Surinamese Dollar', '$', 'SRD', 'Cent', 100, 0, '', '.', ',', 1, 100, 0, '2022-06-10 03:48:44', '2022-06-10 03:48:44'),
(132, 'SSP', '728', 'South Sudanese Pound', '', 'SSP', 'piaster', 100, 0, '&#x00A3;', '.', ',', 5, 100, 0, '2022-06-10 03:48:44', '2022-06-10 03:48:44'),
(133, 'STD', '678', 'So Tom and Prncipe Dobra', 'Db', NULL, 'Cntimo', 100, 0, '', '.', ',', 10000, 100, 0, '2022-06-10 03:48:44', '2022-06-10 03:48:44'),
(134, 'SVC', '222', 'Salvadoran Coln', '', NULL, 'Centavo', 100, 1, '&#x20A1;', '.', ',', 1, 100, 0, '2022-06-10 03:48:44', '2022-06-10 03:48:44'),
(135, 'SYP', '760', 'Syrian Pound', 'S', NULL, 'Piastre', 100, 0, '&#x00A3;', '.', ',', 100, 100, 0, '2022-06-10 03:48:44', '2022-06-10 03:48:44'),
(136, 'SZL', '748', 'Swazi Lilangeni', 'E', 'SZL', 'Cent', 100, 1, '', '.', ',', 1, 100, 0, '2022-06-10 03:48:44', '2022-06-10 03:48:44'),
(137, 'THB', '764', 'Thai Baht', '', NULL, 'Satang', 100, 1, '&#x0E3F;', '.', ',', 1, 100, 0, '2022-06-10 03:48:45', '2022-06-10 03:48:45'),
(138, 'TJS', '972', 'Tajikistani Somoni', '', NULL, 'Diram', 100, 0, '', '.', ',', 1, 100, 0, '2022-06-10 03:48:45', '2022-06-10 03:48:45'),
(139, 'TMT', '934', 'Turkmenistani Manat', 'T', NULL, 'Tenge', 100, 0, '', '.', ',', 1, 100, 0, '2022-06-10 03:48:45', '2022-06-10 03:48:45'),
(140, 'TND', '788', 'Tunisian Dinar', '.', NULL, 'Millime', 1000, 0, '', '.', ',', 10, 100, 0, '2022-06-10 03:48:45', '2022-06-10 03:48:45'),
(141, 'TOP', '776', 'Tongan Paanga', 'T$', NULL, 'Seniti', 100, 1, '', '.', ',', 1, 100, 0, '2022-06-10 03:48:45', '2022-06-10 03:48:45'),
(142, 'TRY', '949', 'Turkish Lira', '', NULL, 'kuru', 100, 1, '&#8378;', ',', '.', 1, 100, 0, '2022-06-10 03:48:46', '2022-06-10 03:48:46'),
(143, 'TTD', '780', 'Trinidad and Tobago Dollar', '$', 'TT$', 'Cent', 100, 0, '$', '.', ',', 1, 100, 0, '2022-06-10 03:48:46', '2022-06-10 03:48:46'),
(144, 'TWD', '901', 'New Taiwan Dollar', '$', 'NT$', 'Cent', 100, 1, '$', '.', ',', 50, 100, 0, '2022-06-10 03:48:46', '2022-06-10 03:48:46'),
(145, 'TZS', '834', 'Tanzanian Shilling', 'Sh', NULL, 'Cent', 100, 1, '', '.', ',', 5000, 100, 0, '2022-06-10 03:48:46', '2022-06-10 03:48:46'),
(146, 'UAH', '980', 'Ukrainian Hryvnia', '', NULL, 'Kopiyka', 100, 0, '&#x20B4;', '.', ',', 1, 100, 0, '2022-06-10 03:48:46', '2022-06-10 03:48:46'),
(147, 'UGX', '800', 'Ugandan Shilling', 'USh', NULL, 'Cent', 1, 0, '', '.', ',', 1000, 100, 0, '2022-06-10 03:48:46', '2022-06-10 03:48:46'),
(148, 'USD', '840', 'United States Dollar', '$', 'US$', 'Cent', 100, 1, '$', '.', ',', 1, 1, 1, '2022-06-10 03:48:47', '2022-06-10 03:48:47'),
(149, 'UYU', '858', 'Uruguayan Peso', '$', NULL, 'Centsimo', 100, 1, '&#x20B1;', ',', '.', 100, 100, 0, '2022-06-10 03:48:47', '2022-06-10 03:48:47'),
(150, 'UZS', '860', 'Uzbekistan Som', '', NULL, 'Tiyin', 100, 0, '', '.', ',', 100, 100, 0, '2022-06-10 03:48:47', '2022-06-10 03:48:47'),
(151, 'VEF', '937', 'Venezuelan Bolvar', 'Bs', NULL, 'Cntimo', 100, 1, '', ',', '.', 1, 100, 0, '2022-06-10 03:48:47', '2022-06-10 03:48:47'),
(152, 'VND', '704', 'Vietnamese ng', '', NULL, 'Ho', 1, 1, '&#x20AB;', ',', '.', 100, 100, 0, '2022-06-10 03:48:47', '2022-06-10 03:48:47'),
(153, 'VUV', '548', 'Vanuatu Vatu', 'Vt', NULL, NULL, 1, 1, '', '.', ',', 1, 100, 0, '2022-06-10 03:48:47', '2022-06-10 03:48:47'),
(154, 'WST', '882', 'Samoan Tala', 'T', 'WS$', 'Sene', 100, 0, '', '.', ',', 10, 100, 0, '2022-06-10 03:48:47', '2022-06-10 03:48:47'),
(155, 'XAF', '950', 'Central African Cfa Franc', 'Fr', 'FCFA', 'Centime', 1, 0, '', '.', ',', 100, 100, 0, '2022-06-10 03:48:47', '2022-06-10 03:48:47'),
(156, 'XAG', '961', 'Silver (Troy Ounce)', 'oz t', 'XAG', 'oz', 1, 0, '', '.', ',', 1, 100, 0, '2022-06-10 03:48:47', '2022-06-10 03:48:47'),
(157, 'XAU', '959', 'Gold (Troy Ounce)', 'oz t', 'XAU', 'oz', 1, 0, '', '.', ',', 1, 100, 0, '2022-06-10 03:48:47', '2022-06-10 03:48:47'),
(158, 'XBA', '955', 'European Composite Unit', '', 'XBA', '', 1, 0, '', '.', ',', 1, 100, 0, '2022-06-10 03:48:47', '2022-06-10 03:48:47'),
(159, 'XBB', '956', 'European Monetary Unit', '', 'XBB', '', 1, 0, '', '.', ',', 1, 100, 0, '2022-06-10 03:48:48', '2022-06-10 03:48:48'),
(160, 'XBC', '957', 'European Unit of Account 9', '', 'XBC', '', 1, 0, '', '.', ',', 1, 100, 0, '2022-06-10 03:48:48', '2022-06-10 03:48:48'),
(161, 'XBD', '958', 'European Unit of Account 17', '', 'XBD', '', 1, 0, '', '.', ',', 1, 100, 0, '2022-06-10 03:48:48', '2022-06-10 03:48:48'),
(162, 'XCD', '951', 'East Caribbean Dollar', '$', 'EX$', 'Cent', 100, 1, '$', '.', ',', 1, 100, 0, '2022-06-10 03:48:48', '2022-06-10 03:48:48'),
(163, 'XDR', '960', 'Special Drawing Rights', 'SDR', NULL, '', 1, 0, '$', '.', ',', 1, 100, 0, '2022-06-10 03:48:48', '2022-06-10 03:48:48'),
(164, 'XOF', '952', 'West African Cfa Franc', 'Fr', 'CFA', 'Centime', 1, 0, '', '.', ',', 100, 100, 0, '2022-06-10 03:48:48', '2022-06-10 03:48:48'),
(165, 'XPD', '964', 'Palladium', 'oz t', 'XPD', 'oz', 1, 0, '', '.', ',', 1, 100, 0, '2022-06-10 03:48:48', '2022-06-10 03:48:48'),
(166, 'XPF', '953', 'Cfp Franc', 'Fr', NULL, 'Centime', 1, 0, '', '.', ',', 100, 100, 0, '2022-06-10 03:48:48', '2022-06-10 03:48:48'),
(167, 'XPT', '962', 'Platinum', 'oz t', NULL, '', 1, 0, '', '.', ',', 1, 100, 0, '2022-06-10 03:48:48', '2022-06-10 03:48:48'),
(168, 'xts', '963', 'Codes specifically reserved for testing purposes', '', NULL, '', 1, 0, '', '.', ',', 1, 100, 0, '2022-06-10 03:48:48', '2022-06-10 03:48:48'),
(169, 'YER', '886', 'Yemeni Rial', '', NULL, 'Fils', 100, 0, '&#xFDFC;', '.', ',', 100, 100, 0, '2022-06-10 03:48:48', '2022-06-10 03:48:48'),
(170, 'ZAR', '710', 'South African Rand', 'R', NULL, 'Cent', 100, 1, '&#x0052;', '.', ',', 10, 100, 0, '2022-06-10 03:48:48', '2022-06-10 03:48:48'),
(171, 'ZMK', '894', 'Zambian Kwacha', 'ZK', 'ZMK', 'Ngwee', 100, 0, '', '.', ',', 5, 100, 0, '2022-06-10 03:48:49', '2022-06-10 03:48:49'),
(172, 'ZMW', '967', 'Zambian Kwacha', 'ZK', 'ZMW', 'Ngwee', 100, 0, '', '.', ',', 5, 100, 0, '2022-06-10 03:48:49', '2022-06-10 03:48:49'),
(173, 'BTC', '', 'Bitcoin', 'B', NULL, 'Satoshi', 100000000, 1, '', '.', ',', 1, 100, 0, '2022-06-10 03:48:49', '2022-06-10 03:48:49'),
(174, 'JEP', '', 'Jersey Pound', '', 'JEP', 'Penny', 100, 1, '&#x00A3;', '.', ',', 1, 100, 0, '2022-06-10 03:48:49', '2022-06-10 03:48:49'),
(175, 'GGP', '', 'Guernsey Pound', '', 'GGP', 'Penny', 100, 1, '&#x00A3;', '.', ',', 1, 100, 0, '2022-06-10 03:48:49', '2022-06-10 03:48:49'),
(176, 'IMP', '', 'Isle of Man Pound', '', 'IMP', 'Penny', 100, 1, '&#x00A3;', '.', ',', 1, 100, 0, '2022-06-10 03:48:49', '2022-06-10 03:48:49'),
(177, 'XFU', '', 'UIC Franc', '', 'XFU', '', 100, 1, '', '.', ',', 1, 100, 0, '2022-06-10 03:48:49', '2022-06-10 03:48:49');

-- --------------------------------------------------------

--
-- Table structure for table `departments`
--

CREATE TABLE `departments` (
  `id` bigint(20) UNSIGNED NOT NULL,
  `com_id` bigint(20) UNSIGNED DEFAULT NULL,
  `name` varchar(150) COLLATE utf8mb4_unicode_ci NOT NULL,
  `details` varchar(150) COLLATE utf8mb4_unicode_ci DEFAULT NULL,
  `status` tinyint(4) NOT NULL DEFAULT 1,
  `created_at` timestamp NULL DEFAULT NULL,
  `updated_at` timestamp NULL DEFAULT NULL,
  `deleted_at` timestamp NULL DEFAULT NULL,
  `created_by` int(11) NOT NULL DEFAULT 0
) ENGINE=InnoDB DEFAULT CHARSET=utf8mb4 COLLATE=utf8mb4_unicode_ci;

--
-- Dumping data for table `departments`
--

INSERT INTO `departments` (`id`, `com_id`, `name`, `details`, `status`, `created_at`, `updated_at`, `deleted_at`, `created_by`) VALUES
(1, 1, 'Software Department', 'This is Software department', 1, '2022-06-10 03:49:07', NULL, NULL, 0),
(2, 1, 'Accounts Department', 'This is Accounts department', 1, '2022-06-10 03:49:07', NULL, NULL, 0);

-- --------------------------------------------------------

--
-- Table structure for table `designations`
--

CREATE TABLE `designations` (
  `id` bigint(20) UNSIGNED NOT NULL,
  `com_id` bigint(20) UNSIGNED DEFAULT NULL,
  `department_id` bigint(20) UNSIGNED DEFAULT NULL,
  `name` varchar(150) COLLATE utf8mb4_unicode_ci NOT NULL,
  `details` varchar(150) COLLATE utf8mb4_unicode_ci DEFAULT NULL,
  `status` tinyint(4) NOT NULL DEFAULT 1,
  `created_at` timestamp NULL DEFAULT NULL,
  `updated_at` timestamp NULL DEFAULT NULL,
  `deleted_at` timestamp NULL DEFAULT NULL,
  `created_by` int(11) NOT NULL DEFAULT 0
) ENGINE=InnoDB DEFAULT CHARSET=utf8mb4 COLLATE=utf8mb4_unicode_ci;

--
-- Dumping data for table `designations`
--

INSERT INTO `designations` (`id`, `com_id`, `department_id`, `name`, `details`, `status`, `created_at`, `updated_at`, `deleted_at`, `created_by`) VALUES
(1, 1, 2, 'Accounts Designations', 'This is Accounts Designation', 1, '2022-06-10 03:49:07', NULL, NULL, 0),
(2, 1, 1, 'Software Engineers', 'This is Software Engineers Designation', 1, '2022-06-10 03:49:07', NULL, NULL, 0);

-- --------------------------------------------------------

--
-- Table structure for table `documents`
--

CREATE TABLE `documents` (
  `id` bigint(20) UNSIGNED NOT NULL,
  `name` varchar(150) COLLATE utf8mb4_unicode_ci DEFAULT NULL,
  `doc_name` varchar(150) COLLATE utf8mb4_unicode_ci DEFAULT NULL,
  `path` text COLLATE utf8mb4_unicode_ci DEFAULT NULL,
  `ext` varchar(150) COLLATE utf8mb4_unicode_ci DEFAULT NULL,
  `size` varchar(150) COLLATE utf8mb4_unicode_ci DEFAULT NULL,
  `order` int(11) NOT NULL DEFAULT 0,
  `documentable_id` int(10) UNSIGNED NOT NULL,
  `documentable_type` varchar(150) COLLATE utf8mb4_unicode_ci NOT NULL,
  `status` tinyint(4) DEFAULT 0,
  `created_at` timestamp NULL DEFAULT NULL,
  `updated_at` timestamp NULL DEFAULT NULL
) ENGINE=InnoDB DEFAULT CHARSET=utf8mb4 COLLATE=utf8mb4_unicode_ci;

-- --------------------------------------------------------

--
-- Table structure for table `employees`
--

CREATE TABLE `employees` (
  `id` bigint(20) UNSIGNED NOT NULL,
  `employee_index` varchar(150) COLLATE utf8mb4_unicode_ci DEFAULT NULL,
  `com_id` bigint(20) UNSIGNED DEFAULT NULL,
  `branch_id` bigint(20) UNSIGNED DEFAULT NULL,
  `department_id` bigint(20) UNSIGNED DEFAULT NULL,
  `designation_id` bigint(20) UNSIGNED DEFAULT NULL,
  `shift_id` bigint(20) UNSIGNED DEFAULT NULL,
  `type_id` bigint(20) UNSIGNED DEFAULT NULL,
  `leave_policy_id` bigint(20) UNSIGNED DEFAULT NULL,
  `provision_period` int(11) DEFAULT NULL,
  `allow_overtime` tinyint(4) DEFAULT NULL,
  `overtime_allowance` decimal(6,2) DEFAULT NULL,
  `allowance_percent` tinyint(4) DEFAULT NULL,
  `joining_date` date DEFAULT NULL,
  `is_terminate` tinyint(4) DEFAULT NULL,
  `termination_date` date DEFAULT NULL,
  `basic_salary` decimal(20,6) DEFAULT 0.000000,
  `first_name` varchar(150) COLLATE utf8mb4_unicode_ci DEFAULT NULL,
  `last_name` varchar(150) COLLATE utf8mb4_unicode_ci DEFAULT NULL,
  `email` varchar(150) COLLATE utf8mb4_unicode_ci NOT NULL,
  `phone` varchar(150) COLLATE utf8mb4_unicode_ci DEFAULT NULL,
  `dob` date DEFAULT NULL,
  `gender` enum('Male','Female','Other') COLLATE utf8mb4_unicode_ci DEFAULT NULL,
  `marital_status` enum('Single','Married','Widowed') COLLATE utf8mb4_unicode_ci DEFAULT 'Single',
  `card_no` varchar(150) COLLATE utf8mb4_unicode_ci DEFAULT NULL,
  `status` tinyint(4) DEFAULT NULL,
  `device_id` varchar(10) COLLATE utf8mb4_unicode_ci DEFAULT NULL,
  `created_at` timestamp NULL DEFAULT NULL,
  `updated_at` timestamp NULL DEFAULT NULL,
  `deleted_at` timestamp NULL DEFAULT NULL,
  `created_by` int(11) DEFAULT NULL,
  `updated_by` int(11) DEFAULT NULL,
  `is_updated` tinyint(4) DEFAULT NULL
) ENGINE=InnoDB DEFAULT CHARSET=utf8mb4 COLLATE=utf8mb4_unicode_ci;

--
-- Dumping data for table `employees`
--

INSERT INTO `employees` (`id`, `employee_index`, `com_id`, `branch_id`, `department_id`, `designation_id`, `shift_id`, `type_id`, `leave_policy_id`, `provision_period`, `allow_overtime`, `overtime_allowance`, `allowance_percent`, `joining_date`, `is_terminate`, `termination_date`, `basic_salary`, `first_name`, `last_name`, `email`, `phone`, `dob`, `gender`, `marital_status`, `card_no`, `status`, `device_id`, `created_at`, `updated_at`, `deleted_at`, `created_by`, `updated_by`, `is_updated`) VALUES
(1, 'DC0005', 1, NULL, 1, 2, 1, 1, NULL, 1, NULL, NULL, NULL, NULL, NULL, NULL, '0.000000', 'Employee', '0', 'employee0@demo.com', '4261979', NULL, NULL, 'Single', NULL, 1, NULL, '2022-06-10 03:49:04', NULL, NULL, NULL, NULL, NULL),
(2, 'DC0006', 1, NULL, 1, 2, 1, 2, NULL, 0, NULL, NULL, NULL, NULL, NULL, NULL, '0.000000', 'Employee', '1', 'employee1@demo.com', '2380828', NULL, NULL, 'Single', NULL, 1, NULL, '2022-06-10 03:49:05', NULL, NULL, NULL, NULL, NULL),
(3, 'DC0007', 1, NULL, 1, 2, 1, 1, NULL, 1, NULL, NULL, NULL, NULL, NULL, NULL, '0.000000', 'Employee', '2', 'employee2@demo.com', '5325797', NULL, NULL, 'Single', NULL, 1, NULL, '2022-06-10 03:49:05', NULL, NULL, NULL, NULL, NULL),
(4, 'DC0008', 1, NULL, 1, 2, 1, 2, NULL, 0, NULL, NULL, NULL, NULL, NULL, NULL, '0.000000', 'Employee', '3', 'employee3@demo.com', '4559153', NULL, NULL, 'Single', NULL, 1, NULL, '2022-06-10 03:49:05', NULL, NULL, NULL, NULL, NULL),
(5, 'DC0009', 1, NULL, 1, 2, 1, 1, NULL, 1, NULL, NULL, NULL, NULL, NULL, NULL, '0.000000', 'Employee', '4', 'employee4@demo.com', '7229964', NULL, NULL, 'Single', NULL, 1, NULL, '2022-06-10 03:49:05', NULL, NULL, NULL, NULL, NULL),
(6, 'DC0010', 1, 1, 2, 1, 1, 2, NULL, 0, NULL, NULL, NULL, NULL, NULL, NULL, '0.000000', 'Employee', '5', 'employee5@demo.com', '2974415', NULL, NULL, 'Single', NULL, 1, NULL, '2022-06-10 03:49:05', NULL, NULL, NULL, NULL, NULL),
(7, 'DC0011', 1, 1, 2, 1, 1, 1, NULL, 1, NULL, NULL, NULL, NULL, NULL, NULL, '0.000000', 'Employee', '6', 'employee6@demo.com', '2137134', NULL, NULL, 'Single', NULL, 1, NULL, '2022-06-10 03:49:06', NULL, NULL, NULL, NULL, NULL),
(8, 'DC0012', 1, 1, 2, 1, 1, 2, NULL, 0, NULL, NULL, NULL, NULL, NULL, NULL, '0.000000', 'Employee', '7', 'employee7@demo.com', '2456036', NULL, NULL, 'Single', NULL, 1, NULL, '2022-06-10 03:49:06', NULL, NULL, NULL, NULL, NULL),
(9, 'DC0013', 1, 1, 2, 1, 1, 1, NULL, 1, NULL, NULL, NULL, NULL, NULL, NULL, '0.000000', 'Employee', '8', 'employee8@demo.com', '1643795', NULL, NULL, 'Single', NULL, 1, NULL, '2022-06-10 03:49:07', NULL, NULL, NULL, NULL, NULL),
(10, 'DC0014', 1, 1, 2, 1, 1, 2, NULL, 0, NULL, NULL, NULL, NULL, NULL, NULL, '0.000000', 'Employee', '9', 'employee9@demo.com', '8022394', NULL, NULL, 'Single', NULL, 1, NULL, '2022-06-10 03:49:07', NULL, NULL, NULL, NULL, NULL);

-- --------------------------------------------------------

--
-- Table structure for table `employee_educations`
--

CREATE TABLE `employee_educations` (
  `id` bigint(20) UNSIGNED NOT NULL,
  `employee_id` bigint(20) UNSIGNED DEFAULT NULL,
  `exam_title` varchar(150) COLLATE utf8mb4_unicode_ci DEFAULT NULL,
  `institute` varchar(150) COLLATE utf8mb4_unicode_ci DEFAULT NULL,
  `passing_year` varchar(150) COLLATE utf8mb4_unicode_ci DEFAULT NULL,
  `cgpa` varchar(150) COLLATE utf8mb4_unicode_ci DEFAULT NULL,
  `out_of` varchar(150) COLLATE utf8mb4_unicode_ci DEFAULT NULL,
  `status` tinyint(4) DEFAULT 0,
  `created_at` timestamp NULL DEFAULT NULL,
  `updated_at` timestamp NULL DEFAULT NULL
) ENGINE=InnoDB DEFAULT CHARSET=utf8mb4 COLLATE=utf8mb4_unicode_ci;

-- --------------------------------------------------------

--
-- Table structure for table `employee_types`
--

CREATE TABLE `employee_types` (
  `id` bigint(20) UNSIGNED NOT NULL,
  `com_id` bigint(20) UNSIGNED DEFAULT NULL,
  `name` varchar(150) COLLATE utf8mb4_unicode_ci DEFAULT NULL,
  `allow_company_facility` tinyint(4) DEFAULT 0,
  `details` text COLLATE utf8mb4_unicode_ci DEFAULT NULL,
  `status` tinyint(4) NOT NULL DEFAULT 0,
  `created_by` int(11) NOT NULL DEFAULT 0,
  `created_at` timestamp NULL DEFAULT NULL,
  `updated_at` timestamp NULL DEFAULT NULL,
  `deleted_at` timestamp NULL DEFAULT NULL
) ENGINE=InnoDB DEFAULT CHARSET=utf8mb4 COLLATE=utf8mb4_unicode_ci;

--
-- Dumping data for table `employee_types`
--

INSERT INTO `employee_types` (`id`, `com_id`, `name`, `allow_company_facility`, `details`, `status`, `created_by`, `created_at`, `updated_at`, `deleted_at`) VALUES
(1, 1, 'Permanent', 0, 'Employee type permanent', 1, 0, '2022-06-10 03:49:04', NULL, NULL),
(2, 1, 'Contractual', 0, 'Employee type contractual', 1, 0, '2022-06-10 03:49:04', NULL, NULL);

-- --------------------------------------------------------

--
-- Table structure for table `failed_jobs`
--

CREATE TABLE `failed_jobs` (
  `id` bigint(20) UNSIGNED NOT NULL,
  `uuid` varchar(150) COLLATE utf8mb4_unicode_ci NOT NULL,
  `connection` text COLLATE utf8mb4_unicode_ci NOT NULL,
  `queue` text COLLATE utf8mb4_unicode_ci NOT NULL,
  `payload` longtext COLLATE utf8mb4_unicode_ci NOT NULL,
  `exception` longtext COLLATE utf8mb4_unicode_ci NOT NULL,
  `failed_at` timestamp NOT NULL DEFAULT current_timestamp()
) ENGINE=InnoDB DEFAULT CHARSET=utf8mb4 COLLATE=utf8mb4_unicode_ci;

-- --------------------------------------------------------

--
-- Table structure for table `holidays`
--

CREATE TABLE `holidays` (
  `id` bigint(20) UNSIGNED NOT NULL,
  `com_id` bigint(20) UNSIGNED DEFAULT NULL,
  `occasion` varchar(150) COLLATE utf8mb4_unicode_ci NOT NULL,
  `start_date` date NOT NULL,
  `end_date` date NOT NULL,
  `days` int(11) NOT NULL,
  `holiday_year` year(4) DEFAULT NULL,
  `holiday_month` varchar(10) COLLATE utf8mb4_unicode_ci DEFAULT NULL,
  `status` tinyint(4) NOT NULL DEFAULT 0,
  `created_by` int(11) NOT NULL DEFAULT 0,
  `created_at` timestamp NULL DEFAULT NULL,
  `updated_at` timestamp NULL DEFAULT NULL,
  `deleted_at` timestamp NULL DEFAULT NULL
) ENGINE=InnoDB DEFAULT CHARSET=utf8mb4 COLLATE=utf8mb4_unicode_ci;

--
-- Dumping data for table `holidays`
--

INSERT INTO `holidays` (`id`, `com_id`, `occasion`, `start_date`, `end_date`, `days`, `holiday_year`, `holiday_month`, `status`, `created_by`, `created_at`, `updated_at`, `deleted_at`) VALUES
(1, 1, 'Friday', '2021-06-04', '2021-06-04', 1, 2021, '06', 1, 0, NULL, NULL, NULL),
(2, 1, 'Friday', '2021-06-11', '2021-06-11', 1, 2021, '06', 1, 0, NULL, NULL, NULL),
(3, 1, 'Friday', '2021-06-18', '2021-06-18', 1, 2021, '06', 1, 0, NULL, NULL, NULL),
(4, 1, 'Friday', '2021-06-25', '2021-06-25', 1, 2021, '06', 1, 0, NULL, NULL, NULL),
(5, 1, 'Friday', '2021-07-02', '2021-07-02', 1, 2021, '07', 1, 0, NULL, NULL, NULL),
(6, 1, 'Friday', '2021-07-09', '2021-07-09', 1, 2021, '07', 1, 0, NULL, NULL, NULL),
(7, 1, 'Friday', '2021-07-16', '2021-07-16', 1, 2021, '07', 1, 0, NULL, NULL, NULL),
(8, 1, 'Friday', '2021-07-23', '2021-07-23', 1, 2021, '07', 1, 0, NULL, NULL, NULL),
(9, 1, 'Friday', '2021-07-30', '2021-07-30', 1, 2021, '07', 1, 0, NULL, NULL, NULL),
(10, 1, 'Friday', '2021-08-06', '2021-08-06', 1, 2021, '08', 1, 0, NULL, NULL, NULL),
(11, 1, 'Friday', '2021-08-13', '2021-08-13', 1, 2021, '08', 1, 0, NULL, NULL, NULL),
(12, 1, 'Friday', '2021-08-20', '2021-08-20', 1, 2021, '08', 1, 0, NULL, NULL, NULL),
(13, 1, 'Friday', '2021-08-27', '2021-08-27', 1, 2021, '08', 1, 0, NULL, NULL, NULL),
(14, 1, 'Friday', '2021-09-03', '2021-09-03', 1, 2021, '09', 1, 0, NULL, NULL, NULL),
(15, 1, 'Friday', '2021-09-10', '2021-09-10', 1, 2021, '09', 1, 0, NULL, NULL, NULL),
(16, 1, 'Friday', '2021-09-17', '2021-09-17', 1, 2021, '09', 1, 0, NULL, NULL, NULL),
(17, 1, 'Friday', '2021-09-24', '2021-09-24', 1, 2021, '09', 1, 0, NULL, NULL, NULL),
(18, 1, 'Friday', '2021-10-01', '2021-10-01', 1, 2021, '10', 1, 0, NULL, NULL, NULL),
(19, 1, 'Friday', '2021-10-08', '2021-10-08', 1, 2021, '10', 1, 0, NULL, NULL, NULL),
(20, 1, 'Friday', '2021-10-15', '2021-10-15', 1, 2021, '10', 1, 0, NULL, NULL, NULL),
(21, 1, 'Friday', '2021-10-22', '2021-10-22', 1, 2021, '10', 1, 0, NULL, NULL, NULL),
(22, 1, 'Friday', '2021-10-29', '2021-10-29', 1, 2021, '10', 1, 0, NULL, NULL, NULL),
(23, 1, 'Friday', '2021-11-05', '2021-11-05', 1, 2021, '11', 1, 0, NULL, NULL, NULL),
(24, 1, 'Friday', '2021-11-12', '2021-11-12', 1, 2021, '11', 1, 0, NULL, NULL, NULL),
(25, 1, 'Friday', '2021-11-19', '2021-11-19', 1, 2021, '11', 1, 0, NULL, NULL, NULL),
(26, 1, 'Friday', '2021-11-26', '2021-11-26', 1, 2021, '11', 1, 0, NULL, NULL, NULL),
(27, 1, 'Friday', '2021-12-03', '2021-12-03', 1, 2021, '12', 1, 0, NULL, NULL, NULL),
(28, 1, 'Friday', '2021-12-10', '2021-12-10', 1, 2021, '12', 1, 0, NULL, NULL, NULL),
(29, 1, 'Friday', '2021-12-17', '2021-12-17', 1, 2021, '12', 1, 0, NULL, NULL, NULL),
(30, 1, 'Friday', '2021-12-24', '2021-12-24', 1, 2021, '12', 1, 0, NULL, NULL, NULL),
(31, 1, 'Friday', '2021-12-31', '2021-12-31', 1, 2021, '12', 1, 0, NULL, NULL, NULL),
(32, 1, 'Friday', '2022-01-07', '2022-01-07', 1, 2022, '01', 1, 0, NULL, NULL, NULL),
(33, 1, 'Friday', '2022-01-14', '2022-01-14', 1, 2022, '01', 1, 0, NULL, NULL, NULL),
(34, 1, 'Friday', '2022-01-21', '2022-01-21', 1, 2022, '01', 1, 0, NULL, NULL, NULL),
(35, 1, 'Friday', '2022-01-28', '2022-01-28', 1, 2022, '01', 1, 0, NULL, NULL, NULL),
(36, 1, 'Friday', '2022-02-04', '2022-02-04', 1, 2022, '02', 1, 0, NULL, NULL, NULL),
(37, 1, 'Friday', '2022-02-11', '2022-02-11', 1, 2022, '02', 1, 0, NULL, NULL, NULL),
(38, 1, 'Friday', '2022-02-18', '2022-02-18', 1, 2022, '02', 1, 0, NULL, NULL, NULL),
(39, 1, 'Friday', '2022-02-25', '2022-02-25', 1, 2022, '02', 1, 0, NULL, NULL, NULL),
(40, 1, 'Friday', '2022-03-04', '2022-03-04', 1, 2022, '03', 1, 0, NULL, NULL, NULL),
(41, 1, 'Friday', '2022-03-11', '2022-03-11', 1, 2022, '03', 1, 0, NULL, NULL, NULL),
(42, 1, 'Friday', '2022-03-18', '2022-03-18', 1, 2022, '03', 1, 0, NULL, NULL, NULL),
(43, 1, 'Friday', '2022-03-25', '2022-03-25', 1, 2022, '03', 1, 0, NULL, NULL, NULL),
(44, 1, 'Friday', '2022-04-01', '2022-04-01', 1, 2022, '04', 1, 0, NULL, NULL, NULL),
(45, 1, 'Friday', '2022-04-08', '2022-04-08', 1, 2022, '04', 1, 0, NULL, NULL, NULL),
(46, 1, 'Friday', '2022-04-15', '2022-04-15', 1, 2022, '04', 1, 0, NULL, NULL, NULL),
(47, 1, 'Friday', '2022-04-22', '2022-04-22', 1, 2022, '04', 1, 0, NULL, NULL, NULL),
(48, 1, 'Friday', '2022-04-29', '2022-04-29', 1, 2022, '04', 1, 0, NULL, NULL, NULL),
(49, 1, 'Friday', '2022-05-06', '2022-05-06', 1, 2022, '05', 1, 0, NULL, NULL, NULL),
(50, 1, 'Friday', '2022-05-13', '2022-05-13', 1, 2022, '05', 1, 0, NULL, NULL, NULL),
(51, 1, 'Friday', '2022-05-20', '2022-05-20', 1, 2022, '05', 1, 0, NULL, NULL, NULL),
(52, 1, 'Friday', '2022-05-27', '2022-05-27', 1, 2022, '05', 1, 0, NULL, NULL, NULL);

-- --------------------------------------------------------

--
-- Table structure for table `images`
--

CREATE TABLE `images` (
  `id` bigint(20) UNSIGNED NOT NULL,
  `path` text COLLATE utf8mb4_unicode_ci NOT NULL,
  `name` text COLLATE utf8mb4_unicode_ci DEFAULT NULL,
  `extension` varchar(150) COLLATE utf8mb4_unicode_ci DEFAULT NULL,
  `size` varchar(150) COLLATE utf8mb4_unicode_ci DEFAULT '0',
  `order` int(11) NOT NULL DEFAULT 0,
  `type` varchar(150) COLLATE utf8mb4_unicode_ci DEFAULT NULL,
  `imageable_id` int(10) UNSIGNED NOT NULL,
  `imageable_type` varchar(150) COLLATE utf8mb4_unicode_ci NOT NULL,
  `created_at` timestamp NULL DEFAULT NULL,
  `updated_at` timestamp NULL DEFAULT NULL
) ENGINE=InnoDB DEFAULT CHARSET=utf8mb4 COLLATE=utf8mb4_unicode_ci;

--
-- Dumping data for table `images`
--

INSERT INTO `images` (`id`, `path`, `name`, `extension`, `size`, `order`, `type`, `imageable_id`, `imageable_type`, `created_at`, `updated_at`) VALUES
(1, 'images\\logo.png', 'logo.png', 'png', '0', 0, 'logo', 1, 'App\\Models\\SystemSetting', '2022-06-10 03:48:01', '2022-06-10 03:48:01'),
(2, 'images\\user.jpg', 'user.jpg', 'jpg', '0', 0, 'profile', 1, 'Modules\\Branch\\Entities\\Branch', '2022-06-10 03:49:03', '2022-06-10 03:49:03'),
(3, 'images\\user.jpg', 'user.jpg', 'jpg', '0', 0, 'profile', 1, 'Modules\\Company\\Entities\\Company', '2022-06-10 03:49:03', '2022-06-10 03:49:03'),
(4, 'images\\user.jpg', 'user.jpg', 'jpg', '0', 0, 'profile', 1, 'Modules\\User\\Entities\\Profile', '2022-06-10 03:49:17', '2022-06-10 03:49:17'),
(5, 'images\\user.jpg', 'user.jpg', 'jpg', '0', 0, 'profile', 2, 'Modules\\User\\Entities\\Profile', '2022-06-10 03:49:17', '2022-06-10 03:49:17');

-- --------------------------------------------------------

--
-- Table structure for table `in_out_logs`
--

CREATE TABLE `in_out_logs` (
  `id` bigint(20) UNSIGNED NOT NULL,
  `user_id` int(10) UNSIGNED NOT NULL,
  `in_time` time DEFAULT NULL,
  `out_time` time DEFAULT NULL,
  `time_calc` double DEFAULT NULL,
  `date` date DEFAULT NULL,
  `created_at` timestamp NULL DEFAULT NULL,
  `updated_at` timestamp NULL DEFAULT NULL
) ENGINE=InnoDB DEFAULT CHARSET=utf8mb4 COLLATE=utf8mb4_unicode_ci;

-- --------------------------------------------------------

--
-- Table structure for table `jobs`
--

CREATE TABLE `jobs` (
  `id` bigint(20) UNSIGNED NOT NULL,
  `queue` varchar(150) COLLATE utf8mb4_unicode_ci NOT NULL,
  `payload` longtext COLLATE utf8mb4_unicode_ci NOT NULL,
  `attempts` tinyint(3) UNSIGNED NOT NULL,
  `reserved_at` int(10) UNSIGNED DEFAULT NULL,
  `available_at` int(10) UNSIGNED NOT NULL,
  `created_at` int(10) UNSIGNED NOT NULL
) ENGINE=InnoDB DEFAULT CHARSET=utf8mb4 COLLATE=utf8mb4_unicode_ci;

-- --------------------------------------------------------

--
-- Table structure for table `leave_applications`
--

CREATE TABLE `leave_applications` (
  `id` bigint(20) UNSIGNED NOT NULL,
  `com_id` bigint(20) UNSIGNED DEFAULT NULL,
  `branch_id` bigint(20) UNSIGNED DEFAULT NULL,
  `type_id` bigint(20) UNSIGNED DEFAULT NULL,
  `employee_id` bigint(20) UNSIGNED DEFAULT NULL,
  `leave_for` enum('days','hour') COLLATE utf8mb4_unicode_ci DEFAULT 'days',
  `start_date` date DEFAULT NULL,
  `end_date` date DEFAULT NULL,
  `leave_hour_date` date DEFAULT NULL,
  `leave_hour` decimal(6,2) DEFAULT NULL,
  `details` text COLLATE utf8mb4_unicode_ci DEFAULT NULL,
  `leave_days` int(11) DEFAULT NULL,
  `created_by` int(11) NOT NULL DEFAULT 0,
  `approval_status` tinyint(4) DEFAULT 0,
  `approved_by` int(11) DEFAULT 0,
  `created_at` timestamp NULL DEFAULT NULL,
  `updated_at` timestamp NULL DEFAULT NULL
) ENGINE=InnoDB DEFAULT CHARSET=utf8mb4 COLLATE=utf8mb4_unicode_ci;

--
-- Dumping data for table `leave_applications`
--

INSERT INTO `leave_applications` (`id`, `com_id`, `branch_id`, `type_id`, `employee_id`, `leave_for`, `start_date`, `end_date`, `leave_hour_date`, `leave_hour`, `details`, `leave_days`, `created_by`, `approval_status`, `approved_by`, `created_at`, `updated_at`) VALUES
(1, 1, 1, 1, 1, 'days', '2022-01-29', '2022-01-31', NULL, NULL, 'demo leave for days', 3, 0, 1, 0, '2022-01-29 17:59:59', '2022-01-31 17:59:59'),
(2, 1, NULL, 1, 2, 'days', '2022-01-29', '2022-01-31', NULL, NULL, 'demo leave for days', 3, 0, 0, 0, '2022-01-29 17:59:59', '2022-01-31 17:59:59'),
(3, 1, 1, 1, 3, 'days', '2022-01-29', '2022-01-31', NULL, NULL, 'demo leave for days', 3, 0, 1, 0, '2022-01-29 17:59:59', '2022-01-31 17:59:59'),
(4, 1, NULL, 1, 4, 'days', '2022-01-29', '2022-01-31', NULL, NULL, 'demo leave for days', 3, 0, 0, 0, '2022-01-29 17:59:59', '2022-01-31 17:59:59'),
(5, 1, 1, 1, 5, 'days', '2022-01-29', '2022-01-31', NULL, NULL, 'demo leave for days', 3, 0, 1, 0, '2022-01-29 17:59:59', '2022-01-31 17:59:59'),
(6, 1, NULL, 1, 6, 'days', '2022-01-29', '2022-01-31', NULL, NULL, 'demo leave for days', 3, 0, 0, 0, '2022-01-29 17:59:59', '2022-01-31 17:59:59'),
(7, 1, 1, 1, 7, 'days', '2022-01-29', '2022-01-31', NULL, NULL, 'demo leave for days', 3, 0, 1, 0, '2022-01-29 17:59:59', '2022-01-31 17:59:59'),
(8, 1, NULL, 1, 8, 'days', '2022-01-29', '2022-01-31', NULL, NULL, 'demo leave for days', 3, 0, 0, 0, '2022-01-29 17:59:59', '2022-01-31 17:59:59'),
(9, 1, 1, 1, 9, 'days', '2022-01-29', '2022-01-31', NULL, NULL, 'demo leave for days', 3, 0, 1, 0, '2022-01-29 17:59:59', '2022-01-31 17:59:59'),
(10, 1, NULL, 1, 10, 'days', '2022-01-29', '2022-01-31', NULL, NULL, 'demo leave for days', 3, 0, 0, 0, '2022-01-29 17:59:59', '2022-01-31 17:59:59'),
(11, 1, 1, 1, 1, 'days', '2022-02-26', '2022-02-28', NULL, NULL, 'demo leave for days', 3, 0, 1, 0, '2022-02-26 17:59:59', '2022-02-28 17:59:59'),
(12, 1, NULL, 1, 2, 'days', '2022-02-26', '2022-02-28', NULL, NULL, 'demo leave for days', 3, 0, 0, 0, '2022-02-26 17:59:59', '2022-02-28 17:59:59'),
(13, 1, 1, 1, 3, 'days', '2022-02-26', '2022-02-28', NULL, NULL, 'demo leave for days', 3, 0, 1, 0, '2022-02-26 17:59:59', '2022-02-28 17:59:59'),
(14, 1, NULL, 1, 4, 'days', '2022-02-26', '2022-02-28', NULL, NULL, 'demo leave for days', 3, 0, 0, 0, '2022-02-26 17:59:59', '2022-02-28 17:59:59'),
(15, 1, 1, 1, 5, 'days', '2022-02-26', '2022-02-28', NULL, NULL, 'demo leave for days', 3, 0, 1, 0, '2022-02-26 17:59:59', '2022-02-28 17:59:59'),
(16, 1, NULL, 1, 6, 'days', '2022-02-26', '2022-02-28', NULL, NULL, 'demo leave for days', 3, 0, 0, 0, '2022-02-26 17:59:59', '2022-02-28 17:59:59'),
(17, 1, 1, 1, 7, 'days', '2022-02-26', '2022-02-28', NULL, NULL, 'demo leave for days', 3, 0, 1, 0, '2022-02-26 17:59:59', '2022-02-28 17:59:59'),
(18, 1, NULL, 1, 8, 'days', '2022-02-26', '2022-02-28', NULL, NULL, 'demo leave for days', 3, 0, 0, 0, '2022-02-26 17:59:59', '2022-02-28 17:59:59'),
(19, 1, 1, 1, 9, 'days', '2022-02-26', '2022-02-28', NULL, NULL, 'demo leave for days', 3, 0, 1, 0, '2022-02-26 17:59:59', '2022-02-28 17:59:59'),
(20, 1, NULL, 1, 10, 'days', '2022-02-26', '2022-02-28', NULL, NULL, 'demo leave for days', 3, 0, 0, 0, '2022-02-26 17:59:59', '2022-02-28 17:59:59'),
(21, 1, 1, 1, 1, 'days', '2022-03-29', '2022-03-31', NULL, NULL, 'demo leave for days', 3, 0, 1, 0, '2022-03-29 17:59:59', '2022-03-31 17:59:59'),
(22, 1, NULL, 1, 2, 'days', '2022-03-29', '2022-03-31', NULL, NULL, 'demo leave for days', 3, 0, 0, 0, '2022-03-29 17:59:59', '2022-03-31 17:59:59'),
(23, 1, 1, 1, 3, 'days', '2022-03-29', '2022-03-31', NULL, NULL, 'demo leave for days', 3, 0, 1, 0, '2022-03-29 17:59:59', '2022-03-31 17:59:59'),
(24, 1, NULL, 1, 4, 'days', '2022-03-29', '2022-03-31', NULL, NULL, 'demo leave for days', 3, 0, 0, 0, '2022-03-29 17:59:59', '2022-03-31 17:59:59'),
(25, 1, 1, 1, 5, 'days', '2022-03-29', '2022-03-31', NULL, NULL, 'demo leave for days', 3, 0, 1, 0, '2022-03-29 17:59:59', '2022-03-31 17:59:59'),
(26, 1, NULL, 1, 6, 'days', '2022-03-29', '2022-03-31', NULL, NULL, 'demo leave for days', 3, 0, 0, 0, '2022-03-29 17:59:59', '2022-03-31 17:59:59'),
(27, 1, 1, 1, 7, 'days', '2022-03-29', '2022-03-31', NULL, NULL, 'demo leave for days', 3, 0, 1, 0, '2022-03-29 17:59:59', '2022-03-31 17:59:59'),
(28, 1, NULL, 1, 8, 'days', '2022-03-29', '2022-03-31', NULL, NULL, 'demo leave for days', 3, 0, 0, 0, '2022-03-29 17:59:59', '2022-03-31 17:59:59'),
(29, 1, 1, 1, 9, 'days', '2022-03-29', '2022-03-31', NULL, NULL, 'demo leave for days', 3, 0, 1, 0, '2022-03-29 17:59:59', '2022-03-31 17:59:59'),
(30, 1, NULL, 1, 10, 'days', '2022-03-29', '2022-03-31', NULL, NULL, 'demo leave for days', 3, 0, 0, 0, '2022-03-29 17:59:59', '2022-03-31 17:59:59'),
(31, 1, 1, 1, 1, 'days', '2022-04-28', '2022-04-30', NULL, NULL, 'demo leave for days', 3, 0, 1, 0, '2022-04-28 17:59:59', '2022-04-30 17:59:59'),
(32, 1, NULL, 1, 2, 'days', '2022-04-28', '2022-04-30', NULL, NULL, 'demo leave for days', 3, 0, 0, 0, '2022-04-28 17:59:59', '2022-04-30 17:59:59'),
(33, 1, 1, 1, 3, 'days', '2022-04-28', '2022-04-30', NULL, NULL, 'demo leave for days', 3, 0, 1, 0, '2022-04-28 17:59:59', '2022-04-30 17:59:59'),
(34, 1, NULL, 1, 4, 'days', '2022-04-28', '2022-04-30', NULL, NULL, 'demo leave for days', 3, 0, 0, 0, '2022-04-28 17:59:59', '2022-04-30 17:59:59'),
(35, 1, 1, 1, 5, 'days', '2022-04-28', '2022-04-30', NULL, NULL, 'demo leave for days', 3, 0, 1, 0, '2022-04-28 17:59:59', '2022-04-30 17:59:59'),
(36, 1, NULL, 1, 6, 'days', '2022-04-28', '2022-04-30', NULL, NULL, 'demo leave for days', 3, 0, 0, 0, '2022-04-28 17:59:59', '2022-04-30 17:59:59'),
(37, 1, 1, 1, 7, 'days', '2022-04-28', '2022-04-30', NULL, NULL, 'demo leave for days', 3, 0, 1, 0, '2022-04-28 17:59:59', '2022-04-30 17:59:59'),
(38, 1, NULL, 1, 8, 'days', '2022-04-28', '2022-04-30', NULL, NULL, 'demo leave for days', 3, 0, 0, 0, '2022-04-28 17:59:59', '2022-04-30 17:59:59'),
(39, 1, 1, 1, 9, 'days', '2022-04-28', '2022-04-30', NULL, NULL, 'demo leave for days', 3, 0, 1, 0, '2022-04-28 17:59:59', '2022-04-30 17:59:59'),
(40, 1, NULL, 1, 10, 'days', '2022-04-28', '2022-04-30', NULL, NULL, 'demo leave for days', 3, 0, 0, 0, '2022-04-28 17:59:59', '2022-04-30 17:59:59'),
(41, 1, 1, 1, 1, 'days', '2022-05-29', '2022-05-31', NULL, NULL, 'demo leave for days', 3, 0, 1, 0, '2022-05-29 17:59:59', '2022-05-31 17:59:59'),
(42, 1, NULL, 1, 2, 'days', '2022-05-29', '2022-05-31', NULL, NULL, 'demo leave for days', 3, 0, 0, 0, '2022-05-29 17:59:59', '2022-05-31 17:59:59'),
(43, 1, 1, 1, 3, 'days', '2022-05-29', '2022-05-31', NULL, NULL, 'demo leave for days', 3, 0, 1, 0, '2022-05-29 17:59:59', '2022-05-31 17:59:59'),
(44, 1, NULL, 1, 4, 'days', '2022-05-29', '2022-05-31', NULL, NULL, 'demo leave for days', 3, 0, 0, 0, '2022-05-29 17:59:59', '2022-05-31 17:59:59'),
(45, 1, 1, 1, 5, 'days', '2022-05-29', '2022-05-31', NULL, NULL, 'demo leave for days', 3, 0, 1, 0, '2022-05-29 17:59:59', '2022-05-31 17:59:59'),
(46, 1, NULL, 1, 6, 'days', '2022-05-29', '2022-05-31', NULL, NULL, 'demo leave for days', 3, 0, 0, 0, '2022-05-29 17:59:59', '2022-05-31 17:59:59'),
(47, 1, 1, 1, 7, 'days', '2022-05-29', '2022-05-31', NULL, NULL, 'demo leave for days', 3, 0, 1, 0, '2022-05-29 17:59:59', '2022-05-31 17:59:59'),
(48, 1, NULL, 1, 8, 'days', '2022-05-29', '2022-05-31', NULL, NULL, 'demo leave for days', 3, 0, 0, 0, '2022-05-29 17:59:59', '2022-05-31 17:59:59'),
(49, 1, 1, 1, 9, 'days', '2022-05-29', '2022-05-31', NULL, NULL, 'demo leave for days', 3, 0, 1, 0, '2022-05-29 17:59:59', '2022-05-31 17:59:59'),
(50, 1, NULL, 1, 10, 'days', '2022-05-29', '2022-05-31', NULL, NULL, 'demo leave for days', 3, 0, 0, 0, '2022-05-29 17:59:59', '2022-05-31 17:59:59');

-- --------------------------------------------------------

--
-- Table structure for table `leave_policies`
--

CREATE TABLE `leave_policies` (
  `id` bigint(20) UNSIGNED NOT NULL,
  `com_id` bigint(20) UNSIGNED DEFAULT NULL,
  `type_id` longtext CHARACTER SET utf8mb4 COLLATE utf8mb4_bin DEFAULT NULL CHECK (json_valid(`type_id`)),
  `name` varchar(150) COLLATE utf8mb4_unicode_ci DEFAULT NULL,
  `days` int(11) DEFAULT NULL,
  `apply_at` enum('joining_date','after_provision') COLLATE utf8mb4_unicode_ci NOT NULL DEFAULT 'after_provision',
  `details` text COLLATE utf8mb4_unicode_ci DEFAULT NULL,
  `status` tinyint(4) NOT NULL DEFAULT 1,
  `created_by` int(11) NOT NULL DEFAULT 0,
  `created_at` timestamp NULL DEFAULT NULL,
  `updated_at` timestamp NULL DEFAULT NULL,
  `deleted_at` timestamp NULL DEFAULT NULL
) ENGINE=InnoDB DEFAULT CHARSET=utf8mb4 COLLATE=utf8mb4_unicode_ci;

--
-- Dumping data for table `leave_policies`
--

INSERT INTO `leave_policies` (`id`, `com_id`, `type_id`, `name`, `days`, `apply_at`, `details`, `status`, `created_by`, `created_at`, `updated_at`, `deleted_at`) VALUES
(1, 1, '\"[1,2,3]\"', 'Permanent Policy', NULL, 'joining_date', 'This will allow employee to know how much leave he will get from company.', 1, 0, '2022-06-10 03:49:07', NULL, NULL),
(2, 1, '\"[3,2,1]\"', 'Provision period Policy', NULL, 'after_provision', 'This will allow employee to know how much leave he will get from company.', 1, 0, '2022-06-10 03:49:07', NULL, NULL),
(3, 1, '\"[3,2,1]\"', 'Contractual Policy', NULL, 'after_provision', 'this is contractual policy.', 1, 0, '2022-06-10 03:49:07', NULL, NULL);

-- --------------------------------------------------------

--
-- Table structure for table `leave_types`
--

CREATE TABLE `leave_types` (
  `id` bigint(20) UNSIGNED NOT NULL,
  `com_id` bigint(20) UNSIGNED DEFAULT NULL,
  `name` varchar(150) COLLATE utf8mb4_unicode_ci DEFAULT NULL,
  `type` varchar(20) COLLATE utf8mb4_unicode_ci DEFAULT NULL,
  `days` int(11) DEFAULT NULL,
  `details` text COLLATE utf8mb4_unicode_ci DEFAULT NULL,
  `status` tinyint(4) DEFAULT NULL,
  `created_at` timestamp NULL DEFAULT NULL,
  `updated_at` timestamp NULL DEFAULT NULL,
  `deleted_at` timestamp NULL DEFAULT NULL
) ENGINE=InnoDB DEFAULT CHARSET=utf8mb4 COLLATE=utf8mb4_unicode_ci;

--
-- Dumping data for table `leave_types`
--

INSERT INTO `leave_types` (`id`, `com_id`, `name`, `type`, `days`, `details`, `status`, `created_at`, `updated_at`, `deleted_at`) VALUES
(1, 1, 'Sick', 'Paid', 10, 'employee will eligible for this when get sick', 1, NULL, NULL, NULL),
(2, 1, 'Casual', 'Paid', 10, 'employee always eligible fot this', 1, NULL, NULL, NULL),
(3, 1, 'Occasion', 'Paid', 10, 'employee will eligible for this in specific occasion', 1, NULL, NULL, NULL),
(4, 1, 'Emergency', 'Unpaid', 10, 'employee will eligible for this in any emergency case', 1, NULL, NULL, NULL),
(5, 1, 'Pregnancy', 'Paid', 10, 'only women employee will eligible for this in her pregnancy time', 1, NULL, NULL, NULL);

-- --------------------------------------------------------

--
-- Table structure for table `menu`
--

CREATE TABLE `menu` (
  `id` bigint(20) UNSIGNED NOT NULL,
  `submodule_id` bigint(20) UNSIGNED DEFAULT NULL,
  `name` varchar(150) COLLATE utf8mb4_unicode_ci NOT NULL,
  `url` varchar(150) COLLATE utf8mb4_unicode_ci DEFAULT NULL,
  `action` varchar(150) COLLATE utf8mb4_unicode_ci DEFAULT NULL,
  `show` tinyint(4) NOT NULL DEFAULT 0,
  `order` int(11) DEFAULT 0,
  `status` tinyint(4) NOT NULL DEFAULT 0,
  `created_at` timestamp NULL DEFAULT NULL,
  `updated_at` timestamp NULL DEFAULT NULL
) ENGINE=InnoDB DEFAULT CHARSET=utf8mb4 COLLATE=utf8mb4_unicode_ci;

--
-- Dumping data for table `menu`
--

INSERT INTO `menu` (`id`, `submodule_id`, `name`, `url`, `action`, `show`, `order`, `status`, `created_at`, `updated_at`) VALUES
(1, 1, 'Activities', 'activities', 'list', 1, 1, 1, NULL, NULL),
(2, 1, 'View Activities', 'activity/view', 'view', 0, 2, 1, NULL, NULL),
(3, 2, 'Branches', 'branches', 'list', 1, 1, 1, NULL, NULL),
(4, 2, 'New Branch', 'branch/add', 'add', 0, 2, 1, NULL, NULL),
(5, 2, 'Edit Branch', 'branch/edit', 'edit', 0, 3, 1, NULL, NULL),
(6, 2, 'Export Branch', 'branch/export', 'export', 0, 5, 1, NULL, NULL),
(7, 2, 'View Branch', 'branch/view', 'view', 0, 6, 1, NULL, NULL),
(8, 2, 'Trash Branch', 'branch/trash', 'trash', 0, 7, 1, NULL, NULL),
(9, 2, 'Restore Branch', 'branch/restore', 'restore', 0, 8, 1, NULL, NULL),
(10, 2, 'Delete Branch', 'branch/delete', 'delete', 0, 9, 1, NULL, NULL),
(11, 3, 'companies', 'companies', 'list', 1, 1, 1, NULL, NULL),
(12, 3, 'New Company', 'company/add', 'add', 0, 2, 1, NULL, NULL),
(13, 3, 'Edit Company', 'company/edit', 'edit', 0, 3, 1, NULL, NULL),
(14, 3, 'Export Company', 'company/export', 'export', 0, 5, 1, NULL, NULL),
(15, 3, 'View Company', 'company/view', 'view', 0, 6, 1, NULL, NULL),
(16, 3, 'Trash Company', 'company/trash', 'trash', 0, 7, 1, NULL, NULL),
(17, 3, 'Restore Company', 'company/restore', 'restore', 0, 8, 1, NULL, NULL),
(18, 3, 'Delete Company', 'company/delete', 'delete', 0, 9, 1, NULL, NULL),
(19, 4, 'New Employee', 'employee/add', 'add', 1, 1, 1, NULL, NULL),
(20, 4, 'Employees', 'employees', 'list', 1, 2, 1, NULL, NULL),
(21, 4, 'Inactive Employees', 'employees/inactive', 'list', 1, 3, 1, NULL, NULL),
(22, 4, 'Edit Employment information', 'employment/edit', 'editEmployment', 0, 4, 1, NULL, NULL),
(23, 4, 'Edit Personal Information', 'personal/edit', 'editPersonal', 0, 5, 1, NULL, NULL),
(24, 4, 'New Education', 'education/add', 'addEducation', 0, 6, 1, NULL, NULL),
(25, 4, 'Employee Educations', 'education/list', 'listEducation', 0, 7, 1, NULL, NULL),
(26, 4, 'Edit Education', 'education/edit', 'editEducation', 0, 8, 1, NULL, NULL),
(27, 4, 'Approve Education', 'education/approve', 'approveEducation', 0, 10, 1, NULL, NULL),
(28, 4, 'Delete Education', 'education/delete', 'deleteEducation', 0, 11, 1, NULL, NULL),
(29, 4, 'New Address', 'address/add', 'addAddress', 0, 12, 1, NULL, NULL),
(30, 4, 'Employee Addresses', 'address/list', 'listAddress', 0, 15, 1, NULL, NULL),
(31, 4, 'Edit Address', 'address/edit', 'editAddress', 0, 17, 1, NULL, NULL),
(32, 4, 'View Address', 'address/view', 'viewAddress', 0, 18, 1, NULL, NULL),
(33, 4, 'Delete Address', 'address/delete', 'deleteAddress', 0, 21, 1, NULL, NULL),
(34, 4, 'New Document', 'document/add', 'addDocument', 0, 22, 1, NULL, NULL),
(35, 4, 'Documents', 'document/list', 'listDocument', 0, 23, 1, NULL, NULL),
(36, 4, 'Edit Document', 'document/edit', 'editDocument', 0, 25, 1, NULL, NULL),
(37, 4, 'Delete Document', 'document/delete', 'deleteDocument', 0, 27, 1, NULL, NULL),
(38, 4, 'Export Document', 'document/export', 'exportDocument', 0, 29, 1, NULL, NULL),
(39, 4, 'Approve Document', 'document/approve', 'approveDocument', 0, 31, 1, NULL, NULL),
(40, 4, 'View Employee', 'employee/view', 'view', 0, 35, 1, NULL, NULL),
(41, 4, 'Export Employee', 'employee/export', 'export', 0, 37, 1, NULL, NULL),
(42, 4, 'Import Employee', 'employee/import', 'import', 0, 39, 1, NULL, NULL),
(43, 4, 'Trash Employee', 'employee/trash', 'trash', 0, 33, 1, NULL, NULL),
(44, 4, 'Restore Employee', 'employee/restore', 'restore', 0, 34, 1, NULL, NULL),
(45, 4, 'Delete Employee', 'employee/delete', 'delete', 0, 40, 1, NULL, NULL),
(46, 5, 'New Department', 'department/add', 'add', 0, 1, 1, NULL, NULL),
(47, 5, 'Departments', 'departments', 'list', 1, 2, 1, NULL, NULL),
(48, 5, 'Edit Department', 'department/edit', 'edit', 0, 3, 1, NULL, NULL),
(49, 5, 'Trash Department', 'department/trash', 'trash', 0, 5, 1, NULL, NULL),
(50, 5, 'Restore Department', 'department/restore', 'restore', 0, 6, 1, NULL, NULL),
(51, 5, 'Delete Department', 'department/delete', 'delete', 0, 8, 1, NULL, NULL),
(52, 6, 'New Designation', 'designation/add', 'add', 0, 1, 1, NULL, NULL),
(53, 6, 'Designations', 'designations', 'list', 1, 2, 1, NULL, NULL),
(54, 6, 'Edit Designation', 'designation/edit', 'edit', 0, 3, 1, NULL, NULL),
(55, 6, 'Trash Designation', 'designation/trash', 'trash', 0, 6, 1, NULL, NULL),
(56, 6, 'Restore Designation', 'designation/restore', 'restore', 0, 7, 1, NULL, NULL),
(57, 6, 'Delete Designation', 'designation/delete', 'delete', 0, 8, 1, NULL, NULL),
(58, 7, 'New Deduction Policy', 'deduction-policy/add', 'add', 0, 1, 1, NULL, NULL),
(59, 7, 'Attendance Deduction Policy', 'deduction-policies', 'list', 1, 2, 1, NULL, NULL),
(60, 7, 'Edit Deduction Policy', 'deduction-policy/edit', 'edit', 0, 3, 1, NULL, NULL),
(61, 7, 'Trash Deduction Policy', 'deduction-policy/trash', 'trash', 0, 6, 1, NULL, NULL),
(62, 7, 'Restore Deduction Policy', 'deduction-policy/restore', 'restore', 0, 7, 1, NULL, NULL),
(63, 7, 'Delete Deduction Policy', 'deduction-policy/delete', 'delete', 0, 8, 1, NULL, NULL),
(64, 8, 'New Leave Policy', 'leave-policy/add', 'add', 0, 1, 1, NULL, NULL),
(65, 8, 'Leave Policy', 'leave-policies', 'list', 1, 2, 1, NULL, NULL),
(66, 8, 'Edit Leave Policy', 'leave-policy/edit', 'edit', 0, 3, 1, NULL, NULL),
(67, 8, 'Trash Leave Policy', 'leave-policy/trash', 'trash', 0, 5, 1, NULL, NULL),
(68, 8, 'Restore Leave Policy', 'leave-policy/restore', 'restore', 0, 6, 1, NULL, NULL),
(69, 8, 'Delete Leave Policy', 'leave-policy/delete', 'delete', 0, 7, 1, NULL, NULL),
(70, 9, 'New Component', 'structure/add', 'add', 0, 1, 1, NULL, NULL),
(71, 9, 'Salary Structure Components', 'structures', 'list', 1, 2, 1, NULL, NULL),
(72, 9, 'Edit Salary Structure Component', 'structure/edit', 'edit', 0, 3, 1, NULL, NULL),
(73, 9, 'Delete Salary Structure Components', 'structure/delete', 'delete', 0, 4, 1, NULL, NULL),
(74, 10, 'New Salary Rule', 'rule/add', 'add', 1, 1, 1, NULL, NULL),
(75, 10, 'Salary Rules', 'rules', 'list', 1, 2, 1, NULL, NULL),
(76, 10, 'Edit Salary Rule', 'rule/edit', 'edit', 0, 3, 1, NULL, NULL),
(77, 10, 'Delete Salary Rule', 'rule/delete', 'delete', 0, 5, 1, NULL, NULL),
(78, 10, 'View Salary Rule', 'rule/view', 'view', 0, 6, 1, NULL, NULL),
(79, 11, 'Generate Salary', 'salary-generate', 'add', 0, 1, 1, NULL, NULL),
(80, 11, 'Pending Salaries', 'pending-salaries', 'list', 1, 2, 1, NULL, NULL),
(81, 11, 'Approved Salaries', 'approved-salaries', 'list', 1, 2, 1, NULL, NULL),
(82, 11, 'Salary Approve', 'salary/approve', 'edit', 0, 3, 1, NULL, NULL),
(83, 11, 'Salary Pay', 'salary/pay', 'edit', 0, 3, 1, NULL, NULL),
(84, 11, 'Salary Payslip', 'salary/payslip', 'view', 0, 4, 1, NULL, NULL),
(85, 11, 'Payslip Print', 'salary/payslip/print', 'export', 0, 5, 1, NULL, NULL),
(86, 11, 'View Salary', 'salary/view', 'view', 0, 6, 1, NULL, NULL),
(87, 11, 'Delete Salary', 'salary/delete', 'delete', 0, 7, 1, NULL, NULL),
(88, 12, 'Attendance Report', 'attendance', 'list', 1, 1, 1, NULL, NULL),
(89, 12, 'Attendance month wise', 'attendance-month-wise', 'list', 1, 1, 1, NULL, NULL),
(90, 12, 'Salary Report', 'salary', 'list', 1, 2, 1, NULL, NULL),
(91, 12, 'leave Report', 'leave', 'list', 1, 2, 1, NULL, NULL),
(92, 12, 'View Report', 'report/view', 'view', 0, 3, 1, NULL, NULL),
(93, 12, 'Export Report', 'report/export', 'export', 0, 4, 1, NULL, NULL),
(94, 13, 'Sms Log', 'sms-log', 'list', 1, 1, 1, NULL, NULL),
(95, 13, 'Send Sms', 'sms/add', 'add', 0, 2, 1, NULL, NULL),
(96, 13, 'Delete Sms log', 'sms/delete', 'delete', 0, 4, 1, NULL, NULL),
(97, 14, 'Emails', 'emails', 'list', 1, 1, 1, NULL, NULL),
(98, 14, 'Send Email', 'email/add', 'add', 0, 2, 1, NULL, NULL),
(99, 14, 'View Email', 'email/view', 'view', 0, 2, 1, NULL, NULL),
(100, 14, 'Delete Email', 'email/delete', 'delete', 0, 4, 1, NULL, NULL),
(101, 15, 'New Employment Type', 'employment-type/add', 'add', 0, 1, 1, NULL, NULL),
(102, 15, 'Employment Types', 'employment-types', 'list', 1, 2, 1, NULL, NULL),
(103, 15, 'Edit Employment Types', 'employment-type/edit', 'edit', 0, 3, 1, NULL, NULL),
(104, 15, 'Trash Employment Types', 'employment-type/trash', 'trash', 0, 4, 1, NULL, NULL),
(105, 15, 'Restore Employment Types', 'employment-type/restore', 'restore', 0, 5, 1, NULL, NULL),
(106, 15, 'Delete Employment Types', 'employment-type/delete', 'delete', 0, 7, 1, NULL, NULL),
(107, 16, 'New Leave Type', 'leave-type/add', 'add', 0, 1, 1, NULL, NULL),
(108, 16, 'Leave Types', 'leave-types', 'list', 1, 2, 1, NULL, NULL),
(109, 16, 'Edit Leave Type', 'leave-type/edit', 'edit', 0, 3, 1, NULL, NULL),
(110, 16, 'Trash Leave Type', 'leave-type/trash', 'trash', 0, 4, 1, NULL, NULL),
(111, 16, 'Restore Leave Type', 'leave-type/restore', 'restore', 0, 5, 1, NULL, NULL),
(112, 16, 'Delete Leave Type', 'leave-type/delete', 'delete', 0, 6, 1, NULL, NULL),
(113, 17, 'New Tax', 'tax/add', 'add', 0, 1, 1, NULL, NULL),
(114, 17, 'Taxes', 'taxes', 'list', 1, 2, 1, NULL, NULL),
(115, 17, 'Edit Tax', 'tax/edit', 'edit', 0, 3, 1, NULL, NULL),
(116, 17, 'Trash Tax', 'tax/trash', 'trash', 0, 5, 1, NULL, NULL),
(117, 17, 'Restore Tax', 'tax/restore', 'restore', 0, 6, 1, NULL, NULL),
(118, 17, 'Delete Tax', 'tax/delete', 'delete', 0, 7, 1, NULL, NULL),
(119, 18, 'New Shift', 'shift/add', 'add', 0, 1, 1, NULL, NULL),
(120, 18, 'Working Shifts', 'shifts', 'list', 1, 2, 1, NULL, NULL),
(121, 18, 'Edit Shift', 'shift/edit', 'edit', 0, 3, 1, NULL, NULL),
(122, 18, 'Trash Shift', 'shift/trash', 'trash', 0, 4, 1, NULL, NULL),
(123, 18, 'Restore Shift', 'shift/restore', 'restore', 0, 5, 1, NULL, NULL),
(124, 18, 'Delete Shift', 'shift/delete', 'delete', 0, 7, 1, NULL, NULL),
(125, 19, 'New Holiday', 'holiday/add', 'add', 0, 1, 1, NULL, NULL),
(126, 19, 'Holidays', 'holidays', 'list', 1, 2, 1, NULL, NULL),
(127, 19, 'Trash Holiday', 'holiday/trash', 'trash', 0, 7, 1, NULL, NULL),
(128, 19, 'Restore Holiday', 'holiday/restore', 'restore', 0, 7, 1, NULL, NULL),
(129, 19, 'Delete Holiday', 'holiday/delete', 'delete', 0, 8, 1, NULL, NULL),
(130, 20, 'Dashboard', 'dashboard', 'list', 1, 2, 1, NULL, NULL),
(131, 21, 'New Leave Application', 'leave/add', 'add', 0, 1, 1, NULL, NULL),
(132, 21, 'Pending Applications', 'leaves', 'list', 1, 2, 1, NULL, NULL),
(133, 21, 'Approve Application', 'leave/approve', 'leaveApprove', 0, 3, 1, NULL, NULL),
(134, 21, 'Approved Applications', 'leave/approved', 'listApproved', 1, 4, 1, NULL, NULL),
(135, 21, 'Reject Application', 'leave/reject', 'leaveReject', 0, 5, 1, NULL, NULL),
(136, 21, 'Rejected Applications', 'leave/rejected', 'listRejected', 1, 6, 1, NULL, NULL),
(137, 21, 'Edit Leave Application', 'leave/edit', 'edit', 0, 7, 1, NULL, NULL),
(138, 21, 'View Leave Application', 'leave/view', 'view', 0, 7, 1, NULL, NULL),
(139, 21, 'delete Leave Application', 'shift/delete', 'delete', 0, 8, 1, NULL, NULL),
(140, 22, 'New Punch', 'attendance/add', 'add', 0, 1, 1, NULL, NULL),
(141, 22, 'Punch Log', 'punch-log', 'list', 1, 2, 1, NULL, NULL),
(142, 22, 'Attendances', 'attendances', 'list', 1, 3, 1, NULL, NULL),
(143, 22, 'Absent', 'absent', 'list', 1, 4, 1, NULL, NULL),
(144, 22, 'On Leave', 'on-leave', 'list', 1, 6, 1, NULL, NULL),
(145, 22, 'Edit Attendance', 'attendance/edit', 'edit', 0, 17, 1, NULL, NULL),
(146, 22, 'Delete Attendance', 'attendance/delete', 'delete', 0, 18, 1, NULL, NULL),
(147, 22, 'View Attendance', 'attendance/view', 'view', 0, 19, 1, NULL, NULL),
(148, 22, 'Export Attendance', 'attendance/export', 'export', 0, 20, 1, NULL, NULL),
(149, 23, 'Roles', 'roles', 'list', 1, 2, 1, NULL, NULL),
(150, 23, 'New Role', 'role/add', 'add', 1, 1, 1, NULL, NULL),
(151, 23, 'Edit Role', 'role/edit', 'edit', 0, 3, 1, NULL, NULL),
(152, 23, 'Trash Role', 'role/trash', 'trash', 0, 4, 1, NULL, NULL),
(153, 23, 'Restore Role', 'role/restore', 'restore', 0, 5, 1, NULL, NULL),
(154, 23, 'Delete Role', 'role/delete', 'delete', 0, 7, 1, NULL, NULL),
(155, 24, 'Users', 'users', 'list', 1, 2, 1, NULL, NULL),
(156, 24, 'New User', 'user/add', 'add', 0, 1, 1, NULL, NULL),
(157, 24, 'Edit User', 'user/edit', 'edit', 0, 3, 1, NULL, NULL),
(158, 24, 'View User', 'user/view', 'view', 0, 4, 1, NULL, NULL),
(159, 24, 'Export User', 'user/export', 'export', 0, 5, 1, NULL, NULL),
(160, 24, 'Trash User', 'user/trash', 'trash', 0, 6, 1, NULL, NULL),
(161, 24, 'Restore User', 'user/restore', 'restore', 0, 7, 1, NULL, NULL),
(162, 24, 'Delete User', 'user/delete', 'delete', 0, 8, 1, NULL, NULL),
(163, 25, 'Password Reset', 'user/password-reset', 'list', 1, 3, 1, NULL, NULL),
(164, 25, 'Update Password', 'user/update-password', 'add', 0, 1, 1, NULL, NULL);

-- --------------------------------------------------------

--
-- Table structure for table `migrations`
--

CREATE TABLE `migrations` (
  `id` int(10) UNSIGNED NOT NULL,
  `migration` varchar(150) COLLATE utf8mb4_unicode_ci NOT NULL,
  `batch` int(11) NOT NULL
) ENGINE=InnoDB DEFAULT CHARSET=utf8mb4 COLLATE=utf8mb4_unicode_ci;

--
-- Dumping data for table `migrations`
--

INSERT INTO `migrations` (`id`, `migration`, `batch`) VALUES
(1, '2014_05_00_000000_create_companies_table', 1),
(2, '2014_05_01_000000_create_organization_table', 1),
(3, '2014_10_12_200000_add_two_factor_columns_to_users_table', 1),
(4, '2014_12_31_000001_create_countries_table', 1),
(5, '2019_08_19_000000_create_failed_jobs_table', 1),
(6, '2019_12_14_000001_create_personal_access_tokens_table', 1),
(7, '20211_04_12_100000_create_password_resets_table', 1),
(8, '2021_01_12_000002_create_system_settings_table', 1),
(9, '2021_04_11_000020_create_documents_table', 1),
(10, '2021_04_12_000000_create_roles_table', 1),
(11, '2021_04_13_000000_create_branches_table', 1),
(12, '2021_04_13_000000_create_role_permissions_table', 1),
(13, '2021_05_01_000002_create_employee_table', 1),
(14, '2021_05_01_000004_create_payroll_table', 1),
(15, '2021_05_02_000000_create_users_table', 1),
(16, '2021_05_11_000000_create_modules_table', 1),
(17, '2021_05_11_000020_create_images_table', 1),
(18, '2021_05_20_000000_create_component_settings_table', 1),
(19, '2021_05_20_151049_create_activity_table', 1),
(20, '2021_06_01_000000_create_timesheet_table', 1),
(21, '2021_06_11_000020_create_addresses_table', 1),
(22, '2021_08_23_185057_create_zkteco_devices_table', 1),
(23, '2021_08_23_185624_create_in_out_logs_table', 1),
(24, '2021_08_27_093252_create_notifications_table', 1),
(25, '2021_08_27_221845_create_jobs_table', 1),
(26, '2021_10_27_221845_create_sms_gateway_table', 1),
(27, '2021_11_13_000000_create_sms_log_table', 1);

-- --------------------------------------------------------

--
-- Table structure for table `modules`
--

CREATE TABLE `modules` (
  `id` bigint(20) UNSIGNED NOT NULL,
  `name` varchar(150) COLLATE utf8mb4_unicode_ci NOT NULL,
  `scope` longtext CHARACTER SET utf8mb4 COLLATE utf8mb4_bin DEFAULT NULL CHECK (json_valid(`scope`)),
  `icon` varchar(150) COLLATE utf8mb4_unicode_ci DEFAULT NULL,
  `url` varchar(150) COLLATE utf8mb4_unicode_ci DEFAULT NULL,
  `order` int(11) DEFAULT 0,
  `status` tinyint(4) NOT NULL DEFAULT 1,
  `created_at` timestamp NULL DEFAULT NULL,
  `updated_at` timestamp NULL DEFAULT NULL
) ENGINE=InnoDB DEFAULT CHARSET=utf8mb4 COLLATE=utf8mb4_unicode_ci;

--
-- Dumping data for table `modules`
--

INSERT INTO `modules` (`id`, `name`, `scope`, `icon`, `url`, `order`, `status`, `created_at`, `updated_at`) VALUES
(1, 'Activities', '[\"common\"]', 'fa fa-history', 'activities', 8, 0, NULL, NULL),
(2, 'Branch', '[\"company\"]', 'fa fa-list', 'branch', 3, 1, NULL, NULL),
(3, 'Company', '[\"admin\"]', 'fa fa-dropbox', 'company', 2, 1, NULL, NULL),
(4, 'Employee Information', '[\"common\",\"employee\"]', 'fa fa-user', 'employee', 5, 1, NULL, NULL),
(5, 'Organization', '[\"admin\",\"company\"]', 'fa fa-building-o', 'organization', 4, 1, NULL, NULL),
(6, 'Payroll', '[\"admin\",\"company\"]', 'fa fa-credit-card-alt', 'payroll', 7, 1, NULL, NULL),
(7, 'Reports', '[\"common\",\"employee\"]', 'fa fa-history', 'reports', 15, 1, NULL, NULL),
(8, 'SMS', '[\"common\"]', 'fa fa-envelope-o', 'sms', 10, 1, NULL, NULL),
(9, 'Component Settings', '[\"common\"]', 'fa fa-cog', 'component-settings', 0, 1, NULL, NULL),
(10, 'Timesheet', '[\"common\",\"employee\"]', 'fa fa-clock-o', 'timesheet', 6, 1, NULL, NULL),
(11, 'User Management', '[\"company\",\"admin\"]', 'fa fa-users', 'user-managements', 1, 1, NULL, NULL);

-- --------------------------------------------------------

--
-- Table structure for table `notifications`
--

CREATE TABLE `notifications` (
  `id` char(36) COLLATE utf8mb4_unicode_ci NOT NULL,
  `type` varchar(150) COLLATE utf8mb4_unicode_ci NOT NULL,
  `notifiable_type` varchar(150) COLLATE utf8mb4_unicode_ci NOT NULL,
  `notifiable_id` bigint(20) UNSIGNED NOT NULL,
  `data` text COLLATE utf8mb4_unicode_ci NOT NULL,
  `read_at` timestamp NULL DEFAULT NULL,
  `created_at` timestamp NULL DEFAULT NULL,
  `updated_at` timestamp NULL DEFAULT NULL
) ENGINE=InnoDB DEFAULT CHARSET=utf8mb4 COLLATE=utf8mb4_unicode_ci;

-- --------------------------------------------------------

--
-- Table structure for table `password_resets`
--

CREATE TABLE `password_resets` (
  `email` varchar(150) COLLATE utf8mb4_unicode_ci NOT NULL,
  `token` varchar(150) COLLATE utf8mb4_unicode_ci NOT NULL,
  `created_at` timestamp NULL DEFAULT NULL
) ENGINE=InnoDB DEFAULT CHARSET=utf8mb4 COLLATE=utf8mb4_unicode_ci;

-- --------------------------------------------------------

--
-- Table structure for table `personal_access_tokens`
--

CREATE TABLE `personal_access_tokens` (
  `id` bigint(20) UNSIGNED NOT NULL,
  `tokenable_type` varchar(150) COLLATE utf8mb4_unicode_ci NOT NULL,
  `tokenable_id` bigint(20) UNSIGNED NOT NULL,
  `name` varchar(150) COLLATE utf8mb4_unicode_ci NOT NULL,
  `token` varchar(64) COLLATE utf8mb4_unicode_ci NOT NULL,
  `abilities` text COLLATE utf8mb4_unicode_ci DEFAULT NULL,
  `last_used_at` timestamp NULL DEFAULT NULL,
  `created_at` timestamp NULL DEFAULT NULL,
  `updated_at` timestamp NULL DEFAULT NULL
) ENGINE=InnoDB DEFAULT CHARSET=utf8mb4 COLLATE=utf8mb4_unicode_ci;

-- --------------------------------------------------------

--
-- Table structure for table `profiles`
--

CREATE TABLE `profiles` (
  `id` bigint(20) UNSIGNED NOT NULL,
  `com_id` bigint(20) UNSIGNED DEFAULT NULL,
  `branch_id` bigint(20) UNSIGNED DEFAULT NULL,
  `name` varchar(150) COLLATE utf8mb4_unicode_ci NOT NULL,
  `email` varchar(150) COLLATE utf8mb4_unicode_ci NOT NULL,
  `phone` varchar(150) COLLATE utf8mb4_unicode_ci DEFAULT NULL,
  `dob` date DEFAULT NULL,
  `gender` varchar(150) COLLATE utf8mb4_unicode_ci DEFAULT NULL,
  `address` varchar(150) COLLATE utf8mb4_unicode_ci DEFAULT NULL,
  `created_at` timestamp NULL DEFAULT NULL,
  `updated_at` timestamp NULL DEFAULT NULL,
  `deleted_at` timestamp NULL DEFAULT NULL,
  `created_by` int(11) NOT NULL DEFAULT 0,
  `updated_by` int(11) NOT NULL DEFAULT 0
) ENGINE=InnoDB DEFAULT CHARSET=utf8mb4 COLLATE=utf8mb4_unicode_ci;

--
-- Dumping data for table `profiles`
--

INSERT INTO `profiles` (`id`, `com_id`, `branch_id`, `name`, `email`, `phone`, `dob`, `gender`, `address`, `created_at`, `updated_at`, `deleted_at`, `created_by`, `updated_by`) VALUES
(1, NULL, NULL, 'Super Admin', 'superadmin@demo.com', '01826319556', '1993-01-01', 'Male', 'Dhaka, Bangladesh', NULL, NULL, NULL, 0, 0),
(2, NULL, NULL, 'Admin', 'admin@demo.com', '01826319556', '1993-01-01', 'Male', 'Dhaka, Bangladesh', NULL, NULL, NULL, 0, 0);

-- --------------------------------------------------------

--
-- Table structure for table `roles`
--

CREATE TABLE `roles` (
  `id` bigint(20) UNSIGNED NOT NULL,
  `com_id` bigint(20) UNSIGNED DEFAULT NULL,
  `branch_id` bigint(20) UNSIGNED DEFAULT NULL,
  `name` varchar(150) COLLATE utf8mb4_unicode_ci NOT NULL,
  `level` varchar(150) COLLATE utf8mb4_unicode_ci DEFAULT NULL,
  `details` varchar(150) COLLATE utf8mb4_unicode_ci DEFAULT NULL,
  `status` tinyint(4) DEFAULT NULL,
  `deleted_at` timestamp NULL DEFAULT NULL,
  `created_at` timestamp NULL DEFAULT NULL,
  `updated_at` timestamp NULL DEFAULT NULL,
  `created_by` int(11) NOT NULL DEFAULT 0,
  `updated_by` int(11) NOT NULL DEFAULT 0
) ENGINE=InnoDB DEFAULT CHARSET=utf8mb4 COLLATE=utf8mb4_unicode_ci;

--
-- Dumping data for table `roles`
--

INSERT INTO `roles` (`id`, `com_id`, `branch_id`, `name`, `level`, `details`, `status`, `deleted_at`, `created_at`, `updated_at`, `created_by`, `updated_by`) VALUES
(1, NULL, NULL, 'Admin', 'admin_user', 'Admin role', 1, NULL, NULL, NULL, 0, 0),
(2, NULL, NULL, 'Company Role', 'company', 'Company Role', 1, NULL, NULL, NULL, 0, 0),
(3, 1, NULL, 'Branch Role', 'branch', 'Branch Role', 1, NULL, NULL, NULL, 0, 0),
(4, 1, NULL, 'Employee Role', 'employee', 'Employee Role', 1, NULL, NULL, NULL, 0, 0);

-- --------------------------------------------------------

--
-- Table structure for table `role_permissions`
--

CREATE TABLE `role_permissions` (
  `id` bigint(20) UNSIGNED NOT NULL,
  `role_id` bigint(20) UNSIGNED DEFAULT NULL,
  `module_id` bigint(20) UNSIGNED DEFAULT NULL,
  `submodule_id` bigint(20) UNSIGNED DEFAULT NULL,
  `menu_id` bigint(20) UNSIGNED DEFAULT NULL,
  `created_at` timestamp NULL DEFAULT NULL,
  `updated_at` timestamp NULL DEFAULT NULL,
  `deleted_at` timestamp NULL DEFAULT NULL
) ENGINE=InnoDB DEFAULT CHARSET=utf8mb4 COLLATE=utf8mb4_unicode_ci;

--
-- Dumping data for table `role_permissions`
--

INSERT INTO `role_permissions` (`id`, `role_id`, `module_id`, `submodule_id`, `menu_id`, `created_at`, `updated_at`, `deleted_at`) VALUES
(1, 1, 3, 3, 11, NULL, NULL, NULL),
(2, 1, 3, 3, 12, NULL, NULL, NULL),
(3, 1, 3, 3, 13, NULL, NULL, NULL),
(4, 1, 3, 3, 14, NULL, NULL, NULL),
(5, 1, 3, 3, 15, NULL, NULL, NULL),
(6, 1, 3, 3, 16, NULL, NULL, NULL),
(7, 1, 3, 3, 17, NULL, NULL, NULL),
(8, 1, 3, 3, 18, NULL, NULL, NULL),
(9, 1, 4, 4, 19, NULL, NULL, NULL),
(10, 1, 4, 4, 20, NULL, NULL, NULL),
(11, 1, 4, 4, 21, NULL, NULL, NULL),
(12, 1, 4, 4, 22, NULL, NULL, NULL),
(13, 1, 4, 4, 23, NULL, NULL, NULL),
(14, 1, 4, 4, 24, NULL, NULL, NULL),
(15, 1, 4, 4, 25, NULL, NULL, NULL),
(16, 1, 4, 4, 26, NULL, NULL, NULL),
(17, 1, 4, 4, 27, NULL, NULL, NULL),
(18, 1, 4, 4, 28, NULL, NULL, NULL),
(19, 1, 4, 4, 29, NULL, NULL, NULL),
(20, 1, 4, 4, 30, NULL, NULL, NULL),
(21, 1, 4, 4, 31, NULL, NULL, NULL),
(22, 1, 4, 4, 32, NULL, NULL, NULL),
(23, 1, 4, 4, 33, NULL, NULL, NULL),
(24, 1, 4, 4, 34, NULL, NULL, NULL),
(25, 1, 4, 4, 35, NULL, NULL, NULL),
(26, 1, 4, 4, 36, NULL, NULL, NULL),
(27, 1, 4, 4, 37, NULL, NULL, NULL),
(28, 1, 4, 4, 38, NULL, NULL, NULL),
(29, 1, 4, 4, 39, NULL, NULL, NULL),
(30, 1, 4, 4, 40, NULL, NULL, NULL),
(31, 1, 4, 4, 41, NULL, NULL, NULL),
(32, 1, 4, 4, 42, NULL, NULL, NULL),
(33, 1, 4, 4, 43, NULL, NULL, NULL),
(34, 1, 4, 4, 44, NULL, NULL, NULL),
(35, 1, 4, 4, 45, NULL, NULL, NULL),
(36, 1, 5, 5, 46, NULL, NULL, NULL),
(37, 1, 5, 5, 47, NULL, NULL, NULL),
(38, 1, 5, 5, 48, NULL, NULL, NULL),
(39, 1, 5, 5, 49, NULL, NULL, NULL),
(40, 1, 5, 5, 50, NULL, NULL, NULL),
(41, 1, 5, 5, 51, NULL, NULL, NULL),
(42, 1, 5, 6, 52, NULL, NULL, NULL),
(43, 1, 5, 6, 53, NULL, NULL, NULL),
(44, 1, 5, 6, 54, NULL, NULL, NULL),
(45, 1, 5, 6, 55, NULL, NULL, NULL),
(46, 1, 5, 6, 56, NULL, NULL, NULL),
(47, 1, 5, 6, 57, NULL, NULL, NULL),
(48, 1, 5, 7, 58, NULL, NULL, NULL),
(49, 1, 5, 7, 59, NULL, NULL, NULL),
(50, 1, 5, 7, 60, NULL, NULL, NULL),
(51, 1, 5, 7, 61, NULL, NULL, NULL),
(52, 1, 5, 7, 62, NULL, NULL, NULL),
(53, 1, 5, 7, 63, NULL, NULL, NULL),
(54, 1, 5, 8, 64, NULL, NULL, NULL),
(55, 1, 5, 8, 65, NULL, NULL, NULL),
(56, 1, 5, 8, 66, NULL, NULL, NULL),
(57, 1, 5, 8, 67, NULL, NULL, NULL),
(58, 1, 5, 8, 68, NULL, NULL, NULL),
(59, 1, 5, 8, 69, NULL, NULL, NULL),
(60, 1, 6, 9, 70, NULL, NULL, NULL),
(61, 1, 6, 9, 71, NULL, NULL, NULL),
(62, 1, 6, 9, 72, NULL, NULL, NULL),
(63, 1, 6, 9, 73, NULL, NULL, NULL),
(64, 1, 6, 10, 74, NULL, NULL, NULL),
(65, 1, 6, 10, 75, NULL, NULL, NULL),
(66, 1, 6, 10, 76, NULL, NULL, NULL),
(67, 1, 6, 10, 77, NULL, NULL, NULL),
(68, 1, 6, 10, 78, NULL, NULL, NULL),
(69, 1, 6, 11, 79, NULL, NULL, NULL),
(70, 1, 6, 11, 80, NULL, NULL, NULL),
(71, 1, 6, 11, 81, NULL, NULL, NULL),
(72, 1, 6, 11, 82, NULL, NULL, NULL),
(73, 1, 6, 11, 83, NULL, NULL, NULL),
(74, 1, 6, 11, 84, NULL, NULL, NULL),
(75, 1, 6, 11, 85, NULL, NULL, NULL),
(76, 1, 6, 11, 86, NULL, NULL, NULL),
(77, 1, 6, 11, 87, NULL, NULL, NULL),
(78, 1, 7, 12, 88, NULL, NULL, NULL),
(79, 1, 7, 12, 89, NULL, NULL, NULL),
(80, 1, 7, 12, 90, NULL, NULL, NULL),
(81, 1, 7, 12, 91, NULL, NULL, NULL),
(82, 1, 7, 12, 92, NULL, NULL, NULL),
(83, 1, 7, 12, 93, NULL, NULL, NULL),
(84, 1, 8, 13, 94, NULL, NULL, NULL),
(85, 1, 8, 13, 95, NULL, NULL, NULL),
(86, 1, 8, 13, 96, NULL, NULL, NULL),
(87, 1, 8, 14, 97, NULL, NULL, NULL),
(88, 1, 8, 14, 98, NULL, NULL, NULL),
(89, 1, 8, 14, 99, NULL, NULL, NULL),
(90, 1, 8, 14, 100, NULL, NULL, NULL),
(91, 1, 9, 15, 101, NULL, NULL, NULL),
(92, 1, 9, 15, 102, NULL, NULL, NULL),
(93, 1, 9, 15, 103, NULL, NULL, NULL),
(94, 1, 9, 15, 104, NULL, NULL, NULL),
(95, 1, 9, 15, 105, NULL, NULL, NULL),
(96, 1, 9, 15, 106, NULL, NULL, NULL),
(97, 1, 9, 16, 107, NULL, NULL, NULL),
(98, 1, 9, 16, 108, NULL, NULL, NULL),
(99, 1, 9, 16, 109, NULL, NULL, NULL),
(100, 1, 9, 16, 110, NULL, NULL, NULL),
(101, 1, 9, 16, 111, NULL, NULL, NULL),
(102, 1, 9, 16, 112, NULL, NULL, NULL),
(103, 1, 9, 17, 113, NULL, NULL, NULL),
(104, 1, 9, 17, 114, NULL, NULL, NULL),
(105, 1, 9, 17, 115, NULL, NULL, NULL),
(106, 1, 9, 17, 116, NULL, NULL, NULL),
(107, 1, 9, 17, 117, NULL, NULL, NULL),
(108, 1, 9, 17, 118, NULL, NULL, NULL),
(109, 1, 9, 18, 119, NULL, NULL, NULL),
(110, 1, 9, 18, 120, NULL, NULL, NULL),
(111, 1, 9, 18, 121, NULL, NULL, NULL),
(112, 1, 9, 18, 122, NULL, NULL, NULL),
(113, 1, 9, 18, 123, NULL, NULL, NULL),
(114, 1, 9, 18, 124, NULL, NULL, NULL),
(115, 1, 9, 19, 125, NULL, NULL, NULL),
(116, 1, 9, 19, 126, NULL, NULL, NULL),
(117, 1, 9, 19, 127, NULL, NULL, NULL),
(118, 1, 9, 19, 128, NULL, NULL, NULL),
(119, 1, 9, 19, 129, NULL, NULL, NULL),
(120, 1, 10, 20, 130, NULL, NULL, NULL),
(121, 1, 10, 21, 131, NULL, NULL, NULL),
(122, 1, 10, 21, 132, NULL, NULL, NULL),
(123, 1, 10, 21, 133, NULL, NULL, NULL),
(124, 1, 10, 21, 134, NULL, NULL, NULL),
(125, 1, 10, 21, 135, NULL, NULL, NULL),
(126, 1, 10, 21, 136, NULL, NULL, NULL),
(127, 1, 10, 21, 137, NULL, NULL, NULL),
(128, 1, 10, 21, 138, NULL, NULL, NULL),
(129, 1, 10, 21, 139, NULL, NULL, NULL),
(130, 1, 10, 22, 140, NULL, NULL, NULL),
(131, 1, 10, 22, 141, NULL, NULL, NULL),
(132, 1, 10, 22, 142, NULL, NULL, NULL),
(133, 1, 10, 22, 143, NULL, NULL, NULL),
(134, 1, 10, 22, 144, NULL, NULL, NULL),
(135, 1, 10, 22, 145, NULL, NULL, NULL),
(136, 1, 10, 22, 146, NULL, NULL, NULL),
(137, 1, 10, 22, 147, NULL, NULL, NULL),
(138, 1, 10, 22, 148, NULL, NULL, NULL),
(139, 1, 11, 23, 149, NULL, NULL, NULL),
(140, 1, 11, 23, 150, NULL, NULL, NULL),
(141, 1, 11, 23, 151, NULL, NULL, NULL),
(142, 1, 11, 23, 152, NULL, NULL, NULL),
(143, 1, 11, 23, 153, NULL, NULL, NULL),
(144, 1, 11, 23, 154, NULL, NULL, NULL),
(145, 1, 11, 24, 155, NULL, NULL, NULL),
(146, 1, 11, 24, 156, NULL, NULL, NULL),
(147, 1, 11, 24, 157, NULL, NULL, NULL),
(148, 1, 11, 24, 158, NULL, NULL, NULL),
(149, 1, 11, 24, 159, NULL, NULL, NULL),
(150, 1, 11, 24, 160, NULL, NULL, NULL),
(151, 1, 11, 24, 161, NULL, NULL, NULL),
(152, 1, 11, 24, 162, NULL, NULL, NULL),
(153, 1, 11, 25, 163, NULL, NULL, NULL),
(154, 1, 11, 25, 164, NULL, NULL, NULL),
(155, 2, 2, 2, 3, NULL, NULL, NULL),
(156, 2, 2, 2, 4, NULL, NULL, NULL),
(157, 2, 2, 2, 5, NULL, NULL, NULL),
(158, 2, 2, 2, 6, NULL, NULL, NULL),
(159, 2, 2, 2, 7, NULL, NULL, NULL),
(160, 2, 2, 2, 8, NULL, NULL, NULL),
(161, 2, 2, 2, 9, NULL, NULL, NULL),
(162, 2, 2, 2, 10, NULL, NULL, NULL),
(163, 2, 4, 4, 19, NULL, NULL, NULL),
(164, 2, 4, 4, 20, NULL, NULL, NULL),
(165, 2, 4, 4, 21, NULL, NULL, NULL),
(166, 2, 4, 4, 22, NULL, NULL, NULL),
(167, 2, 4, 4, 23, NULL, NULL, NULL),
(168, 2, 4, 4, 24, NULL, NULL, NULL),
(169, 2, 4, 4, 25, NULL, NULL, NULL),
(170, 2, 4, 4, 26, NULL, NULL, NULL),
(171, 2, 4, 4, 27, NULL, NULL, NULL),
(172, 2, 4, 4, 28, NULL, NULL, NULL),
(173, 2, 4, 4, 29, NULL, NULL, NULL),
(174, 2, 4, 4, 30, NULL, NULL, NULL),
(175, 2, 4, 4, 31, NULL, NULL, NULL),
(176, 2, 4, 4, 32, NULL, NULL, NULL),
(177, 2, 4, 4, 33, NULL, NULL, NULL),
(178, 2, 4, 4, 34, NULL, NULL, NULL),
(179, 2, 4, 4, 35, NULL, NULL, NULL),
(180, 2, 4, 4, 36, NULL, NULL, NULL),
(181, 2, 4, 4, 37, NULL, NULL, NULL),
(182, 2, 4, 4, 38, NULL, NULL, NULL),
(183, 2, 4, 4, 39, NULL, NULL, NULL),
(184, 2, 4, 4, 40, NULL, NULL, NULL),
(185, 2, 4, 4, 41, NULL, NULL, NULL),
(186, 2, 4, 4, 42, NULL, NULL, NULL),
(187, 2, 4, 4, 43, NULL, NULL, NULL),
(188, 2, 4, 4, 44, NULL, NULL, NULL),
(189, 2, 4, 4, 45, NULL, NULL, NULL),
(190, 2, 5, 5, 46, NULL, NULL, NULL),
(191, 2, 5, 5, 47, NULL, NULL, NULL),
(192, 2, 5, 5, 48, NULL, NULL, NULL),
(193, 2, 5, 5, 49, NULL, NULL, NULL),
(194, 2, 5, 5, 50, NULL, NULL, NULL),
(195, 2, 5, 5, 51, NULL, NULL, NULL),
(196, 2, 5, 6, 52, NULL, NULL, NULL),
(197, 2, 5, 6, 53, NULL, NULL, NULL),
(198, 2, 5, 6, 54, NULL, NULL, NULL),
(199, 2, 5, 6, 55, NULL, NULL, NULL),
(200, 2, 5, 6, 56, NULL, NULL, NULL),
(201, 2, 5, 6, 57, NULL, NULL, NULL),
(202, 2, 5, 7, 58, NULL, NULL, NULL),
(203, 2, 5, 7, 59, NULL, NULL, NULL),
(204, 2, 5, 7, 60, NULL, NULL, NULL),
(205, 2, 5, 7, 61, NULL, NULL, NULL),
(206, 2, 5, 7, 62, NULL, NULL, NULL),
(207, 2, 5, 7, 63, NULL, NULL, NULL),
(208, 2, 5, 8, 64, NULL, NULL, NULL),
(209, 2, 5, 8, 65, NULL, NULL, NULL),
(210, 2, 5, 8, 66, NULL, NULL, NULL),
(211, 2, 5, 8, 67, NULL, NULL, NULL),
(212, 2, 5, 8, 68, NULL, NULL, NULL),
(213, 2, 5, 8, 69, NULL, NULL, NULL),
(214, 2, 6, 9, 70, NULL, NULL, NULL),
(215, 2, 6, 9, 71, NULL, NULL, NULL),
(216, 2, 6, 9, 72, NULL, NULL, NULL),
(217, 2, 6, 9, 73, NULL, NULL, NULL),
(218, 2, 6, 10, 74, NULL, NULL, NULL),
(219, 2, 6, 10, 75, NULL, NULL, NULL),
(220, 2, 6, 10, 76, NULL, NULL, NULL),
(221, 2, 6, 10, 77, NULL, NULL, NULL),
(222, 2, 6, 10, 78, NULL, NULL, NULL),
(223, 2, 6, 11, 79, NULL, NULL, NULL),
(224, 2, 6, 11, 80, NULL, NULL, NULL),
(225, 2, 6, 11, 81, NULL, NULL, NULL),
(226, 2, 6, 11, 82, NULL, NULL, NULL),
(227, 2, 6, 11, 83, NULL, NULL, NULL),
(228, 2, 6, 11, 84, NULL, NULL, NULL),
(229, 2, 6, 11, 85, NULL, NULL, NULL),
(230, 2, 6, 11, 86, NULL, NULL, NULL),
(231, 2, 6, 11, 87, NULL, NULL, NULL),
(232, 2, 7, 12, 88, NULL, NULL, NULL),
(233, 2, 7, 12, 89, NULL, NULL, NULL),
(234, 2, 7, 12, 90, NULL, NULL, NULL),
(235, 2, 7, 12, 91, NULL, NULL, NULL),
(236, 2, 7, 12, 92, NULL, NULL, NULL),
(237, 2, 7, 12, 93, NULL, NULL, NULL),
(238, 2, 8, 13, 94, NULL, NULL, NULL),
(239, 2, 8, 13, 95, NULL, NULL, NULL),
(240, 2, 8, 13, 96, NULL, NULL, NULL),
(241, 2, 8, 14, 97, NULL, NULL, NULL),
(242, 2, 8, 14, 98, NULL, NULL, NULL),
(243, 2, 8, 14, 99, NULL, NULL, NULL),
(244, 2, 8, 14, 100, NULL, NULL, NULL),
(245, 2, 9, 15, 101, NULL, NULL, NULL),
(246, 2, 9, 15, 102, NULL, NULL, NULL),
(247, 2, 9, 15, 103, NULL, NULL, NULL),
(248, 2, 9, 15, 104, NULL, NULL, NULL),
(249, 2, 9, 15, 105, NULL, NULL, NULL),
(250, 2, 9, 15, 106, NULL, NULL, NULL),
(251, 2, 9, 16, 107, NULL, NULL, NULL),
(252, 2, 9, 16, 108, NULL, NULL, NULL),
(253, 2, 9, 16, 109, NULL, NULL, NULL),
(254, 2, 9, 16, 110, NULL, NULL, NULL),
(255, 2, 9, 16, 111, NULL, NULL, NULL),
(256, 2, 9, 16, 112, NULL, NULL, NULL),
(257, 2, 9, 17, 113, NULL, NULL, NULL),
(258, 2, 9, 17, 114, NULL, NULL, NULL),
(259, 2, 9, 17, 115, NULL, NULL, NULL),
(260, 2, 9, 17, 116, NULL, NULL, NULL),
(261, 2, 9, 17, 117, NULL, NULL, NULL),
(262, 2, 9, 17, 118, NULL, NULL, NULL),
(263, 2, 9, 18, 119, NULL, NULL, NULL),
(264, 2, 9, 18, 120, NULL, NULL, NULL),
(265, 2, 9, 18, 121, NULL, NULL, NULL),
(266, 2, 9, 18, 122, NULL, NULL, NULL),
(267, 2, 9, 18, 123, NULL, NULL, NULL),
(268, 2, 9, 18, 124, NULL, NULL, NULL),
(269, 2, 9, 19, 125, NULL, NULL, NULL),
(270, 2, 9, 19, 126, NULL, NULL, NULL),
(271, 2, 9, 19, 127, NULL, NULL, NULL),
(272, 2, 9, 19, 128, NULL, NULL, NULL),
(273, 2, 9, 19, 129, NULL, NULL, NULL),
(274, 2, 10, 20, 130, NULL, NULL, NULL),
(275, 2, 10, 21, 131, NULL, NULL, NULL),
(276, 2, 10, 21, 132, NULL, NULL, NULL),
(277, 2, 10, 21, 133, NULL, NULL, NULL),
(278, 2, 10, 21, 134, NULL, NULL, NULL),
(279, 2, 10, 21, 135, NULL, NULL, NULL),
(280, 2, 10, 21, 136, NULL, NULL, NULL),
(281, 2, 10, 21, 137, NULL, NULL, NULL),
(282, 2, 10, 21, 138, NULL, NULL, NULL),
(283, 2, 10, 21, 139, NULL, NULL, NULL),
(284, 2, 10, 22, 140, NULL, NULL, NULL),
(285, 2, 10, 22, 141, NULL, NULL, NULL),
(286, 2, 10, 22, 142, NULL, NULL, NULL),
(287, 2, 10, 22, 143, NULL, NULL, NULL),
(288, 2, 10, 22, 144, NULL, NULL, NULL),
(289, 2, 10, 22, 145, NULL, NULL, NULL),
(290, 2, 10, 22, 146, NULL, NULL, NULL),
(291, 2, 10, 22, 147, NULL, NULL, NULL),
(292, 2, 10, 22, 148, NULL, NULL, NULL),
(293, 2, 11, 23, 149, NULL, NULL, NULL),
(294, 2, 11, 23, 150, NULL, NULL, NULL),
(295, 2, 11, 23, 151, NULL, NULL, NULL),
(296, 2, 11, 23, 152, NULL, NULL, NULL),
(297, 2, 11, 23, 153, NULL, NULL, NULL),
(298, 2, 11, 23, 154, NULL, NULL, NULL),
(299, 2, 11, 24, 155, NULL, NULL, NULL),
(300, 2, 11, 24, 156, NULL, NULL, NULL),
(301, 2, 11, 24, 157, NULL, NULL, NULL),
(302, 2, 11, 24, 158, NULL, NULL, NULL),
(303, 2, 11, 24, 159, NULL, NULL, NULL),
(304, 2, 11, 24, 160, NULL, NULL, NULL),
(305, 2, 11, 24, 161, NULL, NULL, NULL),
(306, 2, 11, 24, 162, NULL, NULL, NULL),
(307, 2, 11, 25, 163, NULL, NULL, NULL),
(308, 2, 11, 25, 164, NULL, NULL, NULL),
(309, 3, 4, 4, 19, NULL, NULL, NULL),
(310, 3, 4, 4, 20, NULL, NULL, NULL),
(311, 3, 4, 4, 21, NULL, NULL, NULL),
(312, 3, 4, 4, 22, NULL, NULL, NULL),
(313, 3, 4, 4, 23, NULL, NULL, NULL),
(314, 3, 4, 4, 24, NULL, NULL, NULL),
(315, 3, 4, 4, 25, NULL, NULL, NULL),
(316, 3, 4, 4, 26, NULL, NULL, NULL),
(317, 3, 4, 4, 27, NULL, NULL, NULL),
(318, 3, 4, 4, 28, NULL, NULL, NULL),
(319, 3, 4, 4, 29, NULL, NULL, NULL),
(320, 3, 4, 4, 30, NULL, NULL, NULL),
(321, 3, 4, 4, 31, NULL, NULL, NULL),
(322, 3, 4, 4, 32, NULL, NULL, NULL),
(323, 3, 4, 4, 33, NULL, NULL, NULL),
(324, 3, 4, 4, 34, NULL, NULL, NULL),
(325, 3, 4, 4, 35, NULL, NULL, NULL),
(326, 3, 4, 4, 36, NULL, NULL, NULL),
(327, 3, 4, 4, 37, NULL, NULL, NULL),
(328, 3, 4, 4, 38, NULL, NULL, NULL),
(329, 3, 4, 4, 39, NULL, NULL, NULL),
(330, 3, 4, 4, 40, NULL, NULL, NULL),
(331, 3, 4, 4, 41, NULL, NULL, NULL),
(332, 3, 4, 4, 42, NULL, NULL, NULL),
(333, 3, 4, 4, 43, NULL, NULL, NULL),
(334, 3, 4, 4, 44, NULL, NULL, NULL),
(335, 3, 4, 4, 45, NULL, NULL, NULL),
(336, 3, 7, 12, 88, NULL, NULL, NULL),
(337, 3, 7, 12, 89, NULL, NULL, NULL),
(338, 3, 7, 12, 90, NULL, NULL, NULL),
(339, 3, 7, 12, 91, NULL, NULL, NULL),
(340, 3, 7, 12, 92, NULL, NULL, NULL),
(341, 3, 7, 12, 93, NULL, NULL, NULL),
(342, 3, 8, 13, 94, NULL, NULL, NULL),
(343, 3, 8, 13, 95, NULL, NULL, NULL),
(344, 3, 8, 13, 96, NULL, NULL, NULL),
(345, 3, 8, 14, 97, NULL, NULL, NULL),
(346, 3, 8, 14, 98, NULL, NULL, NULL),
(347, 3, 8, 14, 99, NULL, NULL, NULL),
(348, 3, 8, 14, 100, NULL, NULL, NULL),
(349, 3, 9, 15, 101, NULL, NULL, NULL),
(350, 3, 9, 15, 102, NULL, NULL, NULL),
(351, 3, 9, 15, 103, NULL, NULL, NULL),
(352, 3, 9, 15, 104, NULL, NULL, NULL),
(353, 3, 9, 15, 105, NULL, NULL, NULL),
(354, 3, 9, 15, 106, NULL, NULL, NULL),
(355, 3, 9, 16, 107, NULL, NULL, NULL),
(356, 3, 9, 16, 108, NULL, NULL, NULL),
(357, 3, 9, 16, 109, NULL, NULL, NULL),
(358, 3, 9, 16, 110, NULL, NULL, NULL),
(359, 3, 9, 16, 111, NULL, NULL, NULL),
(360, 3, 9, 16, 112, NULL, NULL, NULL),
(361, 3, 9, 17, 113, NULL, NULL, NULL),
(362, 3, 9, 17, 114, NULL, NULL, NULL),
(363, 3, 9, 17, 115, NULL, NULL, NULL),
(364, 3, 9, 17, 116, NULL, NULL, NULL),
(365, 3, 9, 17, 117, NULL, NULL, NULL),
(366, 3, 9, 17, 118, NULL, NULL, NULL),
(367, 3, 9, 18, 119, NULL, NULL, NULL),
(368, 3, 9, 18, 120, NULL, NULL, NULL),
(369, 3, 9, 18, 121, NULL, NULL, NULL),
(370, 3, 9, 18, 122, NULL, NULL, NULL),
(371, 3, 9, 18, 123, NULL, NULL, NULL),
(372, 3, 9, 18, 124, NULL, NULL, NULL),
(373, 3, 9, 19, 125, NULL, NULL, NULL),
(374, 3, 9, 19, 126, NULL, NULL, NULL),
(375, 3, 9, 19, 127, NULL, NULL, NULL),
(376, 3, 9, 19, 128, NULL, NULL, NULL),
(377, 3, 9, 19, 129, NULL, NULL, NULL),
(378, 3, 10, 20, 130, NULL, NULL, NULL),
(379, 3, 10, 21, 131, NULL, NULL, NULL),
(380, 3, 10, 21, 132, NULL, NULL, NULL),
(381, 3, 10, 21, 133, NULL, NULL, NULL),
(382, 3, 10, 21, 134, NULL, NULL, NULL),
(383, 3, 10, 21, 135, NULL, NULL, NULL),
(384, 3, 10, 21, 136, NULL, NULL, NULL),
(385, 3, 10, 21, 137, NULL, NULL, NULL),
(386, 3, 10, 21, 138, NULL, NULL, NULL),
(387, 3, 10, 21, 139, NULL, NULL, NULL),
(388, 3, 10, 22, 140, NULL, NULL, NULL),
(389, 3, 10, 22, 141, NULL, NULL, NULL),
(390, 3, 10, 22, 142, NULL, NULL, NULL),
(391, 3, 10, 22, 143, NULL, NULL, NULL),
(392, 3, 10, 22, 144, NULL, NULL, NULL),
(393, 3, 10, 22, 145, NULL, NULL, NULL),
(394, 3, 10, 22, 146, NULL, NULL, NULL),
(395, 3, 10, 22, 147, NULL, NULL, NULL),
(396, 3, 10, 22, 148, NULL, NULL, NULL),
(397, 4, 4, 4, 19, NULL, NULL, NULL),
(398, 4, 4, 4, 20, NULL, NULL, NULL),
(399, 4, 4, 4, 21, NULL, NULL, NULL),
(400, 4, 4, 4, 22, NULL, NULL, NULL),
(401, 4, 4, 4, 23, NULL, NULL, NULL),
(402, 4, 4, 4, 24, NULL, NULL, NULL),
(403, 4, 4, 4, 25, NULL, NULL, NULL),
(404, 4, 4, 4, 26, NULL, NULL, NULL),
(405, 4, 4, 4, 27, NULL, NULL, NULL),
(406, 4, 4, 4, 28, NULL, NULL, NULL),
(407, 4, 4, 4, 29, NULL, NULL, NULL),
(408, 4, 4, 4, 30, NULL, NULL, NULL),
(409, 4, 4, 4, 31, NULL, NULL, NULL),
(410, 4, 4, 4, 32, NULL, NULL, NULL),
(411, 4, 4, 4, 33, NULL, NULL, NULL),
(412, 4, 4, 4, 34, NULL, NULL, NULL),
(413, 4, 4, 4, 35, NULL, NULL, NULL),
(414, 4, 4, 4, 36, NULL, NULL, NULL),
(415, 4, 4, 4, 37, NULL, NULL, NULL),
(416, 4, 4, 4, 38, NULL, NULL, NULL),
(417, 4, 4, 4, 39, NULL, NULL, NULL),
(418, 4, 4, 4, 40, NULL, NULL, NULL),
(419, 4, 4, 4, 41, NULL, NULL, NULL),
(420, 4, 4, 4, 42, NULL, NULL, NULL),
(421, 4, 4, 4, 43, NULL, NULL, NULL),
(422, 4, 4, 4, 44, NULL, NULL, NULL),
(423, 4, 4, 4, 45, NULL, NULL, NULL),
(424, 4, 7, 12, 88, NULL, NULL, NULL),
(425, 4, 7, 12, 89, NULL, NULL, NULL),
(426, 4, 7, 12, 90, NULL, NULL, NULL),
(427, 4, 7, 12, 91, NULL, NULL, NULL),
(428, 4, 7, 12, 92, NULL, NULL, NULL),
(429, 4, 7, 12, 93, NULL, NULL, NULL),
(430, 4, 10, 20, 130, NULL, NULL, NULL),
(431, 4, 10, 21, 131, NULL, NULL, NULL),
(432, 4, 10, 21, 132, NULL, NULL, NULL),
(433, 4, 10, 21, 133, NULL, NULL, NULL),
(434, 4, 10, 21, 134, NULL, NULL, NULL),
(435, 4, 10, 21, 135, NULL, NULL, NULL),
(436, 4, 10, 21, 136, NULL, NULL, NULL),
(437, 4, 10, 21, 137, NULL, NULL, NULL),
(438, 4, 10, 21, 138, NULL, NULL, NULL),
(439, 4, 10, 21, 139, NULL, NULL, NULL),
(440, 4, 10, 22, 140, NULL, NULL, NULL),
(441, 4, 10, 22, 141, NULL, NULL, NULL),
(442, 4, 10, 22, 142, NULL, NULL, NULL),
(443, 4, 10, 22, 143, NULL, NULL, NULL),
(444, 4, 10, 22, 144, NULL, NULL, NULL),
(445, 4, 10, 22, 145, NULL, NULL, NULL),
(446, 4, 10, 22, 146, NULL, NULL, NULL),
(447, 4, 10, 22, 147, NULL, NULL, NULL),
(448, 4, 10, 22, 148, NULL, NULL, NULL);

-- --------------------------------------------------------

--
-- Table structure for table `salaries`
--

CREATE TABLE `salaries` (
  `id` bigint(20) UNSIGNED NOT NULL,
  `com_id` bigint(20) UNSIGNED DEFAULT NULL,
  `branch_id` bigint(20) UNSIGNED DEFAULT NULL,
  `salary_rule_id` bigint(20) UNSIGNED DEFAULT NULL,
  `employee_id` bigint(20) UNSIGNED DEFAULT NULL,
  `month` varchar(150) COLLATE utf8mb4_unicode_ci DEFAULT NULL,
  `basic_salary` decimal(20,6) DEFAULT 0.000000,
  `allowance` decimal(20,6) DEFAULT 0.000000,
  `deduction` decimal(20,6) DEFAULT 0.000000,
  `other_allowance` decimal(20,6) DEFAULT 0.000000,
  `other_deduction` decimal(20,6) DEFAULT 0.000000,
  `details` longtext COLLATE utf8mb4_unicode_ci DEFAULT NULL,
  `tax` decimal(20,6) DEFAULT NULL,
  `total` decimal(20,6) DEFAULT 0.000000,
  `paid_amount` decimal(20,6) DEFAULT 0.000000,
  `due_amount` decimal(20,6) DEFAULT 0.000000,
  `is_paid` tinyint(4) DEFAULT 0,
  `approval_status` tinyint(4) DEFAULT 0,
  `created_at` timestamp NULL DEFAULT NULL,
  `updated_at` timestamp NULL DEFAULT NULL,
  `deleted_at` timestamp NULL DEFAULT NULL
) ENGINE=InnoDB DEFAULT CHARSET=utf8mb4 COLLATE=utf8mb4_unicode_ci;

-- --------------------------------------------------------

--
-- Table structure for table `salary_rules`
--

CREATE TABLE `salary_rules` (
  `id` bigint(20) UNSIGNED NOT NULL,
  `com_id` bigint(20) UNSIGNED DEFAULT NULL,
  `designation_id` bigint(20) UNSIGNED DEFAULT NULL,
  `name` varchar(150) COLLATE utf8mb4_unicode_ci NOT NULL,
  `basic_salary` decimal(20,6) NOT NULL,
  `details` varchar(150) COLLATE utf8mb4_unicode_ci NOT NULL,
  `status` tinyint(4) NOT NULL DEFAULT 1,
  `created_at` timestamp NULL DEFAULT NULL,
  `updated_at` timestamp NULL DEFAULT NULL,
  `deleted_at` timestamp NULL DEFAULT NULL,
  `created_by` int(11) NOT NULL DEFAULT 0
) ENGINE=InnoDB DEFAULT CHARSET=utf8mb4 COLLATE=utf8mb4_unicode_ci;

-- --------------------------------------------------------

--
-- Table structure for table `salary_rule_structures`
--

CREATE TABLE `salary_rule_structures` (
  `id` bigint(20) UNSIGNED NOT NULL,
  `salary_rule_id` bigint(20) UNSIGNED DEFAULT NULL,
  `salary_structure_id` bigint(20) UNSIGNED DEFAULT NULL,
  `is_percent` tinyint(4) NOT NULL DEFAULT 0,
  `amount` decimal(20,6) NOT NULL DEFAULT 0.000000
) ENGINE=InnoDB DEFAULT CHARSET=utf8mb4 COLLATE=utf8mb4_unicode_ci;

-- --------------------------------------------------------

--
-- Table structure for table `salary_structures`
--

CREATE TABLE `salary_structures` (
  `id` bigint(20) UNSIGNED NOT NULL,
  `com_id` bigint(20) UNSIGNED DEFAULT NULL,
  `type` varchar(150) COLLATE utf8mb4_unicode_ci NOT NULL,
  `name` varchar(150) COLLATE utf8mb4_unicode_ci NOT NULL,
  `status` tinyint(4) NOT NULL DEFAULT 1,
  `created_by` int(11) DEFAULT NULL,
  `created_at` timestamp NULL DEFAULT NULL,
  `updated_at` timestamp NULL DEFAULT NULL,
  `deleted_at` timestamp NULL DEFAULT NULL
) ENGINE=InnoDB DEFAULT CHARSET=utf8mb4 COLLATE=utf8mb4_unicode_ci;

--
-- Dumping data for table `salary_structures`
--

INSERT INTO `salary_structures` (`id`, `com_id`, `type`, `name`, `status`, `created_by`, `created_at`, `updated_at`, `deleted_at`) VALUES
(1, 1, 'Add', 'Mobile Allowance', 1, NULL, '2022-06-10 03:49:08', NULL, NULL),
(2, 1, 'Add', 'House rent', 1, NULL, '2022-06-10 03:49:08', NULL, NULL),
(3, 1, 'Add', 'Medical Allowance', 1, NULL, '2022-06-10 03:49:08', NULL, NULL),
(4, 1, 'Add', 'Travel Allowance', 1, NULL, '2022-06-10 03:49:08', NULL, NULL),
(5, 1, 'Deduct', 'Late deduction', 1, NULL, '2022-06-10 03:49:08', NULL, NULL),
(6, 1, 'Overtime', 'Overtime', 1, NULL, '2022-06-10 03:49:08', NULL, NULL);

-- --------------------------------------------------------

--
-- Table structure for table `shifts`
--

CREATE TABLE `shifts` (
  `id` bigint(20) UNSIGNED NOT NULL,
  `com_id` bigint(20) UNSIGNED DEFAULT NULL,
  `name` varchar(150) COLLATE utf8mb4_unicode_ci NOT NULL,
  `start_time` time NOT NULL,
  `end_time` time NOT NULL,
  `working_hour` decimal(6,2) DEFAULT NULL,
  `details` text COLLATE utf8mb4_unicode_ci DEFAULT NULL,
  `status` tinyint(4) NOT NULL DEFAULT 1,
  `created_by` int(11) NOT NULL DEFAULT 1,
  `created_at` timestamp NULL DEFAULT NULL,
  `updated_at` timestamp NULL DEFAULT NULL,
  `deleted_at` timestamp NULL DEFAULT NULL
) ENGINE=InnoDB DEFAULT CHARSET=utf8mb4 COLLATE=utf8mb4_unicode_ci;

--
-- Dumping data for table `shifts`
--

INSERT INTO `shifts` (`id`, `com_id`, `name`, `start_time`, `end_time`, `working_hour`, `details`, `status`, `created_by`, `created_at`, `updated_at`, `deleted_at`) VALUES
(1, 1, 'Morning Shift', '08:00:00', '16:00:00', '8.00', 'This is morning shift', 1, 1, '2022-06-10 03:49:10', NULL, NULL),
(2, 1, 'Evening Shift', '16:00:00', '24:00:00', '8.00', 'This is evening shift', 1, 1, '2022-06-10 03:49:10', NULL, NULL);

-- --------------------------------------------------------

--
-- Table structure for table `sms_gateway`
--

CREATE TABLE `sms_gateway` (
  `id` bigint(20) UNSIGNED NOT NULL,
  `driver` varchar(150) COLLATE utf8mb4_unicode_ci NOT NULL,
  `details` longtext CHARACTER SET utf8mb4 COLLATE utf8mb4_bin NOT NULL CHECK (json_valid(`details`)),
  `status` tinyint(4) DEFAULT 0,
  `created_at` timestamp NULL DEFAULT NULL,
  `updated_at` timestamp NULL DEFAULT NULL
) ENGINE=InnoDB DEFAULT CHARSET=utf8mb4 COLLATE=utf8mb4_unicode_ci;

--
-- Dumping data for table `sms_gateway`
--

INSERT INTO `sms_gateway` (`id`, `driver`, `details`, `status`, `created_at`, `updated_at`) VALUES
(1, 'twilio', '{\"sid\":\"ACa45d8c5ad593278d02f4055907389645\",\"token\":\"f7ed4cc8bbe6e0833e296448d789957c\",\"from\":\"+16075233978\",\"site_url\":\"twilio.com\"}', 1, '2022-06-10 03:49:01', NULL);

-- --------------------------------------------------------

--
-- Table structure for table `sms_log`
--

CREATE TABLE `sms_log` (
  `id` bigint(20) UNSIGNED NOT NULL,
  `com_id` bigint(20) UNSIGNED DEFAULT NULL,
  `branch_id` bigint(20) UNSIGNED DEFAULT NULL,
  `employee_id` bigint(20) UNSIGNED DEFAULT NULL,
  `sms` mediumtext COLLATE utf8mb4_unicode_ci DEFAULT NULL,
  `status` tinyint(4) NOT NULL DEFAULT 1,
  `created_at` timestamp NULL DEFAULT NULL,
  `updated_at` timestamp NULL DEFAULT NULL,
  `deleted_at` timestamp NULL DEFAULT NULL,
  `created_by` int(11) NOT NULL DEFAULT 0
) ENGINE=InnoDB DEFAULT CHARSET=utf8mb4 COLLATE=utf8mb4_unicode_ci;

-- --------------------------------------------------------

--
-- Table structure for table `submodules`
--

CREATE TABLE `submodules` (
  `id` bigint(20) UNSIGNED NOT NULL,
  `module_id` bigint(20) UNSIGNED DEFAULT NULL,
  `name` varchar(150) COLLATE utf8mb4_unicode_ci NOT NULL,
  `scope` longtext CHARACTER SET utf8mb4 COLLATE utf8mb4_bin DEFAULT NULL CHECK (json_valid(`scope`)),
  `order` int(11) DEFAULT 0,
  `show` tinyint(4) NOT NULL DEFAULT 1,
  `status` tinyint(4) NOT NULL DEFAULT 1,
  `created_at` timestamp NULL DEFAULT NULL,
  `updated_at` timestamp NULL DEFAULT NULL
) ENGINE=InnoDB DEFAULT CHARSET=utf8mb4 COLLATE=utf8mb4_unicode_ci;

--
-- Dumping data for table `submodules`
--

INSERT INTO `submodules` (`id`, `module_id`, `name`, `scope`, `order`, `show`, `status`, `created_at`, `updated_at`) VALUES
(1, 1, 'Activities', '[\"common\"]', 1, 0, 1, NULL, NULL),
(2, 2, 'Branches', '[\"common\"]', 1, 0, 1, NULL, NULL),
(3, 3, 'Companies', '[\"admin\"]', 1, 0, 1, NULL, NULL),
(4, 4, 'Employees', '[\"common\",\"employee\"]', 1, 0, 1, NULL, NULL),
(5, 5, 'Departments', '[\"common\"]', 1, 0, 1, NULL, NULL),
(6, 5, 'Designations', '[\"common\"]', 2, 0, 1, NULL, NULL),
(7, 5, 'Attendance Deduction Policy', '[\"common\"]', 3, 0, 1, NULL, NULL),
(8, 5, 'Leave Policy', '[\"common\"]', 3, 0, 1, NULL, NULL),
(9, 6, 'Salary Structure Components', '[\"common\"]', 2, 0, 1, NULL, NULL),
(10, 6, 'Salary Rules', '[\"common\"]', 3, 1, 1, NULL, NULL),
(11, 6, 'Salary', '[\"common\"]', 4, 1, 1, NULL, NULL),
(12, 7, 'Reports', '[\"common\",\"employee\"]', 1, 0, 1, NULL, NULL),
(13, 8, 'SMS', '[\"common\"]', 1, 0, 1, NULL, NULL),
(14, 8, 'Emails', '[\"common\"]', 1, 0, 0, NULL, NULL),
(15, 9, 'Employment Type', '[\"admin\",\"company\"]', 1, 0, 1, NULL, NULL),
(16, 9, 'Leave Types', '[\"common\"]', 3, 0, 1, NULL, NULL),
(17, 9, 'Taxes', '[\"common\"]', 4, 0, 1, NULL, NULL),
(18, 9, 'Working Shift', '[\"admin\",\"company\"]', 2, 0, 1, NULL, NULL),
(19, 9, 'Holidays', '[\"common\",\"employee\"]', 1, 0, 1, NULL, NULL),
(20, 10, 'Dashboard', '[\"common\"]', 2, 0, 1, NULL, NULL),
(21, 10, 'Leave Applications', '[\"common\",\"employee\"]', 3, 1, 1, NULL, NULL),
(22, 10, 'Attendance', '[\"common\",\"employee\"]', 4, 1, 1, NULL, NULL),
(23, 11, 'Roles', '[\"common\"]', 1, 1, 1, NULL, NULL),
(24, 11, 'Users', '[\"common\"]', 2, 0, 1, NULL, NULL),
(25, 11, 'Password Reset', '[\"common\"]', 3, 0, 1, NULL, NULL);

-- --------------------------------------------------------

--
-- Table structure for table `system_settings`
--

CREATE TABLE `system_settings` (
  `id` bigint(20) UNSIGNED NOT NULL,
  `system_name` varchar(150) COLLATE utf8mb4_unicode_ci DEFAULT NULL,
  `system_phone` varchar(150) COLLATE utf8mb4_unicode_ci DEFAULT NULL,
  `system_email` varchar(150) COLLATE utf8mb4_unicode_ci DEFAULT NULL,
  `sms_events` longtext CHARACTER SET utf8mb4 COLLATE utf8mb4_bin DEFAULT NULL CHECK (json_valid(`sms_events`)),
  `email_notification` varchar(150) COLLATE utf8mb4_unicode_ci DEFAULT NULL,
  `pagination` int(11) NOT NULL DEFAULT 25,
  `report_pagination` int(11) NOT NULL DEFAULT 100,
  `use_cache` tinyint(4) DEFAULT 0,
  `timezone_id` int(11) DEFAULT NULL,
  `currency_id` int(11) DEFAULT NULL,
  `show_currency_symbol` tinyint(4) DEFAULT 0,
  `show_space_after_symbol` tinyint(4) DEFAULT 0,
  `has_tax_policy` tinyint(4) DEFAULT 0,
  `system_realtime_notification` tinyint(4) DEFAULT 0,
  `mix` mediumtext COLLATE utf8mb4_unicode_ci DEFAULT NULL,
  `created_at` timestamp NULL DEFAULT NULL,
  `updated_at` timestamp NULL DEFAULT NULL
) ENGINE=InnoDB DEFAULT CHARSET=utf8mb4 COLLATE=utf8mb4_unicode_ci;

--
-- Dumping data for table `system_settings`
--

INSERT INTO `system_settings` (`id`, `system_name`, `system_phone`, `system_email`, `sms_events`, `email_notification`, `pagination`, `report_pagination`, `use_cache`, `timezone_id`, `currency_id`, `show_currency_symbol`, `show_space_after_symbol`, `has_tax_policy`, `system_realtime_notification`, `mix`, `created_at`, `updated_at`) VALUES
(1, 'Inta-Hrm', '01826319556', 'help.intadev@gmail.com', NULL, '0', 10, 100, 0, 70, 148, 0, 0, 0, 0, 'MTAwMDBodHRwOi8vbG9jYWxob3N0fDk5OTktMzMyMy0yMzQ1', '2022-06-10 03:48:00', '2022-06-10 09:53:11');

-- --------------------------------------------------------

--
-- Table structure for table `taxes`
--

CREATE TABLE `taxes` (
  `id` bigint(20) UNSIGNED NOT NULL,
  `com_id` bigint(20) UNSIGNED DEFAULT NULL,
  `eligible_amount` decimal(20,6) DEFAULT NULL,
  `tax` decimal(6,2) DEFAULT NULL,
  `status` tinyint(4) DEFAULT NULL,
  `created_at` timestamp NULL DEFAULT NULL,
  `updated_at` timestamp NULL DEFAULT NULL,
  `deleted_at` timestamp NULL DEFAULT NULL
) ENGINE=InnoDB DEFAULT CHARSET=utf8mb4 COLLATE=utf8mb4_unicode_ci;

--
-- Dumping data for table `taxes`
--

INSERT INTO `taxes` (`id`, `com_id`, `eligible_amount`, `tax`, `status`, `created_at`, `updated_at`, `deleted_at`) VALUES
(1, 1, '1000.000000', '3.00', 1, NULL, NULL, NULL),
(2, 1, '10000.000000', '2.00', 1, NULL, NULL, NULL);

-- --------------------------------------------------------

--
-- Table structure for table `timezones`
--

CREATE TABLE `timezones` (
  `id` int(10) UNSIGNED NOT NULL,
  `value` varchar(150) COLLATE utf8mb4_unicode_ci DEFAULT NULL,
  `abbr` varchar(150) COLLATE utf8mb4_unicode_ci DEFAULT NULL,
  `offset` int(11) DEFAULT NULL,
  `text` varchar(150) COLLATE utf8mb4_unicode_ci DEFAULT NULL,
  `utc` varchar(150) COLLATE utf8mb4_unicode_ci DEFAULT NULL,
  `dst` tinyint(1) DEFAULT 0,
  `created_at` timestamp NULL DEFAULT NULL,
  `updated_at` timestamp NULL DEFAULT NULL
) ENGINE=InnoDB DEFAULT CHARSET=utf8mb4 COLLATE=utf8mb4_unicode_ci;

--
-- Dumping data for table `timezones`
--

INSERT INTO `timezones` (`id`, `value`, `abbr`, `offset`, `text`, `utc`, `dst`, `created_at`, `updated_at`) VALUES
(1, 'Dateline Standard Time', 'DST', -12, '(UTC-12:00) International Date Line West', 'Etc/GMT+12', 0, '2022-06-10 03:48:51', '2022-06-10 03:48:51'),
(2, 'UTC-11', 'U', -11, '(UTC-11:00) Coordinated Universal Time-11', 'Pacific/Midway', 0, '2022-06-10 03:48:51', '2022-06-10 03:48:51'),
(3, 'Hawaiian Standard Time', 'HST', -10, '(UTC-10:00) Hawaii', 'Pacific/Honolulu', 0, '2022-06-10 03:48:51', '2022-06-10 03:48:51'),
(4, 'Alaskan Standard Time', 'AKDT', -8, '(UTC-09:00) Alaska', 'America/Anchorage', 1, '2022-06-10 03:48:51', '2022-06-10 03:48:51'),
(5, 'Pacific Standard Time (Mexico)', 'PDT', -7, '(UTC-08:00) Baja California', 'America/Santa_Isabel', 1, '2022-06-10 03:48:51', '2022-06-10 03:48:51'),
(6, 'Pacific Standard Time', 'PDT', -7, '(UTC-08:00) Pacific Time (US & Canada)', 'America/Los_Angeles', 1, '2022-06-10 03:48:51', '2022-06-10 03:48:51'),
(7, 'US Mountain Standard Time', 'UMST', -7, '(UTC-07:00) Arizona', 'America/Phoenix', 0, '2022-06-10 03:48:51', '2022-06-10 03:48:51'),
(8, 'Mountain Standard Time (Mexico)', 'MDT', -6, '(UTC-07:00) Chihuahua, La Paz, Mazatlan', 'America/Chihuahua', 1, '2022-06-10 03:48:51', '2022-06-10 03:48:51'),
(9, 'Mountain Standard Time', 'MDT', -6, '(UTC-07:00) Mountain Time (US & Canada)', 'America/Denver', 1, '2022-06-10 03:48:52', '2022-06-10 03:48:52'),
(10, 'Central America Standard Time', 'CAST', -6, '(UTC-06:00) Central America', 'America/Guatemala', 0, '2022-06-10 03:48:52', '2022-06-10 03:48:52'),
(11, 'Central Standard Time', 'CDT', -5, '(UTC-06:00) Central Time (US & Canada)', 'America/Chicago', 1, '2022-06-10 03:48:52', '2022-06-10 03:48:52'),
(12, 'Central Standard Time (Mexico)', 'CDT', -5, '(UTC-06:00) Guadalajara, Mexico City, Monterrey', 'America/Mexico_City', 1, '2022-06-10 03:48:52', '2022-06-10 03:48:52'),
(13, 'Canada Central Standard Time', 'CCST', -6, '(UTC-06:00) Saskatchewan', 'America/Regina', 0, '2022-06-10 03:48:52', '2022-06-10 03:48:52'),
(14, 'SA Pacific Standard Time', 'SPST', -5, '(UTC-05:00) Bogota, Lima, Quito', 'America/Lima', 0, '2022-06-10 03:48:52', '2022-06-10 03:48:52'),
(15, 'Eastern Standard Time', 'EDT', -4, '(UTC-05:00) Eastern Time (US & Canada)', 'America/New_York', 1, '2022-06-10 03:48:52', '2022-06-10 03:48:52'),
(16, 'US Eastern Standard Time', 'UEDT', -4, '(UTC-05:00) Indiana (East)', 'America/Indianapolis', 1, '2022-06-10 03:48:52', '2022-06-10 03:48:52'),
(17, 'Venezuela Standard Time', 'VST', -5, '(UTC-04:30) Caracas', 'America/Caracas', 0, '2022-06-10 03:48:52', '2022-06-10 03:48:52'),
(18, 'Paraguay Standard Time', 'PST', -4, '(UTC-04:00) Asuncion', 'America/Asuncion', 0, '2022-06-10 03:48:52', '2022-06-10 03:48:52'),
(19, 'Atlantic Standard Time', 'ADT', -3, '(UTC-04:00) Atlantic Time (Canada)', 'Atlantic/Bermuda', 1, '2022-06-10 03:48:52', '2022-06-10 03:48:52'),
(20, 'Central Brazilian Standard Time', 'CBST', -4, '(UTC-04:00) Cuiaba', 'America/Cuiaba', 0, '2022-06-10 03:48:53', '2022-06-10 03:48:53'),
(21, 'SA Western Standard Time', 'SWST', -4, '(UTC-04:00) Georgetown, La Paz, Manaus, San Juan', 'America/Aruba', 0, '2022-06-10 03:48:53', '2022-06-10 03:48:53'),
(22, 'Pacific SA Standard Time', 'PSST', -4, '(UTC-04:00) Santiago', 'America/Santiago', 0, '2022-06-10 03:48:53', '2022-06-10 03:48:53'),
(23, 'Newfoundland Standard Time', 'NDT', -3, '(UTC-03:30) Newfoundland', 'America/St_Johns', 1, '2022-06-10 03:48:53', '2022-06-10 03:48:53'),
(24, 'E. South America Standard Time', 'ESAST', -3, '(UTC-03:00) Brasilia', 'America/Sao_Paulo', 0, '2022-06-10 03:48:53', '2022-06-10 03:48:53'),
(25, 'Argentina Standard Time', 'AST', -3, '(UTC-03:00) Buenos Aires', 'America/Buenos_Aires', 0, '2022-06-10 03:48:53', '2022-06-10 03:48:53'),
(26, 'SA Eastern Standard Time', 'SEST', -3, '(UTC-03:00) Cayenne, Fortaleza', 'America/Cayenne', 0, '2022-06-10 03:48:54', '2022-06-10 03:48:54'),
(27, 'Greenland Standard Time', 'GDT', -2, '(UTC-03:00) Greenland', 'America/Godthab', 1, '2022-06-10 03:48:54', '2022-06-10 03:48:54'),
(28, 'Montevideo Standard Time', 'MST', -3, '(UTC-03:00) Montevideo', 'America/Montevideo', 0, '2022-06-10 03:48:54', '2022-06-10 03:48:54'),
(29, 'Bahia Standard Time', 'BST', -3, '(UTC-03:00) Salvador', 'America/Bahia', 0, '2022-06-10 03:48:54', '2022-06-10 03:48:54'),
(30, 'UTC-02', 'U', -2, '(UTC-02:00) Coordinated Universal Time-02', 'America/Noronha', 0, '2022-06-10 03:48:54', '2022-06-10 03:48:54'),
(31, 'Azores Standard Time', 'ADT', 0, '(UTC-01:00) Azores', 'Atlantic/Azores', 1, '2022-06-10 03:48:55', '2022-06-10 03:48:55'),
(32, 'Cape Verde Standard Time', 'CVST', -1, '(UTC-01:00) Cape Verde Is.', 'Atlantic/Cape_Verde', 0, '2022-06-10 03:48:55', '2022-06-10 03:48:55'),
(33, 'Morocco Standard Time', 'MDT', 1, '(UTC) Casablanca', 'Africa/Casablanca', 1, '2022-06-10 03:48:55', '2022-06-10 03:48:55'),
(34, 'UTC', 'CUT', 0, '(UTC) Coordinated Universal Time', 'America/Danmarkshavn', 0, '2022-06-10 03:48:55', '2022-06-10 03:48:55'),
(35, 'GMT Standard Time', 'GDT', 1, '(UTC) Dublin, Edinburgh, Lisbon, London', 'Europe/London', 1, '2022-06-10 03:48:55', '2022-06-10 03:48:55'),
(36, 'Greenwich Standard Time', 'GST', 0, '(UTC) Monrovia, Reykjavik', 'Africa/Monrovia', 0, '2022-06-10 03:48:55', '2022-06-10 03:48:55'),
(37, 'W. Europe Standard Time', 'WEDT', 2, '(UTC+01:00) Amsterdam, Berlin, Bern, Rome, Stockholm, Vienna', 'Europe/Amsterdam', 1, '2022-06-10 03:48:56', '2022-06-10 03:48:56'),
(38, 'Central Europe Standard Time', 'CEDT', 2, '(UTC+01:00) Belgrade, Bratislava, Budapest, Ljubljana, Prague', 'Europe/Budapest', 1, '2022-06-10 03:48:56', '2022-06-10 03:48:56'),
(39, 'Romance Standard Time', 'RDT', 2, '(UTC+01:00) Brussels, Copenhagen, Madrid, Paris', 'Europe/Paris', 1, '2022-06-10 03:48:56', '2022-06-10 03:48:56'),
(40, 'Central European Standard Time', 'CEDT', 2, '(UTC+01:00) Sarajevo, Skopje, Warsaw, Zagreb', 'Europe/Warsaw', 1, '2022-06-10 03:48:56', '2022-06-10 03:48:56'),
(41, 'W. Central Africa Standard Time', 'WCAST', 1, '(UTC+01:00) West Central Africa', 'Africa/Lagos', 0, '2022-06-10 03:48:56', '2022-06-10 03:48:56'),
(42, 'Namibia Standard Time', 'NST', 1, '(UTC+01:00) Windhoek', 'Africa/Windhoek', 0, '2022-06-10 03:48:56', '2022-06-10 03:48:56'),
(43, 'GTB Standard Time', 'GDT', 3, '(UTC+02:00) Athens, Bucharest, Chisinau, Nicosia', 'Europe/Athens', 1, '2022-06-10 03:48:56', '2022-06-10 03:48:56'),
(44, 'Middle East Standard Time', 'MEDT', 3, '(UTC+02:00) Beirut', 'Asia/Beirut', 1, '2022-06-10 03:48:56', '2022-06-10 03:48:56'),
(45, 'Egypt Standard Time', 'EST', 2, '(UTC+02:00) Cairo', 'Africa/Cairo', 0, '2022-06-10 03:48:56', '2022-06-10 03:48:56'),
(46, 'Syria Standard Time', 'SDT', 3, '(UTC+02:00) Damascus', 'Asia/Damascus', 1, '2022-06-10 03:48:56', '2022-06-10 03:48:56'),
(47, 'South Africa Standard Time', 'SAST', 2, '(UTC+02:00) Harare, Pretoria, Johannesburg, Bujumbura', 'Africa/Harare', 0, '2022-06-10 03:48:56', '2022-06-10 03:48:56'),
(48, 'FLE Standard Time', 'FDT', 3, '(UTC+02:00) Helsinki, Kyiv, Riga, Sofia, Tallinn, Vilnius', 'Europe/Helsinki', 1, '2022-06-10 03:48:57', '2022-06-10 03:48:57'),
(49, 'Turkey Standard Time', 'TDT', 3, '(UTC+02:00) Istanbul', 'Europe/Istanbul', 1, '2022-06-10 03:48:57', '2022-06-10 03:48:57'),
(50, 'Israel Standard Time', 'JDT', 3, '(UTC+02:00) Jerusalem', 'Asia/Jerusalem', 1, '2022-06-10 03:48:57', '2022-06-10 03:48:57'),
(51, 'Libya Standard Time', 'LST', 2, '(UTC+02:00) Tripoli', 'Africa/Tripoli', 0, '2022-06-10 03:48:57', '2022-06-10 03:48:57'),
(52, 'Jordan Standard Time', 'JST', 3, '(UTC+03:00) Amman', 'Asia/Amman', 0, '2022-06-10 03:48:57', '2022-06-10 03:48:57'),
(53, 'Arabic Standard Time', 'AST', 3, '(UTC+03:00) Baghdad', 'Asia/Baghdad', 0, '2022-06-10 03:48:57', '2022-06-10 03:48:57'),
(54, 'Kaliningrad Standard Time', 'KST', 3, '(UTC+03:00) Kaliningrad, Minsk', 'Europe/Kaliningrad', 0, '2022-06-10 03:48:57', '2022-06-10 03:48:57'),
(55, 'Arab Standard Time', 'AST', 3, '(UTC+03:00) Aden, Bahrain, Kuwait, Riyadh, Qatar', 'Asia/Qatar', 0, '2022-06-10 03:48:57', '2022-06-10 03:48:57'),
(56, 'E. Africa Standard Time', 'EAST', 3, '(UTC+03:00) Nairobi, Comoro, Juba', 'Africa/Nairobi', 0, '2022-06-10 03:48:58', '2022-06-10 03:48:58'),
(57, 'Iran Standard Time', 'IDT', 5, '(UTC+03:30) Tehran', 'Asia/Tehran', 1, '2022-06-10 03:48:58', '2022-06-10 03:48:58'),
(58, 'Arabian Standard Time', 'AST', 4, '(UTC+04:00) Abu Dhabi, Muscat', 'Asia/Dubai', 0, '2022-06-10 03:48:58', '2022-06-10 03:48:58'),
(59, 'Azerbaijan Standard Time', 'ADT', 5, '(UTC+04:00) Baku', 'Asia/Baku', 1, '2022-06-10 03:48:58', '2022-06-10 03:48:58'),
(60, 'Russian Standard Time', 'RST', 4, '(UTC+04:00) Samara, Moscow, St. Petersburg, Simferopol, Volgograd', 'Europe/Moscow', 0, '2022-06-10 03:48:58', '2022-06-10 03:48:58'),
(61, 'Mauritius Standard Time', 'MST', 4, '(UTC+04:00) Port Louis, Mauritius, Reunion, Mahe', 'Indian/Mauritius', 0, '2022-06-10 03:48:58', '2022-06-10 03:48:58'),
(62, 'Georgian Standard Time', 'GST', 4, '(UTC+04:00) Tbilisi', 'Asia/Tbilisi', 0, '2022-06-10 03:48:58', '2022-06-10 03:48:58'),
(63, 'Caucasus Standard Time', 'CST', 4, '(UTC+04:00) Yerevan', 'Asia/Yerevan', 0, '2022-06-10 03:48:58', '2022-06-10 03:48:58'),
(64, 'Afghanistan Standard Time', 'AST', 5, '(UTC+04:30) Kabul', 'Asia/Kabul', 0, '2022-06-10 03:48:58', '2022-06-10 03:48:58'),
(65, 'West Asia Standard Time', 'WAST', 5, '(UTC+05:00) Ashgabat, Dushanbe, Tashkent, Maldives', 'Asia/Tashkent', 0, '2022-06-10 03:48:58', '2022-06-10 03:48:58'),
(66, 'Pakistan Standard Time', 'PST', 5, '(UTC+05:00) Islamabad, Karachi', 'Asia/Karachi', 0, '2022-06-10 03:48:59', '2022-06-10 03:48:59'),
(67, 'India Standard Time', 'IST', 6, '(UTC+05:30) Chennai, Kolkata, Mumbai, New Delhi', 'Asia/Calcutta', 0, '2022-06-10 03:48:59', '2022-06-10 03:48:59'),
(68, 'Sri Lanka Standard Time', 'SLST', 6, '(UTC+05:30) Sri Jayawardenepura', 'Asia/Colombo', 0, '2022-06-10 03:48:59', '2022-06-10 03:48:59'),
(69, 'Nepal Standard Time', 'NST', 6, '(UTC+05:45) Kathmandu', 'Asia/Katmandu', 0, '2022-06-10 03:48:59', '2022-06-10 03:48:59'),
(70, 'Central Asia Standard Time', 'CAST', 6, '(UTC+06:00) Astana, Dhaka, Thimphu', 'Asia/Dhaka', 0, '2022-06-10 03:48:59', '2022-06-10 03:48:59'),
(71, 'Ekaterinburg Standard Time', 'EST', 6, '(UTC+06:00) Ekaterinburg', 'Asia/Yekaterinburg', 0, '2022-06-10 03:48:59', '2022-06-10 03:48:59'),
(72, 'Myanmar Standard Time', 'MST', 7, '(UTC+06:30) Yangon (Rangoon), Cocos', 'Asia/Rangoon', 0, '2022-06-10 03:48:59', '2022-06-10 03:48:59'),
(73, 'SE Asia Standard Time', 'SAST', 7, '(UTC+07:00) Bangkok, Hanoi, Jakarta, Saigon', 'Asia/Bangkok', 0, '2022-06-10 03:48:59', '2022-06-10 03:48:59'),
(74, 'N. Central Asia Standard Time', 'NCAST', 7, '(UTC+07:00) Novosibirsk', 'Asia/Novosibirsk', 0, '2022-06-10 03:48:59', '2022-06-10 03:48:59'),
(75, 'China Standard Time', 'CST', 8, '(UTC+08:00) Beijing, Chongqing, Hong Kong, Macau, Shanghai, Urumqi', 'Asia/Shanghai', 0, '2022-06-10 03:48:59', '2022-06-10 03:48:59'),
(76, 'North Asia Standard Time', 'NAST', 8, '(UTC+08:00) Krasnoyarsk', 'Asia/Krasnoyarsk', 0, '2022-06-10 03:48:59', '2022-06-10 03:48:59'),
(77, 'Singapore Standard Time', 'MPST', 8, '(UTC+08:00) Kuala Lumpur, Singapore, Brunei, Makassar, Manila', 'Asia/Singapore', 0, '2022-06-10 03:48:59', '2022-06-10 03:48:59'),
(78, 'W. Australia Standard Time', 'WAST', 8, '(UTC+08:00) Perth', 'Australia/Perth', 0, '2022-06-10 03:48:59', '2022-06-10 03:48:59'),
(79, 'Taipei Standard Time', 'TST', 8, '(UTC+08:00) Taipei', 'Asia/Taipei', 0, '2022-06-10 03:48:59', '2022-06-10 03:48:59'),
(80, 'Ulaanbaatar Standard Time', 'UST', 8, '(UTC+08:00) Ulaanbaatar', 'Asia/Ulaanbaatar', 0, '2022-06-10 03:48:59', '2022-06-10 03:48:59'),
(81, 'North Asia East Standard Time', 'NAEST', 9, '(UTC+09:00) Irkutsk', 'Asia/Irkutsk', 0, '2022-06-10 03:48:59', '2022-06-10 03:48:59'),
(82, 'Tokyo Standard Time', 'TST', 9, '(UTC+09:00) Dili, Osaka, Palau, Sapporo, Tokyo', 'Asia/Tokyo', 0, '2022-06-10 03:49:00', '2022-06-10 03:49:00'),
(83, 'Korea Standard Time', 'KST', 9, '(UTC+09:00) Pyongyang, Seoul', 'Asia/Seoul', 0, '2022-06-10 03:49:00', '2022-06-10 03:49:00'),
(84, 'Cen. Australia Standard Time', 'CAST', 10, '(UTC+09:30) Adelaide', 'Australia/Adelaide', 0, '2022-06-10 03:49:00', '2022-06-10 03:49:00'),
(85, 'AUS Central Standard Time', 'ACST', 10, '(UTC+09:30) Darwin', 'Australia/Darwin', 0, '2022-06-10 03:49:00', '2022-06-10 03:49:00'),
(86, 'E. Australia Standard Time', 'EAST', 10, '(UTC+10:00) Brisbane', 'Australia/Brisbane', 0, '2022-06-10 03:49:00', '2022-06-10 03:49:00'),
(87, 'AUS Eastern Standard Time', 'AEST', 10, '(UTC+10:00) Canberra, Melbourne, Sydney', 'Australia/Sydney', 0, '2022-06-10 03:49:00', '2022-06-10 03:49:00'),
(88, 'West Pacific Standard Time', 'WPST', 10, '(UTC+10:00) Guam, Port Moresby', 'Pacific/Guam', 0, '2022-06-10 03:49:00', '2022-06-10 03:49:00'),
(89, 'Tasmania Standard Time', 'TST', 10, '(UTC+10:00) Hobart', 'Australia/Hobart', 0, '2022-06-10 03:49:00', '2022-06-10 03:49:00'),
(90, 'Yakutsk Standard Time', 'YST', 10, '(UTC+10:00) Yakutsk', 'Asia/Yakutsk', 0, '2022-06-10 03:49:00', '2022-06-10 03:49:00'),
(91, 'Central Pacific Standard Time', 'CPST', 11, '(UTC+11:00) Solomon Is., New Caledonia', 'Pacific/Guadalcanal', 0, '2022-06-10 03:49:01', '2022-06-10 03:49:01'),
(92, 'Vladivostok Standard Time', 'VST', 11, '(UTC+11:00) Vladivostok', 'Asia/Vladivostok', 0, '2022-06-10 03:49:01', '2022-06-10 03:49:01'),
(93, 'New Zealand Standard Time', 'NZST', 12, '(UTC+12:00) Auckland, Wellington', 'Antarctica/McMurdo', 0, '2022-06-10 03:49:01', '2022-06-10 03:49:01'),
(94, 'UTC+12', 'U', 12, '(UTC+12:00) Coordinated Universal Time+12', 'Pacific/Tarawa', 0, '2022-06-10 03:49:01', '2022-06-10 03:49:01'),
(95, 'Fiji Standard Time', 'FST', 12, '(UTC+12:00) Fiji', 'Pacific/Fiji', 0, '2022-06-10 03:49:01', '2022-06-10 03:49:01'),
(96, 'Magadan Standard Time', 'MST', 12, '(UTC+12:00) Magadan', 'Asia/Magadan', 0, '2022-06-10 03:49:01', '2022-06-10 03:49:01'),
(97, 'Samoa/Tonga/Kamchatka Standard Time', 'SST', 13, '(UTC+13:00) Samoa, Tongatapu, Fakaofo, Enderbury', 'Pacific/Apia', 0, '2022-06-10 03:49:01', '2022-06-10 03:49:01');

-- --------------------------------------------------------

--
-- Table structure for table `users`
--

CREATE TABLE `users` (
  `id` bigint(20) UNSIGNED NOT NULL,
  `com_id` bigint(20) UNSIGNED DEFAULT NULL,
  `branch_id` bigint(20) UNSIGNED DEFAULT NULL,
  `department_id` bigint(20) UNSIGNED DEFAULT NULL,
  `role_id` bigint(20) UNSIGNED DEFAULT NULL,
  `profile_id` bigint(20) UNSIGNED DEFAULT NULL,
  `employee_id` bigint(20) UNSIGNED DEFAULT NULL,
  `name` varchar(150) COLLATE utf8mb4_unicode_ci NOT NULL,
  `email` varchar(150) COLLATE utf8mb4_unicode_ci NOT NULL,
  `level` varchar(150) COLLATE utf8mb4_unicode_ci DEFAULT NULL,
  `status` tinyint(4) NOT NULL DEFAULT 1,
  `email_verified_at` timestamp NULL DEFAULT NULL,
  `password` varchar(150) COLLATE utf8mb4_unicode_ci NOT NULL,
  `remember_token` varchar(100) COLLATE utf8mb4_unicode_ci DEFAULT NULL,
  `created_at` timestamp NULL DEFAULT NULL,
  `updated_at` timestamp NULL DEFAULT NULL,
  `deleted_at` timestamp NULL DEFAULT NULL
) ENGINE=InnoDB DEFAULT CHARSET=utf8mb4 COLLATE=utf8mb4_unicode_ci;

--
-- Dumping data for table `users`
--

INSERT INTO `users` (`id`, `com_id`, `branch_id`, `department_id`, `role_id`, `profile_id`, `employee_id`, `name`, `email`, `level`, `status`, `email_verified_at`, `password`, `remember_token`, `created_at`, `updated_at`, `deleted_at`) VALUES
(1, NULL, NULL, NULL, NULL, 1, NULL, 'Super Admin', 'superadmin@demo.com', 'super_admin', 1, NULL, '$2y$10$TDdoR4keWkw0F07ndUHfIOUqbphsi61LAR0gzM.sBeEn22JD4YAIm', NULL, '2022-06-10 03:49:17', '2022-06-10 03:49:17', NULL),
(2, NULL, NULL, NULL, 1, 2, NULL, 'Admin', 'admin@demo.com', 'admin_admin', 1, NULL, '$2y$10$lzG3peARK46Vn0CcI3sVyOTrZpsG2ESDwsHbEgIWhcdUYJDtJT5uS', NULL, '2022-06-10 03:49:17', '2022-06-10 03:49:17', NULL),
(3, 1, NULL, NULL, 2, NULL, NULL, 'Demo Company', 'company@demo.com', 'company_admin', 1, NULL, '$2y$10$Ya61riZGhheu.frWTP687.3afI5AvoxfTI2Lca5lpDOU2ZPGdrkkm', NULL, NULL, NULL, NULL),
(4, NULL, 1, NULL, 3, NULL, NULL, 'Demo Branch', 'branch@demo.com', 'branch_admin', 1, NULL, '$2y$10$Lc45SZcQG6no8.0AMSaLuelQZHhXA/LTZNtU4vC/IlteFIqa3q9Fy', NULL, NULL, NULL, NULL),
(5, 1, 1, NULL, 4, NULL, 1, 'Employee 0', 'employee0@demo.com', 'employee', 1, NULL, '$2y$10$jvb5p0IMHPwMnhYYziJ3ZuG2gV45KHAGyjI1OfJBF3VQsRyHADNh2', NULL, '2022-06-10 03:49:05', NULL, NULL),
(6, 1, NULL, NULL, 4, NULL, 2, 'Employee 1', 'employee1@demo.com', 'employee', 1, NULL, '$2y$10$RkfCl3d83BOQO7TXDLn3/ebHqajfvWgcp0uvlWBRIRMriHscko67e', NULL, '2022-06-10 03:49:05', NULL, NULL),
(7, 1, 1, NULL, 4, NULL, 3, 'Employee 2', 'employee2@demo.com', 'employee', 1, NULL, '$2y$10$oWAdZ/uIx1LThygCcwItrubuibtWm0jJCJs4schkhnn4BuM98LHmm', NULL, '2022-06-10 03:49:05', NULL, NULL),
(8, 1, NULL, NULL, 4, NULL, 4, 'Employee 3', 'employee3@demo.com', 'employee', 1, NULL, '$2y$10$egM/JpzXujTR/Mn3JfpIyuIwANWml19gfzyXBKvJ0VnYDQJessm.q', NULL, '2022-06-10 03:49:05', NULL, NULL),
(9, 1, 1, NULL, 4, NULL, 5, 'Employee 4', 'employee4@demo.com', 'employee', 1, NULL, '$2y$10$nqPxq3pbe36rKalWYxamZuiYaqwWM/ufexbBpQu6iHmyeYR6uZVpK', NULL, '2022-06-10 03:49:05', NULL, NULL),
(10, 1, NULL, NULL, 4, NULL, 6, 'Employee 5', 'employee5@demo.com', 'employee', 1, NULL, '$2y$10$HPyAHLPa/g30lZ7sdCQx..Mhc023RSnEc.6bmjkUENzIBqXaYqYLu', NULL, '2022-06-10 03:49:06', NULL, NULL),
(11, 1, 1, NULL, 4, NULL, 7, 'Employee 6', 'employee6@demo.com', 'employee', 1, NULL, '$2y$10$WWmie/6DeN1K/.HtR6As7uoUC4mJYgfZFApczMO2PrMizTXTBAacG', NULL, '2022-06-10 03:49:06', NULL, NULL),
(12, 1, NULL, NULL, 4, NULL, 8, 'Employee 7', 'employee7@demo.com', 'employee', 1, NULL, '$2y$10$eWTOLAMa7ld0ivFwJpCd6uEvIYTNe0rEH0Rnw36oI7LEVOEH25pem', NULL, '2022-06-10 03:49:06', NULL, NULL),
(13, 1, 1, NULL, 4, NULL, 9, 'Employee 8', 'employee8@demo.com', 'employee', 1, NULL, '$2y$10$k7sRKYK42i9BwgguAUvY/e3V5lQbJQZO/CZtkhXn3MqcVZFLROSA2', NULL, '2022-06-10 03:49:07', NULL, NULL),
(14, 1, NULL, NULL, 4, NULL, 10, 'Employee 9', 'employee9@demo.com', 'employee', 1, NULL, '$2y$10$dopYI8YyKYmgYvKkkstlJ.y4dx6rZaqUvrUJ1CmKSALmewKI9sIiW', NULL, '2022-06-10 03:49:07', NULL, NULL);

-- --------------------------------------------------------

--
-- Table structure for table `zkteco_devices`
--

CREATE TABLE `zkteco_devices` (
  `id` bigint(20) UNSIGNED NOT NULL,
  `com_id` int(11) NOT NULL,
  `branch_id` int(11) NOT NULL,
  `ip` varchar(45) COLLATE utf8mb4_unicode_ci NOT NULL,
  `port` varchar(10) COLLATE utf8mb4_unicode_ci NOT NULL DEFAULT '4370',
  `status` tinyint(4) NOT NULL DEFAULT 0,
  `created_at` timestamp NULL DEFAULT NULL,
  `updated_at` timestamp NULL DEFAULT NULL
) ENGINE=InnoDB DEFAULT CHARSET=utf8mb4 COLLATE=utf8mb4_unicode_ci;

--
-- Indexes for dumped tables
--

--
-- Indexes for table `activity_log`
--
ALTER TABLE `activity_log`
  ADD PRIMARY KEY (`id`),
  ADD KEY `activity_log_com_id_foreign` (`com_id`),
  ADD KEY `activity_log_branch_id_foreign` (`branch_id`),
  ADD KEY `activity_log_user_id_foreign` (`user_id`);

--
-- Indexes for table `addresses`
--
ALTER TABLE `addresses`
  ADD PRIMARY KEY (`id`);

--
-- Indexes for table `attendances`
--
ALTER TABLE `attendances`
  ADD PRIMARY KEY (`id`),
  ADD KEY `attendances_com_id_foreign` (`com_id`),
  ADD KEY `attendances_branch_id_foreign` (`branch_id`),
  ADD KEY `attendances_employee_id_foreign` (`employee_id`);

--
-- Indexes for table `attendance_deduction_policies`
--
ALTER TABLE `attendance_deduction_policies`
  ADD PRIMARY KEY (`id`),
  ADD KEY `attendance_deduction_policies_com_id_foreign` (`com_id`);

--
-- Indexes for table `attendance_log`
--
ALTER TABLE `attendance_log`
  ADD PRIMARY KEY (`id`),
  ADD KEY `attendance_log_com_id_foreign` (`com_id`),
  ADD KEY `attendance_log_branch_id_foreign` (`branch_id`),
  ADD KEY `attendance_log_employee_id_foreign` (`employee_id`);

--
-- Indexes for table `branches`
--
ALTER TABLE `branches`
  ADD PRIMARY KEY (`id`),
  ADD UNIQUE KEY `branches_email_unique` (`email`),
  ADD KEY `branches_com_id_foreign` (`com_id`);

--
-- Indexes for table `branch_settings`
--
ALTER TABLE `branch_settings`
  ADD PRIMARY KEY (`id`),
  ADD KEY `branch_settings_com_id_foreign` (`com_id`),
  ADD KEY `branch_settings_branch_id_foreign` (`branch_id`);

--
-- Indexes for table `companies`
--
ALTER TABLE `companies`
  ADD PRIMARY KEY (`id`),
  ADD UNIQUE KEY `companies_email_unique` (`email`);

--
-- Indexes for table `company_settings`
--
ALTER TABLE `company_settings`
  ADD PRIMARY KEY (`id`),
  ADD KEY `company_settings_com_id_foreign` (`com_id`);

--
-- Indexes for table `countries`
--
ALTER TABLE `countries`
  ADD PRIMARY KEY (`id`),
  ADD KEY `countries_timezone_id_foreign` (`timezone_id`),
  ADD KEY `countries_currency_id_foreign` (`currency_id`);

--
-- Indexes for table `currencies`
--
ALTER TABLE `currencies`
  ADD PRIMARY KEY (`id`);

--
-- Indexes for table `departments`
--
ALTER TABLE `departments`
  ADD PRIMARY KEY (`id`),
  ADD KEY `departments_com_id_foreign` (`com_id`);

--
-- Indexes for table `designations`
--
ALTER TABLE `designations`
  ADD PRIMARY KEY (`id`),
  ADD KEY `designations_com_id_foreign` (`com_id`),
  ADD KEY `designations_department_id_foreign` (`department_id`);

--
-- Indexes for table `documents`
--
ALTER TABLE `documents`
  ADD PRIMARY KEY (`id`);

--
-- Indexes for table `employees`
--
ALTER TABLE `employees`
  ADD PRIMARY KEY (`id`),
  ADD UNIQUE KEY `employees_email_unique` (`email`),
  ADD KEY `employees_com_id_foreign` (`com_id`),
  ADD KEY `employees_branch_id_foreign` (`branch_id`);

--
-- Indexes for table `employee_educations`
--
ALTER TABLE `employee_educations`
  ADD PRIMARY KEY (`id`),
  ADD KEY `employee_educations_employee_id_foreign` (`employee_id`);

--
-- Indexes for table `employee_types`
--
ALTER TABLE `employee_types`
  ADD PRIMARY KEY (`id`),
  ADD KEY `employee_types_com_id_foreign` (`com_id`);

--
-- Indexes for table `failed_jobs`
--
ALTER TABLE `failed_jobs`
  ADD PRIMARY KEY (`id`),
  ADD UNIQUE KEY `failed_jobs_uuid_unique` (`uuid`);

--
-- Indexes for table `holidays`
--
ALTER TABLE `holidays`
  ADD PRIMARY KEY (`id`),
  ADD KEY `holidays_com_id_foreign` (`com_id`);

--
-- Indexes for table `images`
--
ALTER TABLE `images`
  ADD PRIMARY KEY (`id`);

--
-- Indexes for table `in_out_logs`
--
ALTER TABLE `in_out_logs`
  ADD PRIMARY KEY (`id`);

--
-- Indexes for table `jobs`
--
ALTER TABLE `jobs`
  ADD PRIMARY KEY (`id`),
  ADD KEY `jobs_queue_index` (`queue`);

--
-- Indexes for table `leave_applications`
--
ALTER TABLE `leave_applications`
  ADD PRIMARY KEY (`id`),
  ADD KEY `leave_applications_com_id_foreign` (`com_id`),
  ADD KEY `leave_applications_branch_id_foreign` (`branch_id`),
  ADD KEY `leave_applications_type_id_foreign` (`type_id`),
  ADD KEY `leave_applications_employee_id_foreign` (`employee_id`);

--
-- Indexes for table `leave_policies`
--
ALTER TABLE `leave_policies`
  ADD PRIMARY KEY (`id`),
  ADD KEY `leave_policies_com_id_foreign` (`com_id`);

--
-- Indexes for table `leave_types`
--
ALTER TABLE `leave_types`
  ADD PRIMARY KEY (`id`),
  ADD KEY `leave_types_com_id_foreign` (`com_id`);

--
-- Indexes for table `menu`
--
ALTER TABLE `menu`
  ADD PRIMARY KEY (`id`),
  ADD KEY `menu_submodule_id_foreign` (`submodule_id`);

--
-- Indexes for table `migrations`
--
ALTER TABLE `migrations`
  ADD PRIMARY KEY (`id`);

--
-- Indexes for table `modules`
--
ALTER TABLE `modules`
  ADD PRIMARY KEY (`id`);

--
-- Indexes for table `notifications`
--
ALTER TABLE `notifications`
  ADD PRIMARY KEY (`id`),
  ADD KEY `notifications_notifiable_type_notifiable_id_index` (`notifiable_type`,`notifiable_id`);

--
-- Indexes for table `password_resets`
--
ALTER TABLE `password_resets`
  ADD KEY `password_resets_email_index` (`email`);

--
-- Indexes for table `personal_access_tokens`
--
ALTER TABLE `personal_access_tokens`
  ADD PRIMARY KEY (`id`),
  ADD UNIQUE KEY `personal_access_tokens_token_unique` (`token`),
  ADD KEY `personal_access_tokens_tokenable_type_tokenable_id_index` (`tokenable_type`,`tokenable_id`);

--
-- Indexes for table `profiles`
--
ALTER TABLE `profiles`
  ADD PRIMARY KEY (`id`),
  ADD UNIQUE KEY `profiles_email_unique` (`email`),
  ADD KEY `profiles_com_id_foreign` (`com_id`),
  ADD KEY `profiles_branch_id_foreign` (`branch_id`);

--
-- Indexes for table `roles`
--
ALTER TABLE `roles`
  ADD PRIMARY KEY (`id`);

--
-- Indexes for table `role_permissions`
--
ALTER TABLE `role_permissions`
  ADD PRIMARY KEY (`id`),
  ADD KEY `role_permissions_role_id_foreign` (`role_id`);

--
-- Indexes for table `salaries`
--
ALTER TABLE `salaries`
  ADD PRIMARY KEY (`id`),
  ADD KEY `salaries_salary_rule_id_foreign` (`salary_rule_id`),
  ADD KEY `salaries_com_id_foreign` (`com_id`),
  ADD KEY `salaries_branch_id_foreign` (`branch_id`),
  ADD KEY `salaries_employee_id_foreign` (`employee_id`);

--
-- Indexes for table `salary_rules`
--
ALTER TABLE `salary_rules`
  ADD PRIMARY KEY (`id`),
  ADD KEY `salary_rules_com_id_foreign` (`com_id`),
  ADD KEY `salary_rules_designation_id_foreign` (`designation_id`);

--
-- Indexes for table `salary_rule_structures`
--
ALTER TABLE `salary_rule_structures`
  ADD PRIMARY KEY (`id`),
  ADD KEY `salary_rule_structures_salary_rule_id_foreign` (`salary_rule_id`),
  ADD KEY `salary_rule_structures_salary_structure_id_foreign` (`salary_structure_id`);

--
-- Indexes for table `salary_structures`
--
ALTER TABLE `salary_structures`
  ADD PRIMARY KEY (`id`),
  ADD KEY `salary_structures_com_id_foreign` (`com_id`);

--
-- Indexes for table `shifts`
--
ALTER TABLE `shifts`
  ADD PRIMARY KEY (`id`),
  ADD KEY `shifts_com_id_foreign` (`com_id`);

--
-- Indexes for table `sms_gateway`
--
ALTER TABLE `sms_gateway`
  ADD PRIMARY KEY (`id`);

--
-- Indexes for table `sms_log`
--
ALTER TABLE `sms_log`
  ADD PRIMARY KEY (`id`),
  ADD KEY `sms_log_com_id_foreign` (`com_id`),
  ADD KEY `sms_log_branch_id_foreign` (`branch_id`),
  ADD KEY `sms_log_employee_id_foreign` (`employee_id`);

--
-- Indexes for table `submodules`
--
ALTER TABLE `submodules`
  ADD PRIMARY KEY (`id`),
  ADD KEY `submodules_module_id_foreign` (`module_id`);

--
-- Indexes for table `system_settings`
--
ALTER TABLE `system_settings`
  ADD PRIMARY KEY (`id`);

--
-- Indexes for table `taxes`
--
ALTER TABLE `taxes`
  ADD PRIMARY KEY (`id`),
  ADD KEY `taxes_com_id_foreign` (`com_id`);

--
-- Indexes for table `timezones`
--
ALTER TABLE `timezones`
  ADD PRIMARY KEY (`id`);

--
-- Indexes for table `users`
--
ALTER TABLE `users`
  ADD PRIMARY KEY (`id`),
  ADD UNIQUE KEY `users_email_unique` (`email`),
  ADD KEY `users_com_id_foreign` (`com_id`),
  ADD KEY `users_branch_id_foreign` (`branch_id`),
  ADD KEY `users_department_id_foreign` (`department_id`),
  ADD KEY `users_role_id_foreign` (`role_id`),
  ADD KEY `users_profile_id_foreign` (`profile_id`),
  ADD KEY `users_employee_id_foreign` (`employee_id`);

--
-- Indexes for table `zkteco_devices`
--
ALTER TABLE `zkteco_devices`
  ADD PRIMARY KEY (`id`);

--
-- AUTO_INCREMENT for dumped tables
--

--
-- AUTO_INCREMENT for table `activity_log`
--
ALTER TABLE `activity_log`
  MODIFY `id` bigint(20) UNSIGNED NOT NULL AUTO_INCREMENT;

--
-- AUTO_INCREMENT for table `addresses`
--
ALTER TABLE `addresses`
  MODIFY `id` bigint(20) UNSIGNED NOT NULL AUTO_INCREMENT;

--
-- AUTO_INCREMENT for table `attendances`
--
ALTER TABLE `attendances`
  MODIFY `id` bigint(20) UNSIGNED NOT NULL AUTO_INCREMENT, AUTO_INCREMENT=1231;

--
-- AUTO_INCREMENT for table `attendance_deduction_policies`
--
ALTER TABLE `attendance_deduction_policies`
  MODIFY `id` bigint(20) UNSIGNED NOT NULL AUTO_INCREMENT, AUTO_INCREMENT=3;

--
-- AUTO_INCREMENT for table `attendance_log`
--
ALTER TABLE `attendance_log`
  MODIFY `id` bigint(20) UNSIGNED NOT NULL AUTO_INCREMENT;

--
-- AUTO_INCREMENT for table `branches`
--
ALTER TABLE `branches`
  MODIFY `id` bigint(20) UNSIGNED NOT NULL AUTO_INCREMENT, AUTO_INCREMENT=2;

--
-- AUTO_INCREMENT for table `branch_settings`
--
ALTER TABLE `branch_settings`
  MODIFY `id` bigint(20) UNSIGNED NOT NULL AUTO_INCREMENT, AUTO_INCREMENT=2;

--
-- AUTO_INCREMENT for table `companies`
--
ALTER TABLE `companies`
  MODIFY `id` bigint(20) UNSIGNED NOT NULL AUTO_INCREMENT, AUTO_INCREMENT=2;

--
-- AUTO_INCREMENT for table `company_settings`
--
ALTER TABLE `company_settings`
  MODIFY `id` bigint(20) UNSIGNED NOT NULL AUTO_INCREMENT, AUTO_INCREMENT=2;

--
-- AUTO_INCREMENT for table `countries`
--
ALTER TABLE `countries`
  MODIFY `id` int(10) UNSIGNED NOT NULL AUTO_INCREMENT, AUTO_INCREMENT=895;

--
-- AUTO_INCREMENT for table `currencies`
--
ALTER TABLE `currencies`
  MODIFY `id` int(10) UNSIGNED NOT NULL AUTO_INCREMENT, AUTO_INCREMENT=178;

--
-- AUTO_INCREMENT for table `departments`
--
ALTER TABLE `departments`
  MODIFY `id` bigint(20) UNSIGNED NOT NULL AUTO_INCREMENT, AUTO_INCREMENT=3;

--
-- AUTO_INCREMENT for table `designations`
--
ALTER TABLE `designations`
  MODIFY `id` bigint(20) UNSIGNED NOT NULL AUTO_INCREMENT, AUTO_INCREMENT=3;

--
-- AUTO_INCREMENT for table `documents`
--
ALTER TABLE `documents`
  MODIFY `id` bigint(20) UNSIGNED NOT NULL AUTO_INCREMENT;

--
-- AUTO_INCREMENT for table `employees`
--
ALTER TABLE `employees`
  MODIFY `id` bigint(20) UNSIGNED NOT NULL AUTO_INCREMENT, AUTO_INCREMENT=11;

--
-- AUTO_INCREMENT for table `employee_educations`
--
ALTER TABLE `employee_educations`
  MODIFY `id` bigint(20) UNSIGNED NOT NULL AUTO_INCREMENT;

--
-- AUTO_INCREMENT for table `employee_types`
--
ALTER TABLE `employee_types`
  MODIFY `id` bigint(20) UNSIGNED NOT NULL AUTO_INCREMENT, AUTO_INCREMENT=3;

--
-- AUTO_INCREMENT for table `failed_jobs`
--
ALTER TABLE `failed_jobs`
  MODIFY `id` bigint(20) UNSIGNED NOT NULL AUTO_INCREMENT;

--
-- AUTO_INCREMENT for table `holidays`
--
ALTER TABLE `holidays`
  MODIFY `id` bigint(20) UNSIGNED NOT NULL AUTO_INCREMENT, AUTO_INCREMENT=53;

--
-- AUTO_INCREMENT for table `images`
--
ALTER TABLE `images`
  MODIFY `id` bigint(20) UNSIGNED NOT NULL AUTO_INCREMENT, AUTO_INCREMENT=6;

--
-- AUTO_INCREMENT for table `in_out_logs`
--
ALTER TABLE `in_out_logs`
  MODIFY `id` bigint(20) UNSIGNED NOT NULL AUTO_INCREMENT;

--
-- AUTO_INCREMENT for table `jobs`
--
ALTER TABLE `jobs`
  MODIFY `id` bigint(20) UNSIGNED NOT NULL AUTO_INCREMENT;

--
-- AUTO_INCREMENT for table `leave_applications`
--
ALTER TABLE `leave_applications`
  MODIFY `id` bigint(20) UNSIGNED NOT NULL AUTO_INCREMENT, AUTO_INCREMENT=51;

--
-- AUTO_INCREMENT for table `leave_policies`
--
ALTER TABLE `leave_policies`
  MODIFY `id` bigint(20) UNSIGNED NOT NULL AUTO_INCREMENT, AUTO_INCREMENT=4;

--
-- AUTO_INCREMENT for table `leave_types`
--
ALTER TABLE `leave_types`
  MODIFY `id` bigint(20) UNSIGNED NOT NULL AUTO_INCREMENT, AUTO_INCREMENT=6;

--
-- AUTO_INCREMENT for table `menu`
--
ALTER TABLE `menu`
  MODIFY `id` bigint(20) UNSIGNED NOT NULL AUTO_INCREMENT, AUTO_INCREMENT=165;

--
-- AUTO_INCREMENT for table `migrations`
--
ALTER TABLE `migrations`
  MODIFY `id` int(10) UNSIGNED NOT NULL AUTO_INCREMENT, AUTO_INCREMENT=28;

--
-- AUTO_INCREMENT for table `modules`
--
ALTER TABLE `modules`
  MODIFY `id` bigint(20) UNSIGNED NOT NULL AUTO_INCREMENT, AUTO_INCREMENT=12;

--
-- AUTO_INCREMENT for table `personal_access_tokens`
--
ALTER TABLE `personal_access_tokens`
  MODIFY `id` bigint(20) UNSIGNED NOT NULL AUTO_INCREMENT;

--
-- AUTO_INCREMENT for table `profiles`
--
ALTER TABLE `profiles`
  MODIFY `id` bigint(20) UNSIGNED NOT NULL AUTO_INCREMENT, AUTO_INCREMENT=3;

--
-- AUTO_INCREMENT for table `roles`
--
ALTER TABLE `roles`
  MODIFY `id` bigint(20) UNSIGNED NOT NULL AUTO_INCREMENT, AUTO_INCREMENT=5;

--
-- AUTO_INCREMENT for table `role_permissions`
--
ALTER TABLE `role_permissions`
  MODIFY `id` bigint(20) UNSIGNED NOT NULL AUTO_INCREMENT, AUTO_INCREMENT=449;

--
-- AUTO_INCREMENT for table `salaries`
--
ALTER TABLE `salaries`
  MODIFY `id` bigint(20) UNSIGNED NOT NULL AUTO_INCREMENT;

--
-- AUTO_INCREMENT for table `salary_rules`
--
ALTER TABLE `salary_rules`
  MODIFY `id` bigint(20) UNSIGNED NOT NULL AUTO_INCREMENT;

--
-- AUTO_INCREMENT for table `salary_rule_structures`
--
ALTER TABLE `salary_rule_structures`
  MODIFY `id` bigint(20) UNSIGNED NOT NULL AUTO_INCREMENT;

--
-- AUTO_INCREMENT for table `salary_structures`
--
ALTER TABLE `salary_structures`
  MODIFY `id` bigint(20) UNSIGNED NOT NULL AUTO_INCREMENT, AUTO_INCREMENT=7;

--
-- AUTO_INCREMENT for table `shifts`
--
ALTER TABLE `shifts`
  MODIFY `id` bigint(20) UNSIGNED NOT NULL AUTO_INCREMENT, AUTO_INCREMENT=3;

--
-- AUTO_INCREMENT for table `sms_gateway`
--
ALTER TABLE `sms_gateway`
  MODIFY `id` bigint(20) UNSIGNED NOT NULL AUTO_INCREMENT, AUTO_INCREMENT=2;

--
-- AUTO_INCREMENT for table `sms_log`
--
ALTER TABLE `sms_log`
  MODIFY `id` bigint(20) UNSIGNED NOT NULL AUTO_INCREMENT;

--
-- AUTO_INCREMENT for table `submodules`
--
ALTER TABLE `submodules`
  MODIFY `id` bigint(20) UNSIGNED NOT NULL AUTO_INCREMENT, AUTO_INCREMENT=26;

--
-- AUTO_INCREMENT for table `system_settings`
--
ALTER TABLE `system_settings`
  MODIFY `id` bigint(20) UNSIGNED NOT NULL AUTO_INCREMENT, AUTO_INCREMENT=2;

--
-- AUTO_INCREMENT for table `taxes`
--
ALTER TABLE `taxes`
  MODIFY `id` bigint(20) UNSIGNED NOT NULL AUTO_INCREMENT, AUTO_INCREMENT=3;

--
-- AUTO_INCREMENT for table `timezones`
--
ALTER TABLE `timezones`
  MODIFY `id` int(10) UNSIGNED NOT NULL AUTO_INCREMENT, AUTO_INCREMENT=98;

--
-- AUTO_INCREMENT for table `users`
--
ALTER TABLE `users`
  MODIFY `id` bigint(20) UNSIGNED NOT NULL AUTO_INCREMENT, AUTO_INCREMENT=15;

--
-- AUTO_INCREMENT for table `zkteco_devices`
--
ALTER TABLE `zkteco_devices`
  MODIFY `id` bigint(20) UNSIGNED NOT NULL AUTO_INCREMENT;

--
-- Constraints for dumped tables
--

--
-- Constraints for table `activity_log`
--
ALTER TABLE `activity_log`
  ADD CONSTRAINT `activity_log_branch_id_foreign` FOREIGN KEY (`branch_id`) REFERENCES `branches` (`id`),
  ADD CONSTRAINT `activity_log_com_id_foreign` FOREIGN KEY (`com_id`) REFERENCES `companies` (`id`),
  ADD CONSTRAINT `activity_log_user_id_foreign` FOREIGN KEY (`user_id`) REFERENCES `users` (`id`);

--
-- Constraints for table `attendances`
--
ALTER TABLE `attendances`
  ADD CONSTRAINT `attendances_branch_id_foreign` FOREIGN KEY (`branch_id`) REFERENCES `branches` (`id`) ON DELETE NO ACTION,
  ADD CONSTRAINT `attendances_com_id_foreign` FOREIGN KEY (`com_id`) REFERENCES `companies` (`id`) ON DELETE NO ACTION,
  ADD CONSTRAINT `attendances_employee_id_foreign` FOREIGN KEY (`employee_id`) REFERENCES `employees` (`id`) ON DELETE NO ACTION;

--
-- Constraints for table `attendance_deduction_policies`
--
ALTER TABLE `attendance_deduction_policies`
  ADD CONSTRAINT `attendance_deduction_policies_com_id_foreign` FOREIGN KEY (`com_id`) REFERENCES `companies` (`id`) ON DELETE CASCADE;

--
-- Constraints for table `attendance_log`
--
ALTER TABLE `attendance_log`
  ADD CONSTRAINT `attendance_log_branch_id_foreign` FOREIGN KEY (`branch_id`) REFERENCES `branches` (`id`) ON DELETE NO ACTION,
  ADD CONSTRAINT `attendance_log_com_id_foreign` FOREIGN KEY (`com_id`) REFERENCES `companies` (`id`) ON DELETE NO ACTION,
  ADD CONSTRAINT `attendance_log_employee_id_foreign` FOREIGN KEY (`employee_id`) REFERENCES `employees` (`id`) ON DELETE NO ACTION;

--
-- Constraints for table `branches`
--
ALTER TABLE `branches`
  ADD CONSTRAINT `branches_com_id_foreign` FOREIGN KEY (`com_id`) REFERENCES `companies` (`id`) ON DELETE SET NULL;

--
-- Constraints for table `branch_settings`
--
ALTER TABLE `branch_settings`
  ADD CONSTRAINT `branch_settings_branch_id_foreign` FOREIGN KEY (`branch_id`) REFERENCES `branches` (`id`) ON DELETE CASCADE,
  ADD CONSTRAINT `branch_settings_com_id_foreign` FOREIGN KEY (`com_id`) REFERENCES `companies` (`id`) ON DELETE SET NULL;

--
-- Constraints for table `company_settings`
--
ALTER TABLE `company_settings`
  ADD CONSTRAINT `company_settings_com_id_foreign` FOREIGN KEY (`com_id`) REFERENCES `companies` (`id`) ON DELETE CASCADE;

--
-- Constraints for table `countries`
--
ALTER TABLE `countries`
  ADD CONSTRAINT `countries_currency_id_foreign` FOREIGN KEY (`currency_id`) REFERENCES `currencies` (`id`) ON DELETE SET NULL,
  ADD CONSTRAINT `countries_timezone_id_foreign` FOREIGN KEY (`timezone_id`) REFERENCES `timezones` (`id`) ON DELETE SET NULL;

--
-- Constraints for table `departments`
--
ALTER TABLE `departments`
  ADD CONSTRAINT `departments_com_id_foreign` FOREIGN KEY (`com_id`) REFERENCES `companies` (`id`) ON DELETE SET NULL;

--
-- Constraints for table `designations`
--
ALTER TABLE `designations`
  ADD CONSTRAINT `designations_com_id_foreign` FOREIGN KEY (`com_id`) REFERENCES `companies` (`id`) ON DELETE SET NULL,
  ADD CONSTRAINT `designations_department_id_foreign` FOREIGN KEY (`department_id`) REFERENCES `departments` (`id`) ON DELETE SET NULL;

--
-- Constraints for table `employees`
--
ALTER TABLE `employees`
  ADD CONSTRAINT `employees_branch_id_foreign` FOREIGN KEY (`branch_id`) REFERENCES `branches` (`id`) ON DELETE SET NULL,
  ADD CONSTRAINT `employees_com_id_foreign` FOREIGN KEY (`com_id`) REFERENCES `companies` (`id`) ON DELETE SET NULL;

--
-- Constraints for table `employee_educations`
--
ALTER TABLE `employee_educations`
  ADD CONSTRAINT `employee_educations_employee_id_foreign` FOREIGN KEY (`employee_id`) REFERENCES `employees` (`id`) ON DELETE CASCADE;

--
-- Constraints for table `employee_types`
--
ALTER TABLE `employee_types`
  ADD CONSTRAINT `employee_types_com_id_foreign` FOREIGN KEY (`com_id`) REFERENCES `companies` (`id`) ON DELETE SET NULL;

--
-- Constraints for table `holidays`
--
ALTER TABLE `holidays`
  ADD CONSTRAINT `holidays_com_id_foreign` FOREIGN KEY (`com_id`) REFERENCES `companies` (`id`) ON DELETE SET NULL;

--
-- Constraints for table `leave_applications`
--
ALTER TABLE `leave_applications`
  ADD CONSTRAINT `leave_applications_branch_id_foreign` FOREIGN KEY (`branch_id`) REFERENCES `branches` (`id`) ON DELETE NO ACTION,
  ADD CONSTRAINT `leave_applications_com_id_foreign` FOREIGN KEY (`com_id`) REFERENCES `companies` (`id`) ON DELETE NO ACTION,
  ADD CONSTRAINT `leave_applications_employee_id_foreign` FOREIGN KEY (`employee_id`) REFERENCES `employees` (`id`) ON DELETE NO ACTION,
  ADD CONSTRAINT `leave_applications_type_id_foreign` FOREIGN KEY (`type_id`) REFERENCES `leave_types` (`id`) ON DELETE NO ACTION;

--
-- Constraints for table `leave_policies`
--
ALTER TABLE `leave_policies`
  ADD CONSTRAINT `leave_policies_com_id_foreign` FOREIGN KEY (`com_id`) REFERENCES `companies` (`id`) ON DELETE CASCADE;

--
-- Constraints for table `leave_types`
--
ALTER TABLE `leave_types`
  ADD CONSTRAINT `leave_types_com_id_foreign` FOREIGN KEY (`com_id`) REFERENCES `companies` (`id`) ON DELETE SET NULL;

--
-- Constraints for table `menu`
--
ALTER TABLE `menu`
  ADD CONSTRAINT `menu_submodule_id_foreign` FOREIGN KEY (`submodule_id`) REFERENCES `submodules` (`id`);

--
-- Constraints for table `profiles`
--
ALTER TABLE `profiles`
  ADD CONSTRAINT `profiles_branch_id_foreign` FOREIGN KEY (`branch_id`) REFERENCES `branches` (`id`) ON DELETE SET NULL,
  ADD CONSTRAINT `profiles_com_id_foreign` FOREIGN KEY (`com_id`) REFERENCES `companies` (`id`) ON DELETE SET NULL;

--
-- Constraints for table `role_permissions`
--
ALTER TABLE `role_permissions`
  ADD CONSTRAINT `role_permissions_role_id_foreign` FOREIGN KEY (`role_id`) REFERENCES `roles` (`id`) ON DELETE CASCADE;

--
-- Constraints for table `salaries`
--
ALTER TABLE `salaries`
  ADD CONSTRAINT `salaries_branch_id_foreign` FOREIGN KEY (`branch_id`) REFERENCES `branches` (`id`) ON DELETE NO ACTION,
  ADD CONSTRAINT `salaries_com_id_foreign` FOREIGN KEY (`com_id`) REFERENCES `companies` (`id`) ON DELETE NO ACTION,
  ADD CONSTRAINT `salaries_employee_id_foreign` FOREIGN KEY (`employee_id`) REFERENCES `employees` (`id`) ON DELETE NO ACTION,
  ADD CONSTRAINT `salaries_salary_rule_id_foreign` FOREIGN KEY (`salary_rule_id`) REFERENCES `salary_rules` (`id`) ON DELETE NO ACTION;

--
-- Constraints for table `salary_rules`
--
ALTER TABLE `salary_rules`
  ADD CONSTRAINT `salary_rules_com_id_foreign` FOREIGN KEY (`com_id`) REFERENCES `companies` (`id`) ON DELETE NO ACTION,
  ADD CONSTRAINT `salary_rules_designation_id_foreign` FOREIGN KEY (`designation_id`) REFERENCES `designations` (`id`) ON DELETE NO ACTION;

--
-- Constraints for table `salary_rule_structures`
--
ALTER TABLE `salary_rule_structures`
  ADD CONSTRAINT `salary_rule_structures_salary_rule_id_foreign` FOREIGN KEY (`salary_rule_id`) REFERENCES `salary_rules` (`id`) ON DELETE CASCADE,
  ADD CONSTRAINT `salary_rule_structures_salary_structure_id_foreign` FOREIGN KEY (`salary_structure_id`) REFERENCES `salary_structures` (`id`) ON DELETE CASCADE;

--
-- Constraints for table `salary_structures`
--
ALTER TABLE `salary_structures`
  ADD CONSTRAINT `salary_structures_com_id_foreign` FOREIGN KEY (`com_id`) REFERENCES `companies` (`id`) ON DELETE NO ACTION;

--
-- Constraints for table `shifts`
--
ALTER TABLE `shifts`
  ADD CONSTRAINT `shifts_com_id_foreign` FOREIGN KEY (`com_id`) REFERENCES `companies` (`id`) ON DELETE SET NULL;

--
-- Constraints for table `sms_log`
--
ALTER TABLE `sms_log`
  ADD CONSTRAINT `sms_log_branch_id_foreign` FOREIGN KEY (`branch_id`) REFERENCES `branches` (`id`) ON DELETE SET NULL,
  ADD CONSTRAINT `sms_log_com_id_foreign` FOREIGN KEY (`com_id`) REFERENCES `companies` (`id`) ON DELETE SET NULL,
  ADD CONSTRAINT `sms_log_employee_id_foreign` FOREIGN KEY (`employee_id`) REFERENCES `employees` (`id`) ON DELETE SET NULL;

--
-- Constraints for table `submodules`
--
ALTER TABLE `submodules`
  ADD CONSTRAINT `submodules_module_id_foreign` FOREIGN KEY (`module_id`) REFERENCES `modules` (`id`);

--
-- Constraints for table `taxes`
--
ALTER TABLE `taxes`
  ADD CONSTRAINT `taxes_com_id_foreign` FOREIGN KEY (`com_id`) REFERENCES `companies` (`id`) ON DELETE SET NULL;

--
-- Constraints for table `users`
--
ALTER TABLE `users`
  ADD CONSTRAINT `users_branch_id_foreign` FOREIGN KEY (`branch_id`) REFERENCES `branches` (`id`) ON DELETE CASCADE,
  ADD CONSTRAINT `users_com_id_foreign` FOREIGN KEY (`com_id`) REFERENCES `companies` (`id`) ON DELETE CASCADE,
  ADD CONSTRAINT `users_department_id_foreign` FOREIGN KEY (`department_id`) REFERENCES `departments` (`id`) ON DELETE SET NULL,
  ADD CONSTRAINT `users_employee_id_foreign` FOREIGN KEY (`employee_id`) REFERENCES `employees` (`id`) ON DELETE CASCADE,
  ADD CONSTRAINT `users_profile_id_foreign` FOREIGN KEY (`profile_id`) REFERENCES `profiles` (`id`) ON DELETE CASCADE,
  ADD CONSTRAINT `users_role_id_foreign` FOREIGN KEY (`role_id`) REFERENCES `roles` (`id`) ON DELETE SET NULL;
COMMIT;

/*!40101 SET CHARACTER_SET_CLIENT=@OLD_CHARACTER_SET_CLIENT */;
/*!40101 SET CHARACTER_SET_RESULTS=@OLD_CHARACTER_SET_RESULTS */;
/*!40101 SET COLLATION_CONNECTION=@OLD_COLLATION_CONNECTION */;
